fitter,t0,t1,t_mid,n_events,n,se_n,mu_mean,converged,condition_number,beta_exp,alpha,timescales,edge_window,loglik_per_event,gain_over_poisson_per_event,ks_stat,ks_p,lb_stat,lb_p,dispersion_z,dispersion_p,heldout_gain_over_poisson_per_event,heldout_gain_kernel_only_per_event,heldout_n_events,boot_n,boot_mean,boot_sd,boot_lo,boot_hi
exp_const,34200.0,34800.0,34500.0,2800,0.36712528218363494,0.012020971959631487,2.953415349809704,True,1.1551167694915987,289.0771177788877,0.36713,3.46e-03,True,1.329673033394219,0.78922799244707,0.06752307205992732,1.522201844001458e-11,66.25105099949546,2.3345053665132936e-10,6.4499216994384145,1.1190795400504289e-10,1.001004248210541,0.9991907235564861,2441,100,0.3661024933494447,0.01144255276434264,0.3422817883267796,0.3860032891333519
exp_const,34500.0,35100.0,34800.0,2415,0.3588211094499706,0.012744107232919051,2.58074503446385,True,1.138902621673323,287.43572652978213,0.35882,3.48e-03,True,1.22234697721207,0.8298220663415431,0.07202071106572563,2.4442033940303868e-11,87.19718993530677,1.922172583342718e-14,6.960540529737324,3.3896962214837152e-12,0.9817649885658902,0.9825437620123612,2317,100,0.35631140891952134,0.012359296915674578,0.3321208395757604,0.378720780324746
exp_const,34800.0,35400.0,35100.0,2441,0.34465660686598976,0.012260723447586684,2.6661553710668713,True,1.0935737268290526,548.9892617875897,0.34466,1.82e-03,True,1.4151379074080697,1.011904492231256,0.07272123971326316,1.1355174910588883e-11,84.170209359899,7.60701938144599e-14,8.831485124700292,1.032949364039522e-18,1.1776369284376789,1.134360693638626,3575,100,0.34615393386319954,0.010748662146669436,0.3260136312008959,0.3663952032616776
exp_const,35100.0,35700.0,35400.0,2317,0.362723398021417,0.012956926848482733,2.4609498113072887,True,1.1090086154205854,390.58073071757667,0.36272,2.56e-03,False,1.3382755402583209,0.9871766710420912,0.06635103425316785,2.593676202116454e-09,37.772589673021166,4.1570938001908293e-05,6.674177591039084,2.4862240403408346e-11,1.2555684754042338,1.0817343727773596,5373,100,0.36246399745462987,0.012911572044917134,0.34072566853713204,0.38662952678436807
exp_const,35400.0,36000.0,35700.0,3575,0.40420373678556504,0.010966696570920136,3.5499527349860123,True,1.1048695739891254,591.7480713633319,0.40420,1.69e-03,False,1.9246480856042798,1.1398572856923181,0.06925800550006313,2.3513011561748647e-15,211.50562162588906,6.3925675986979965e-40,14.266736990219641,3.526993805994616e-46,1.1237447271356396,1.071598417650291,5736,100,0.4038060799310468,0.011193000389097478,0.37992454530724196,0.4262581993815248
exp_const,35700.0,36300.0,36000.0,5373,0.3772731988345329,0.008591943192227013,5.576518559904143,True,1.0798268690688002,1400.1574576096848,0.37727,7.14e-04,False,2.3287663501496105,1.1365543146369355,0.07916543301421608,9.77219483752833e-30,245.59775957032525,4.570372290292982e-47,19.764443622214593,6.025904408073785e-87,1.0954122193790503,1.0851058892145353,4495,100,0.37650651577625505,0.007983702506619075,0.35891471349050463,0.39139275424990594
exp_const,36000.0,36600.0,36300.0,5736,0.3601243724864886,0.008109215202746349,6.117211005360475,True,1.0710240115322875,1827.7969459264825,0.36012,5.47e-04,False,2.3653796069181228,1.1077918798548128,0.09550796096956404,5.442118105894542e-46,273.3960381404011,6.433434861540832e-53,21.793178212510153,2.6929670219001354e-105,1.107214715250759,1.0519365615340412,3717,100,0.36078415112697465,0.00774037626287916,0.3458763129537458,0.37528137222463265
exp_const,36300.0,36900.0,36600.0,4495,0.34706790102057283,0.008990559625113146,4.891549642636668,True,1.0682160404714083,1569.926961565864,0.34707,6.37e-04,False,2.1002315039450035,1.0864402122554293,0.10290484281408474,6.777178217335602e-42,207.7789879572665,3.839923589535277e-39,19.579036716879717,2.3339237668759922e-85,1.2547963444361172,1.2531522277394282,3857,100,0.34753068462963277,0.009001783113424663,0.33197570113513875,0.3622451610472116
exp_const,36600.0,37200.0,36900.0,3717,0.33608237561056925,0.00973703021689629,4.112969562249834,True,1.0689874058237419,1346.4150651766943,0.33608,7.43e-04,False,1.88168451819086,1.0579420031097542,0.09482099486159024,1.5454237489280026e-29,106.6324382027363,2.5437331872963877e-18,16.609256836485468,5.972856268464769e-62,1.2788335632916754,1.2818320423429899,3500,100,0.33535461676385525,0.010790969892898418,0.31337319191213275,0.3577004121676053
exp_const,36900.0,37500.0,37200.0,3857,0.3736597230627133,0.010058267598934847,4.026324080245199,True,1.0683367769223988,1326.0918904359467,0.37366,7.54e-04,False,2.115539400632691,1.2548240976406093,0.09057911919401584,5.488442850347211e-28,131.38730758726666,2.4340684337030037e-23,18.370987814749675,2.242922981889805e-75,1.056260392003576,1.0406645718654275,3131,100,0.3738504098178377,0.010954837276410799,0.3524524504238464,0.3931877556813438
exp_const,37200.0,37800.0,37500.0,3500,0.41994544976585296,0.011261443625057958,3.383651543032517,True,1.0968919735394547,704.4408317406328,0.41995,1.42e-03,False,2.0595024798252513,1.2959138875638927,0.08557491184532742,9.520856454997418e-23,115.2470443894993,4.648081889591222e-20,11.325199507069355,9.845445735896669e-30,1.0297963047662957,0.9653454188914575,2371,100,0.4191329073142685,0.011317768451685062,0.3940078358214493,0.4385881951474727
exp_const,37500.0,38100.0,37800.0,3131,0.39420157857745725,0.011595414703638425,3.1612580964424377,True,1.109440519300477,515.3446592184579,0.39420,1.94e-03,False,1.7204943837240783,1.0683163176138188,0.07922633435092458,1.5319869258081545e-17,58.910811617151495,5.821744251450751e-09,6.178444819972457,6.47361064791502e-10,0.960364324739996,0.9273412559860724,2334,100,0.3921177485100836,0.011949322930053644,0.36850858098941086,0.4146197614589642
exp_const,37800.0,38400.0,38100.0,2371,0.30549066748830755,0.01162061613925271,2.744469378975369,True,1.063599705464264,1106.2287435228857,0.30549,9.04e-04,False,1.353505332305921,0.9793679014566619,0.07506421519893836,4.58847133433377e-12,126.8436850965401,2.0549709844029626e-22,7.0600670614446095,1.6642226830261206e-12,0.9503164693640235,0.9450944270109392,2876,100,0.30475519015955543,0.01166387069221555,0.2836960651008191,0.3268186824631081
exp_const,38100.0,38700.0,38400.0,2334,0.28854342634132596,0.01135061055657917,2.767566074139964,True,1.0535345650222872,1261.0842328025522,0.28854,7.93e-04,False,1.3070658973891287,0.9486567397587735,0.10273056913487222,6.724579339804028e-22,148.4840881095506,7.641688642876627e-27,9.755494644388085,1.7474669497026107e-22,1.1920037347305914,1.177013710459576,2850,100,0.2876226994442016,0.011198564071341115,0.26842798604364587,0.3107178776268906
exp_const,38400.0,39000.0,38700.0,2876,0.3028623054579128,0.010520589849707553,3.3416133491717375,True,1.0671051486012744,1118.337697440254,0.30286,8.94e-04,False,1.5123312129116868,0.9451051492868959,0.11697398259565484,9.643152543255913e-35,128.84665879530496,8.028674146641977e-23,13.836589345254303,1.5331003453144703e-43,1.3236738748786612,1.336548152505835,2530,100,0.303051187208272,0.010943450075264325,0.28422956589066295,0.32134903213984983
exp_const,38700.0,39300.0,39000.0,2850,0.45149027300845307,0.013020047104685144,2.6054210601972825,True,1.1271495584423994,320.94815350653755,0.45149,3.12e-03,False,1.7695977537328293,1.2114531356862797,0.10828075005193843,1.4840479283992156e-29,133.8065744636037,7.801884649277603e-24,7.672365449868656,1.6885304615343115e-14,1.3906600107344036,1.3894468913348166,2443,100,0.4504529103692307,0.012367320328538139,0.42655976039581595,0.4720161803369877
exp_const,39000.0,39600.0,39300.0,2530,0.47387188775735184,0.014045216239468326,2.2185068732898277,True,1.1009969705724787,345.0742264362643,0.47387,2.90e-03,False,1.8271294436065721,1.3880845171011527,0.10673235319709627,1.4950522192971383e-25,127.13325262105184,1.794005695406159e-22,5.959174876796558,2.535146946552539e-09,1.3450075061465887,1.3449780857813525,2624,100,0.47569953946575055,0.016228530355555642,0.44422788726913187,0.5059361004900511
exp_const,39300.0,39900.0,39600.0,2443,0.47911172491675963,0.014365192666077541,2.1208834267139274,True,1.1001741890224785,328.65850948706105,0.47911,3.04e-03,False,1.794402295600677,1.390349879559083,0.10773895294821996,3.7755159511836904e-25,71.83720050631511,1.956582774009465e-11,5.182903426111339,2.1845816826602085e-07,1.3283374367313077,1.3294167067594613,2548,100,0.47583989577749863,0.013165059028161747,0.4501128490641794,0.49984987000164527
exp_const,39600.0,40200.0,39900.0,2624,0.44064283761780054,0.013338709356731203,2.446255323484814,True,1.1055985099780903,491.7079117018144,0.44064,2.03e-03,False,1.8242590858188767,1.3487335909710436,0.10186653769764031,3.698836588673631e-24,89.5601656553078,6.546824806840754e-15,7.230921557896219,4.797274007300026e-13,1.3966869907241988,1.3636700171649832,1914,100,0.44106935072616993,0.013552591455212598,0.41927313692148793,0.46682365736128406
exp_const,39900.0,40500.0,40200.0,2548,0.38218297153237596,0.012465305169414263,2.6236629808925134,True,1.0564870024582984,1076.8989874766457,0.38218,9.29e-04,False,1.8072102524920293,1.3610758910161216,0.07924694143073507,2.2958785484127325e-14,153.36709412034372,7.556187016428362e-28,9.893785528790232,4.429539744615784e-23,1.1716803685833965,1.080455305857479,1531,100,0.3828503472257678,0.013253348480791254,0.3581909627346146,0.4082117307182515
exp_const,40200.0,40800.0,40500.0,1914,0.3782921840061468,0.014311901919308173,1.98324793302038,True,1.0566714221121887,947.5783512510033,0.37829,1.06e-03,False,1.5374301361919933,1.37740921939524,0.08537249603416704,1.3837195671479128e-12,117.29081270916531,1.7925401395257815e-20,5.313428537816104,1.0758163656338964e-07,1.1256382475984028,1.1070241275907462,1551,100,0.3772708618921941,0.014415681384477307,0.34815649692650374,0.4022098196796675
exp_const,40500.0,41100.0,40800.0,1531,0.33177055480108614,0.015053303419999305,1.7050988009992307,True,1.0642576996954944,721.9944735182911,0.33177,1.39e-03,False,1.0292596379418986,1.092512897500361,0.08162288367589388,2.546196598760206e-09,34.54627237171003,0.00014919056847109808,3.525656078730331,0.00042243517162229773,1.05635364785514,1.0502831180958165,1858,100,0.3318044527464514,0.013958018323982344,0.3078231737704638,0.35803419345920895
exp_const,40800.0,41400.0,41100.0,1551,0.3183658508462019,0.014629668424173804,1.7620242755625737,True,1.0582264566117352,947.454136487334,0.31837,1.06e-03,False,1.0615785171811258,1.1118530092207333,0.08035243866043938,3.7012683711141887e-09,47.81888144016804,6.697589864789279e-07,5.569254786266726,2.5583115553931068e-08,0.9696371839308283,0.9697987224719382,1745,100,0.3175083359590275,0.013172204112767351,0.29383881799054656,0.3462637113850573
exp_const,41100.0,41700.0,41400.0,1858,0.3170941403145892,0.01335884946743804,2.1147318120690493,True,1.0621044266740602,954.1918684587673,0.31709,1.05e-03,False,1.1824533800593813,1.0521271159017438,0.08353441981757115,9.982833940006127e-12,129.28333951330328,6.540388831103985e-23,8.327762351175876,8.238468468895385e-17,1.0316637702883018,0.9893873587715442,1263,100,0.31755103714150423,0.013424317193361818,0.2914335732071807,0.34339082355125455
exp_const,41400.0,42000.0,41700.0,1745,0.3164345974954163,0.013843130879632494,1.988036045617497,True,1.0770344597054256,670.3261713816581,0.31643,1.49e-03,False,1.0401627062656462,0.9725825268452651,0.08236479245777073,9.56150825801546e-11,139.40070705728675,5.59148474596524e-25,7.812598060011991,5.602102767786065e-15,1.3269675708533122,1.3295599011014072,1390,100,0.3190443177526834,0.013283262886976739,0.29223656784221025,0.3433344224034169
exp_const,41700.0,42300.0,42000.0,1263,0.2641081102671279,0.014697225660132504,1.549052427887694,True,1.0394141204568408,1311.468436343415,0.26411,7.63e-04,False,0.740606281467728,0.9962908143333833,0.07015691614207153,7.518918595974091e-06,24.2718895686151,0.0069105083931410224,3.7704238839376396,0.0001629705038683049,1.2335447784139182,1.2269353397810416,1429,100,0.26350733137564714,0.01323405604149043,0.23750262614040815,0.2896379508254391
exp_const,42000.0,42600.0,42300.0,1390,0.36359639146242123,0.01646871689072086,1.4743350264453878,True,1.0556435187535735,678.840393793989,0.36360,1.47e-03,False,1.173001083373338,1.332871712464747,0.09706470007025654,7.511530696004703e-12,55.177916935831476,2.925361638798808e-08,3.9410226247976463,8.113497223258053e-05,0.9416665889959188,0.9346003951059437,1237,100,0.361092113384597,0.01510098831026848,0.3283219389202505,0.3888951372341498
exp_const,42300.0,42900.0,42600.0,1429,0.3903133062442893,0.01696706196019903,1.4520704756281826,True,1.086290640046984,356.92832014185234,0.39031,2.80e-03,False,1.1193417286169065,1.2515412059031854,0.10379507672520397,7.390220956357463e-14,71.41330260879586,2.3635670653361502e-11,4.9772894943353325,6.448084660085103e-07,1.2632617920741034,1.2629860004313447,1393,100,0.38854705551228447,0.01671978863292559,0.3510002737021241,0.4149177388981464
exp_const,42600.0,43200.0,42900.0,1237,0.23710806690367442,0.014080951980722723,1.5728288687336012,True,1.038226666940091,2117.623115508552,0.23711,4.72e-04,False,0.7070084948092843,0.9834937776329429,0.1110412730127493,9.694720740166006e-14,41.96065625872167,7.620518341216192e-06,5.597584992039315,2.173583019734254e-08,1.6123271370886547,1.540921104858196,1934,100,0.23845530399784953,0.013572968028141279,0.21521655591938094,0.263420794211883
exp_const,42900.0,43500.0,43200.0,1393,0.3188246257363654,0.015323417617154986,1.5814621605820722,True,1.035411413380113,1480.5883900568538,0.31882,6.75e-04,False,1.1567568818348046,1.314471563271145,0.08419710182602913,4.863280929276486e-09,67.83260505979445,1.1599911244264838e-10,6.4584318731229,1.0579346914082539e-10,1.4130382405111521,1.391122187279879,1833,100,0.31924115791509,0.014772405943038145,0.29267946440756476,0.3539766828017362
exp_const,43200.0,43800.0,43500.0,1934,0.44091721529678823,0.015333437533122945,1.8021101760266887,True,1.0555541117412464,661.2687247097175,0.44092,1.51e-03,False,1.8281603866582434,1.6577443658611501,0.0867995331206428,3.97887499046907e-13,182.79761492306676,6.1484557229703256e-34,8.616010175377406,6.9327599610451596e-18,1.1565462117570358,1.069938262156986,1270,100,0.4456698397179762,0.013389018669414797,0.4223203283840995,0.4704688541725875
exp_const,43500.0,44100.0,43800.0,1833,0.3922014019594877,0.01485415587954537,1.8568247170137633,True,1.050120361280046,703.9584427834228,0.39220,1.42e-03,False,1.5431036113992531,1.4263240187756945,0.07396617112352746,3.626749535850042e-09,208.57967240269465,2.6125954858820765e-39,6.728879800619862,1.709742153272145e-11,1.263946896349035,1.1653582454518812,1086,100,0.39267905043893975,0.016998758791208306,0.36339702678306424,0.42340763716167584
exp_const,43800.0,44400.0,44100.0,1270,0.2845854137159142,0.015215837530432937,1.5142942076325974,True,1.0417816182434252,1240.1333525258708,0.28459,8.06e-04,False,0.8638071342054796,1.1139646099689893,0.0667732571255184,2.2869531467275415e-05,86.18401447222837,3.047803729011622e-14,4.396853631532339,1.0983135449052387e-05,0.8703313840691649,0.8252710348498697,849,100,0.28271490388111287,0.015385423443533257,0.24851687037336498,0.31121547694202023
exp_const,44100.0,44700.0,44400.0,1086,0.3385055405500219,0.018061407123925007,1.1973049716044628,True,1.0665028738982874,488.6514850239892,0.33851,2.05e-03,False,0.7703259172147754,1.1769990719370411,0.08559081149134809,2.2698422452749502e-07,60.236348254248796,3.2695631635030326e-09,1.9541706779719359,0.05068103576673364,1.2538790540921796,1.2461692532437838,885,100,0.3356917696362293,0.017636701583766155,0.30352154956082805,0.3696330484880021
exp_const,44400.0,45000.0,44700.0,849,0.30078326763874186,0.0193329071122326,0.9893916762911815,True,1.0719074767593157,309.79913776180126,0.30078,3.23e-03,False,0.24445130638984053,0.8973217752946396,0.07109579369531226,0.0003546197764510086,52.837883938090165,7.980261796180674e-08,1.5017564479410994,0.13316001978060465,1.2713464944621886,1.2567894264255952,1021,100,0.2991754189624886,0.015824270682517606,0.27473605437006504,0.33363302235845116
exp_const,44700.0,45300.0,45000.0,885,0.3233778032905935,0.01941845483818371,0.9980177401463731,True,1.0441222734239843,764.0317635345476,0.32338,1.31e-03,False,0.6445966818463705,1.2559386920545874,0.07416507382740216,0.00011147944729740763,70.25582795597992,3.957022836055782e-11,1.9599571710579673,0.0500007964341902,1.1182691882294427,1.119830978635165,934,100,0.323146478208532,0.01862460123954663,0.2871732555500772,0.35740545499323234
exp_const,45000.0,45600.0,45300.0,1021,0.35328918534220094,0.018992955886787708,1.100486236276026,True,1.0627523464505682,583.8209101036888,0.35329,1.71e-03,False,0.818880609071612,1.2872724461230929,0.0880712815825227,2.4340630278996014e-07,47.71250633051488,7.003637935138685e-07,2.3585689711539524,0.018345550325657715,1.228350656131015,1.224872911215192,1180,100,0.35144394468707335,0.01997417894727194,0.31255079198715185,0.38952733916280546
exp_const,45300.0,45900.0,45600.0,934,0.2625941520802629,0.016956896803483074,1.1478951032617233,True,1.0270607602628645,1921.4161141644074,0.26259,5.20e-04,False,0.5926061674730873,1.150059384460391,0.09765578110588019,3.321393674456802e-08,16.759929100852613,0.07984781254927246,3.748066368407967,0.00017820310556059622,1.1036032373042195,1.080203898418553,1345,100,0.2618513782965839,0.017637146764711505,0.22472189275520513,0.2908118471411004
exp_const,45600.0,46200.0,45900.0,1180,0.34115597662646685,0.01738779173189256,1.2957265793012827,True,1.0656936338457024,701.4002201762662,0.34116,1.43e-03,False,0.9017615232875021,1.225421461043938,0.08251670863165264,1.9454541273372586e-07,25.532074369334268,0.004423199221014971,5.111642141332101,3.1937038674284303e-07,1.0849138312850761,1.0858639623785382,1219,100,0.339610906216976,0.018818740376081132,0.30492137652760865,0.37129727893263276
exp_const,45900.0,46500.0,46200.0,1345,0.37426290380333394,0.017097344039906957,1.4026939906408606,True,1.0780391654984716,400.8357819891865,0.37426,2.49e-03,False,0.9742202652059944,1.167000628386201,0.07202071907924704,1.6384753296110043e-06,32.40331705307652,0.0003429332416771518,5.958861033486998,2.540019731830772e-09,1.3032411785365292,1.2952452298671606,1107,100,0.3745939814771419,0.018754333933470792,0.34095576015573564,0.4113481502722838
exp_const,46200.0,46800.0,46500.0,1219,0.34276391252256405,0.017226341937410072,1.3352846508837701,True,1.0797738217634136,450.3104604424427,0.34276,2.22e-03,False,0.8011510217329775,1.0922945474678523,0.08657247770310544,2.1307273988482964e-08,52.26550087651425,1.0189657294799817e-07,4.733205849780885,2.2100115205534965e-06,1.0395761909731003,1.0378056857086662,1144,100,0.343247818980914,0.016508478630484106,0.31191992883251174,0.3673410640203343
exp_const,46500.0,47100.0,46800.0,1107,0.3173498217085528,0.01721215092956847,1.2594895789477139,True,1.0455067142845091,1286.5390325614223,0.31735,7.77e-04,False,0.9366000585051509,1.3241207810126603,0.09784298575936504,1.1216191361946915e-09,37.56486864435679,4.517258706469282e-05,3.9059265334910367,9.386502890812672e-05,0.8896852965042108,0.8963090698183072,1172,100,0.31427862942394624,0.016693593531163863,0.27930468989165036,0.3479108527678198
exp_const,46800.0,47400.0,47100.0,1144,0.28730068901645117,0.016159123299744244,1.3588800196086377,True,1.0503337235862071,906.2805564229174,0.28730,1.10e-03,False,0.6955117466930081,1.0501552299694112,0.08268081344536646,2.98671628910699e-07,45.52910206487962,1.7452038428811565e-06,3.8662447768795434,0.00011052401176824697,1.071159526255426,1.067829451756692,1003,100,0.2892627282349763,0.01515603817192735,0.2529349918874545,0.3165313574341701
exp_const,47100.0,47700.0,47400.0,1172,0.25183618564895704,0.01496305324545175,1.4614133173656998,True,1.048510545657305,1116.532011637096,0.25184,8.96e-04,False,0.5745018820075158,0.9049645670867043,0.09736083741145074,4.0229211027507385e-10,18.812641484458464,0.04270797391014384,6.147434128454421,7.874638537360934e-10,1.2378092285345945,1.2451023108270236,1010,100,0.25255579669173467,0.015139050182751867,0.2260505864926403,0.28181473893563974
exp_const,47400.0,48000.0,47700.0,1003,0.26359540198362974,0.01644680090688606,1.2310230196840324,True,1.0349333658384487,1525.4066145240263,0.26360,6.56e-04,False,0.5895695772337626,1.0757484444879735,0.09961965448863852,4.064947212649553e-09,29.48676280996958,0.0010387957962876043,6.739650797861404,1.5876774123435e-11,1.4910857304182836,1.4950649650252854,990,100,0.2648038802638947,0.015096806982385538,0.23788869881391625,0.29162459982666306
exp_const,47700.0,48300.0,48000.0,1010,0.35869042300856613,0.019261455276744773,1.0795377879355814,True,1.066725458804389,428.54489410772726,0.35869,2.33e-03,False,0.7884698277259214,1.2676938731067628,0.08637570157754335,5.264749568093228e-07,36.521070374612506,6.846785170030312e-05,2.811615724597996,0.004929335506967136,1.1725184706830236,1.1507545533399954,782,100,0.36192890628247715,0.01960111261957876,0.3218156166111983,0.400248405520541
exp_const,48000.0,48600.0,48300.0,990,0.33865338914417115,0.018690848878496466,1.0912219079121162,True,1.0304061048122213,1245.8786859183747,0.33865,8.03e-04,False,1.0062753326317573,1.5055000447192681,0.08014800637227254,5.589208674043639e-06,83.21953962047961,1.1706063614139593e-13,3.1736438684187136,0.0015053827508513555,1.1416044800266218,1.1416339822619224,956,100,0.33904848890176426,0.018826196446407196,0.30702105869413815,0.3716182191888767
exp_const,48300.0,48900.0,48600.0,782,0.24561077912395035,0.01788827876027258,0.9832206178751182,True,1.0214375919060716,3060.699146073427,0.24561,3.27e-04,False,0.5026062607456393,1.2376811754164745,0.08428449910348801,2.7867190052275125e-05,37.42980263543036,4.767750579730265e-05,2.999675598856201,0.0027026728562230323,1.118980776915169,1.1132656725674666,936,100,0.24656757647292063,0.015983608395937446,0.21860783675911563,0.2728606889432351
exp_const,48600.0,49200.0,48900.0,956,0.2882963156016163,0.017645989250064584,1.1339812031434673,True,1.041345579927162,1099.1937696885113,0.28830,9.10e-04,False,0.6124589884835481,1.146630730648293,0.07188921556017747,9.656855075709951e-05,57.32156478506075,1.1598147081798703e-08,3.728123097725704,0.00019291114979437413,1.0033465447166938,0.9895840107366428,777,100,0.28660839830196044,0.01572911499642438,0.25809900588562756,0.3164687165228873
exp_const,48900.0,49500.0,49200.0,936,0.32107767375848323,0.018896523051324315,1.0591188283649773,True,1.0562119609479537,678.1099285507695,0.32108,1.47e-03,False,0.6284837704155923,1.1837979491541466,0.07939758576195838,1.4024505821757455e-05,65.09769362942579,3.882559952599061e-10,2.9738376043856127,0.0029410067966380896,0.9031386598246994,0.8559542010652174,658,100,0.31821846814075916,0.018125189091276913,0.2788630180933326,0.3493048033969381
exp_const,49200.0,49800.0,49500.0,777,0.24464026398516964,0.01804405641555255,0.9781908581392057,True,1.0386895328126693,1211.4020824608997,0.24464,8.25e-04,False,0.2510778617426996,0.9925671665911986,0.07880868938018926,0.00012076294959525134,23.157464100209637,0.010180039609549975,2.438917042186134,0.014731349628880647,0.6315980628387894,0.611632861458294,619,100,0.2419141935070018,0.020218368370579273,0.20814611157183854,0.27364817248075674
exp_const,49500.0,50100.0,49800.0,658,0.22094407186611636,0.01867714831577193,0.8543646678534924,True,1.041237677055749,1006.1913870167446,0.22094,9.94e-04,False,-0.03737535054807305,0.8703493733427561,0.06630253794646374,0.005857775069582279,35.0728712740287,0.00012133973042382206,2.372851889006674,0.01765134043917815,1.0041476752161862,0.9737734249450815,984,100,0.2214621765898141,0.019760911715036907,0.1883463883501,0.25375498990733164
exp_const,49800.0,50400.0,50100.0,619,0.29747995583510217,0.022886562763585905,0.7247665122301652,True,1.116423400573289,115.87990881944418,0.29748,8.63e-03,False,-0.2860508776217032,0.682773504909847,0.09096943307691932,6.58673404627728e-05,34.38909534627373,0.00015865682330848803,1.15755800156497,0.24704445667001496,1.2174534808041637,1.0978710648404784,1170,100,0.29808926876088215,0.024353387279301867,0.25240791692370845,0.3436572503281949
exp_const,50100.0,50700.0,50400.0,984,0.26457051764509476,0.016729825402700942,1.2061043510620484,True,1.0489852793264172,888.1482773958113,0.26457,1.13e-03,False,0.4718923720318947,0.9771961301957875,0.11413980115515987,1.2679159306938143e-11,117.4437077290971,1.669134514970251e-20,6.811442850616194,9.662468223896213e-12,1.3661986030069357,1.3501131178591688,1197,100,0.2644588983541546,0.01641345333189918,0.23030093855578804,0.2938675604469566
exp_const,50400.0,51000.0,50700.0,1170,0.3777271563804182,0.018526753229131974,1.2134320450581852,True,1.0983020581894354,291.74819602431126,0.37773,3.43e-03,False,0.8276420888632584,1.1598127162876029,0.09975362816739014,1.3773136074558807e-10,61.14315199362771,2.20103563728344e-09,4.731413553762224,2.2296176452530203e-06,1.3078442846304865,1.2866625123359252,1502,100,0.37619438569237224,0.018190413241880504,0.33988618322074265,0.41859507080263025
exp_const,50700.0,51300.0,51000.0,1197,0.4263636709295556,0.01931971017720479,1.1444044764955383,True,1.0825363742966745,312.75908193449334,0.42636,3.20e-03,False,1.0882520286645692,1.3976079783227424,0.11397995441057526,5.2960537339849716e-14,21.463011913889133,0.018086566153381525,3.8360502106218717,0.00012502885695899965,1.0862364079970244,1.0846268990469454,1582,100,0.42327904395148974,0.018621792469405388,0.3903313713643634,0.4620738625261649
exp_const,51000.0,51600.0,51300.0,1502,0.4122852429244382,0.016998048222940158,1.4712459418791524,True,1.088080675561953,395.69365916948396,0.41229,2.53e-03,False,1.2135427047827165,1.2959195276747828,0.1133427073221368,2.900710415853255e-17,77.26753751336489,1.7192162423588473e-12,5.599824803807575,2.1456854578385812e-08,1.1494921046606412,1.1347700365051485,1255,100,0.4096136509035727,0.016802878899115043,0.37787347256115467,0.43844968234539555
exp_const,51300.0,51900.0,51600.0,1582,0.2941794921412091,0.0138701783823996,1.8610134057210075,True,1.044536616721558,1382.2989895615965,0.29418,7.23e-04,False,1.0800842103934136,1.110568717281961,0.09429288346339171,1.0807604974209965e-12,271.9208155578529,1.3166014187534794e-52,8.184963404361465,2.7238641154411484e-16,1.3919402618190082,1.3944639873196962,1345,100,0.29604568260494857,0.01489906244354243,0.26454614668388277,0.32522914043638135
exp_const,51600.0,52200.0,51900.0,1255,0.27819857435111706,0.015080160800980565,1.5097679819317402,True,1.0320874751286702,1896.2641317687783,0.27820,5.27e-04,False,0.9246428185182374,1.1866816221684995,0.09724792492353529,8.786175330329144e-11,119.78402664196025,5.597280217327689e-21,7.332612274504894,2.2570923691635538e-13,1.1434781776880083,1.141729462229889,1400,100,0.2788628395020256,0.01444744298319115,0.2526530245370589,0.3047822942767615
exp_const,51900.0,52500.0,52200.0,1345,0.3301455417280142,0.01586283959068841,1.5015904106263693,True,1.0352452041624443,1431.6404742928723,0.33015,6.98e-04,False,1.20393508469051,1.3967154478707169,0.09714709242748926,1.6825398811012822e-11,162.03166990773468,1.2332272754643554e-29,7.609418817413846,2.7533118911886724e-14,1.1954493073637744,1.196142230848873,1391,100,0.32829146772195067,0.015345004195626434,0.2960827738507487,0.36263312698808275
exp_const,52200.0,52800.0,52500.0,1400,0.2881424873607668,0.014535873607118796,1.6610008628248794,True,1.033793706019903,1376.6127781606388,0.28814,7.26e-04,False,0.9943835662975001,1.1470857059102966,0.09472116057734059,2.2035383266908125e-11,168.71811594556797,5.1106598474616305e-31,6.793522913464333,1.0942784825273474e-11,1.4298562698970214,1.4351902753312786,1363,100,0.28657861920559236,0.015725793579066786,0.257933340578261,0.31602975015589696
exp_const,52500.0,53100.0,52800.0,1391,0.32451619395138187,0.015484473978232561,1.5659966236874685,True,1.0384066531970066,834.8335808384471,0.32452,1.20e-03,False,1.0540055968156712,1.2131570601083748,0.06298336162731744,3.065238789300341e-05,109.79528414920728,5.867770374592167e-19,4.60794920319492,4.066599741448302e-06,1.1296386971202708,1.1284503197285696,1302,100,0.32686833383040775,0.013961132680030446,0.29751324235650317,0.35346187638332094
exp_const,52800.0,53400.0,53100.0,1363,0.3899539266441943,0.017176141592750372,1.385821329973269,True,1.0498244980277531,624.4466305001715,0.38995,1.60e-03,False,1.2940010721691306,1.4734872956887446,0.0663727033014418,1.153729034120042e-05,54.67323533365837,3.6343710786330885e-08,4.445905807386032,8.752229349810731e-06,0.9926799879837563,0.9992574463296907,1398,100,0.38815648287761106,0.018770807294590876,0.3542263739619373,0.42495111819277276
exp_const,53100.0,53700.0,53400.0,1302,0.33420467931964065,0.01638859002689501,1.4447758458763702,True,1.0655683320349836,594.4406627419214,0.33420,1.68e-03,False,0.9068249292781279,1.1320977617257597,0.07275906902508406,1.936537934982361e-06,113.64433072926288,9.804157099944289e-20,6.758922904445237,1.3902134022445343e-11,1.1111679440222064,1.1043083206930917,1594,100,0.33283650328668857,0.01735683981539772,0.30229577327224794,0.36653954001534805
exp_const,53400.0,54000.0,53700.0,1398,0.29750137691010325,0.014932799259660325,1.6368217917994592,True,1.0621071250672989,777.3841653860366,0.29750,1.29e-03,False,0.855199133783238,1.0093308662056288,0.07526137758211593,2.4748990025415987e-07,185.9389832045547,1.367408603424971e-34,6.417219037395501,1.3878617244841128e-10,1.092038841058702,1.0896972255895518,1525,100,0.3000360618293232,0.01679584979532292,0.2683504607932513,0.3332467792096794
exp_const,53700.0,54300.0,54000.0,1594,0.29879056097718243,0.013923012661760803,1.862879743004917,True,1.0445080589976803,1321.8625013851838,0.29879,7.57e-04,False,1.1000990736672362,1.1230268695332224,0.07450801741758706,3.8444977508805816e-08,95.51881236851892,4.2805645379991147e-16,7.105188552630569,1.201583799497224e-12,1.3369824208888366,1.3401506053468342,1467,100,0.2970671407036931,0.012143602904577633,0.2748787446680737,0.3197467388461964
exp_const,54000.0,54600.0,54300.0,1525,0.288738293676654,0.013990963558775438,1.8077901702384993,True,1.0430504440753232,1470.8286291888578,0.28874,6.80e-04,False,1.0376902796470564,1.1048702458216908,0.0933117995510977,5.2457940444504985e-12,71.72692798438253,2.0551961710879775e-11,8.16306722973041,3.2662258930458524e-16,1.4431793721765789,1.4206259376686596,1942,100,0.28844975385780125,0.013368695677362886,0.2591248831016237,0.3128463283578485
exp_const,54300.0,54900.0,54600.0,1467,0.3983724708675816,0.016822003318433813,1.4709767874150845,True,1.0684209719559326,429.8934357607735,0.39837,2.33e-03,False,1.2795794176438653,1.38553429471703,0.08021715365202604,1.169230263282852e-08,76.51003369174217,2.416424784540947e-12,4.506544095933431,6.589199704970832e-06,1.397805905282535,1.3611868030727614,2139,100,0.3993097193178562,0.01623974577886869,0.3663750251758593,0.4311252845135378
exp_const,54600.0,55200.0,54900.0,1942,0.41865640271607696,0.014970914306653938,1.8816154432089631,True,1.0672698515053338,565.5500617487802,0.41866,1.77e-03,False,1.6448088401463064,1.4702648465111825,0.07201875068843244,3.327454416856011e-09,184.83511290460717,2.319373935739406e-34,6.453345958027727,1.0940720627435924e-10,1.6538982850172892,1.6529628128194938,2040,100,0.4199379090901582,0.015040228426185138,0.3923466135205924,0.44793459385620055
exp_const,54900.0,55500.0,55200.0,2139,0.4124056549667677,0.014204013011623278,2.094773840043479,True,1.0777417692606326,588.3894509623698,0.41241,1.70e-03,False,1.6380833006409208,1.3669192467746616,0.08337269057053552,2.2070291255304048e-13,153.4279916197691,7.34107052268519e-28,8.080156769067674,6.468356548760772e-16,1.5623683982616037,1.5620838856293575,2207,100,0.41070358863682793,0.014130613655541273,0.3804628043235289,0.4318322482842631
exp_const,55200.0,55800.0,55500.0,2040,0.5059563802424584,0.016118836646591736,1.6797483071756412,True,1.0962868595531936,343.1263522769782,0.50596,2.91e-03,False,1.890966424587605,1.6671909929654896,0.11976436606021298,5.912778371146142e-26,47.51778973144573,7.600180996648454e-07,6.048360163471487,1.4632754896504257e-09,1.3127064868667162,1.3218205182475806,2351,100,0.5049700805299567,0.017332205941502435,0.47069813819013795,0.5358259223452565
exp_const,55500.0,56100.0,55800.0,2207,0.4768045157610266,0.015086364916875065,1.9244873895256907,True,1.1021252790947882,405.5790229411611,0.47680,2.47e-03,False,1.868428579972027,1.5659688289314373,0.10916019348168957,2.334338646528524e-23,55.91373198283507,2.1307206266572915e-08,7.004833066119008,2.472804920627006e-12,1.3403255161951133,1.3429253654357542,2176,100,0.47687130058207544,0.015403324357918476,0.44723747324765795,0.5034019001776576
exp_const,55800.0,56400.0,56100.0,2351,0.36406771505543506,0.01263546818486109,2.491794669841133,True,1.0468494426779247,1315.1379311712417,0.36407,7.60e-04,False,1.7499677938800755,1.3843014005561523,0.07798912211097062,6.955998681753426e-13,98.22208723238116,1.2357537073968913e-16,8.166477946266594,3.175234160347228e-16,1.2070496818025043,1.2026553721825672,2840,100,0.365079482784631,0.013909567148379248,0.34119554313728256,0.3923811361382615
exp_const,56100.0,56700.0,56400.0,2176,0.34049351657964,0.01267739096927469,2.3918101798711686,True,1.038893488071992,2166.1383125858433,0.34049,4.62e-04,False,1.7426001917367895,1.4542862389771027,0.07441654010194848,6.321840739707189e-11,90.09836685046892,5.120686116557261e-15,5.272345357108127,1.3469131623097859e-07,1.3496567625974487,1.26287390773577,4313,100,0.3409134672352011,0.012725824440848889,0.31732528043288677,0.3659304496164623
exp_const,56400.0,57000.0,56700.0,2840,0.3811297225386344,0.011868519222106173,2.9293193725255815,True,1.0778180591668292,780.5974688705816,0.38113,1.28e-03,True,1.7663344203722817,1.2117047444331766,0.07578666169666101,1.240812032088342e-14,163.77177132186102,5.38899903098639e-30,6.628083169479738,3.4007385890953566e-11,1.3241909335800603,1.1876571872761839,6265,100,0.3797312736352675,0.010943872356179225,0.3558925495310927,0.40101829669508127
exp_const,56700.0,57300.0,57000.0,4313,0.4561109680746963,0.0105806813389376,3.9096556583226927,True,1.107324799876026,518.2238124464083,0.45611,1.93e-03,True,2.3108051436867507,1.338345802255054,0.07020708545343109,6.252832260056907e-19,393.3842681703262,2.4071600715319646e-78,6.560771393420246,5.3530133160741595e-11,,,0,100,0.45546129458857754,0.010216520687072636,0.4347750398969813,0.47460589698749744
exp_const,57000.0,57600.0,57300.0,6265,0.4633329993903511,0.008918951113589129,5.604158530797054,True,1.1402837906519927,531.9295683305207,0.46333,1.88e-03,True,2.5395900588945537,1.1937858467805318,0.07915931461001202,1.3577234354132232e-34,879.5659532018017,1.5899427664441376e-182,13.037743571536387,7.46332641770747e-39,,,0,100,0.46217385588301213,0.009831482335227845,0.4433999534183121,0.4786979061326001
exp_spline,34200.0,34800.0,34500.0,2800,0.36415749953038923,0.011981193341069724,2.9672650021915055,True,2.949471538593151,296.2125030202335,0.36416,3.38e-03,True,1.3396679220650956,0.7992228811179466,0.06714483874503649,2.026289342989566e-11,37.33859400493723,4.94458805330205e-05,5.893249499005269,3.786739806301652e-09,1.0016795433297492,1.00012212268522,2441,100,0.3626315233512426,0.013105124453246568,0.33751031123339986,0.3885349782715569
exp_spline,34500.0,35100.0,34800.0,2415,0.35457554924429036,0.012675807091979643,2.597833414291727,True,3.052400952214965,299.70488920539975,0.35458,3.34e-03,True,1.2333691214399445,0.8408442105694176,0.07044824099964085,7.236799621460688e-11,67.08436118795177,1.615358278942001e-10,6.794516373192448,1.0867647427320886e-11,0.9825784792689274,0.9834874116512122,2317,100,0.35625213597472566,0.012963458071373357,0.3346799544043317,0.38001180788642697
exp_spline,34800.0,35400.0,35100.0,2441,0.3425092492026256,0.01222261863866767,2.6748915378273104,True,3.0290773549075665,564.0468311059853,0.34251,1.77e-03,True,1.4212505485267837,1.01801713334997,0.0687045008713123,1.8339133679307383e-10,81.76157016799291,2.2650621077249882e-13,8.533363663308517,1.4215295211704437e-17,1.1776099907827533,1.1343736526064299,3575,100,0.34001877872679587,0.012514532919325154,0.31689038162781885,0.35906747857826543
exp_spline,35100.0,35700.0,35400.0,2317,0.3609351089611611,0.012928491098056681,2.467855587561646,True,3.0038523022991157,397.7432933758609,0.36094,2.51e-03,False,1.3438546581878652,0.9927557889716355,0.06560578497330043,4.096475271759982e-09,34.9505972949839,0.00012731235469248635,6.4058411039560985,1.4954264541323938e-10,1.2565694141402017,1.0828231326686126,5373,100,0.35951090698011773,0.013184124035658752,0.33412155655395476,0.3843349982266171
exp_spline,35400.0,36000.0,35700.0,3575,0.3912761617053472,0.010799161446842011,3.6269795365056408,True,2.813181828119314,680.3350647907426,0.39128,1.47e-03,False,1.9672183864599155,1.1824275865479537,0.06478151138468938,1.7355537894279077e-13,75.84272999847116,3.2604575924505187e-12,12.13572780132084,6.830001956805734e-34,1.1293662990808373,1.0775691800226581,5736,100,0.39011401925848516,0.010256682855432235,0.3735949238902204,0.4087631239617787
exp_spline,35700.0,36300.0,36000.0,5373,0.3768248508072266,0.008587761044947871,5.580533461021284,True,2.8647618641657,1404.6761325047405,0.37682,7.12e-04,False,2.342070199212954,1.1498581637002785,0.07479786917364095,1.3730792846410542e-26,184.51691913072153,2.700882253051466e-34,17.566853818956286,4.4201562090438077e-69,1.0954135738512596,1.0851527202215239,4495,100,0.37718760316993444,0.008842749487708744,0.36014014395797755,0.3933352239849559
exp_spline,36000.0,36600.0,36300.0,5736,0.35813171439885033,0.008092253506701287,6.136260815287397,True,2.8908991372213424,1866.0652864269564,0.35813,5.36e-04,False,2.3806514858119714,1.1230637587486612,0.09168023143646953,2.0919049448430328e-42,226.531436439552,4.581187217124138e-43,19.85649663443603,9.683427434771889e-88,1.106138558402722,1.051445149069825,3717,100,0.36015088316992305,0.007850168465396325,0.3450107843382015,0.37563529648066435
exp_spline,36300.0,36900.0,36600.0,4495,0.3436765711964665,0.008954393949610914,4.916956354119807,True,3.1364831723513755,1632.4875400388296,0.34368,6.13e-04,False,2.1296867986448276,1.1158955069552534,0.0983961091056621,2.4653638568920145e-38,148.84241777275017,6.4492381707204264e-27,16.99318184550327,9.224651164185729e-65,1.2537560874160467,1.252402217877713,3857,100,0.3419192123710036,0.009292273555781006,0.32345218600143927,0.35979804265202653
exp_spline,36600.0,37200.0,36900.0,3717,0.33496092195756105,0.009722865503759498,4.119916980951841,True,2.9847676161247287,1364.5120553997763,0.33496,7.33e-04,False,1.8963994954230832,1.0726569803419777,0.09553838080687072,5.574202525483367e-30,81.57847743426012,2.460614579110656e-13,15.758992487940999,5.957516458208054e-56,1.2781709937431371,1.2812146272739031,3500,100,0.33491001581988766,0.009192395189942467,0.3163911415546131,0.3513852748951434
exp_spline,36900.0,37500.0,37200.0,3857,0.37139448968106814,0.01003076253318061,4.040885755500203,True,3.010435483951108,1361.0746958971379,0.37139,7.35e-04,False,2.138334416955666,1.2776191139635844,0.08692418371748689,8.34644644921707e-26,96.45424721277719,2.7857145855057605e-16,15.955662977478829,2.60195859459564e-57,1.0546529430669649,1.0392241795222295,3131,100,0.3714026929970866,0.009681816635484225,0.34963145941030926,0.3854228742588627
exp_spline,37200.0,37800.0,37500.0,3500,0.41986548107103316,0.011259810379864397,3.384118027085639,True,2.962043938728448,705.0685278050987,0.41987,1.42e-03,False,2.061386883667728,1.2977982914063695,0.08556583682930011,9.625323874084488e-23,115.74583240215686,3.684098814880992e-20,11.183404018041742,4.916716714923157e-29,1.0298001948040947,0.9653611351087905,2371,100,0.4202326618826887,0.010759721246956634,0.4007171055287073,0.43991962833888454
exp_spline,37500.0,38100.0,37800.0,3131,0.393718664251099,0.011589534479415544,3.163778103716346,True,3.263355297138534,517.4890270558528,0.39372,1.93e-03,False,1.7241650262640364,1.071986960153777,0.07915897816190542,1.638199120376726e-17,62.8028324751406,1.0645424219056121e-09,5.956638466522471,2.574789676704574e-09,0.9603867895256673,0.9274144533669069,2334,100,0.3945621907273123,0.00981324131709875,0.3762562673463138,0.4142656541457491
exp_spline,37800.0,38400.0,38100.0,2371,0.3027677629463522,0.011570264435577056,2.75522939009033,True,2.726691313395871,1152.167707577257,0.30277,8.68e-04,False,1.3713065936114972,0.997169162762238,0.07315553756579618,1.7628530522145735e-11,55.37069893219473,2.692414628360607e-08,5.502983884433435,3.7341656664292525e-08,0.9504102009855468,0.9450752210723712,2876,100,0.3033253154393208,0.010533197691776517,0.28477396435646635,0.32106309579624215
exp_spline,38100.0,38700.0,38400.0,2334,0.2871692851416092,0.011331083647932677,2.77291148079914,True,3.1475004225568624,1284.2636735299645,0.28717,7.79e-04,False,1.3243896040004142,0.9659804463700592,0.10105853701538203,3.327235301280858e-21,81.03500925183538,3.1458922203515475e-13,9.031887691969528,1.6873554552876685e-19,1.1912016508243632,1.1761928689445407,2850,100,0.2878739551023271,0.010252896259379928,0.2689269351537237,0.30692623284182574
exp_spline,38400.0,39000.0,38700.0,2876,0.30262193799303383,0.010517008283343858,3.342765510553391,True,2.8787345014112096,1121.837239217296,0.30262,8.91e-04,False,1.523006619804489,0.9557805561796979,0.1164909488887309,1.8525653308725815e-34,123.91789401082022,8.095819762160435e-22,13.735762523938464,6.199985717926518e-43,1.323455869312148,1.336343731967646,2530,100,0.3024399429888999,0.010010515204783651,0.28312845731700503,0.3204420791850118
exp_spline,38700.0,39300.0,39000.0,2850,0.4440292898662512,0.01291945157875682,2.640860799833462,True,2.981723686843999,345.3589990489873,0.44403,2.90e-03,False,1.7837806256290325,1.2256360075824826,0.10497514437850802,8.438053842402488e-28,102.02161887643746,2.145050535922951e-17,7.521429951373925,5.4180353837488685e-14,1.389669216648855,1.3891137320131846,2443,100,0.4473780434516634,0.012397770260846206,0.4180521422711233,0.4687494937195042
exp_spline,39000.0,39600.0,39300.0,2530,0.46919782281311617,0.013992506021925697,2.2382158471380262,True,3.045864520511379,360.48967933383483,0.46920,2.77e-03,False,1.8373012773885156,1.398256350883096,0.10483653366379916,1.150741762418614e-24,95.45126478008814,4.415365984466852e-16,5.834618523114891,5.391377278912687e-09,1.3461300890212036,1.3460234607770185,2624,100,0.46855355319888486,0.013438860248784355,0.4436989838608293,0.4953659497891605
exp_spline,39300.0,39900.0,39600.0,2443,0.4784347777877186,0.014357600019543166,2.123639729774338,True,3.0240010254203207,330.65691167583225,0.47843,3.02e-03,False,1.7983080318261808,1.3942556157845867,0.10751983777094198,4.760327452386172e-25,65.35127726483756,3.4720644551604233e-10,5.213672143310725,1.851385626937349e-07,1.3287066739453217,1.3297608312482685,2548,100,0.4779994794940718,0.01743134376838875,0.4410272896413078,0.5109681219621236
exp_spline,39600.0,40200.0,39900.0,2624,0.4422060687932846,0.013364658124308829,2.4394187924773627,True,2.780893965874385,482.67183226392933,0.44221,2.07e-03,False,1.8286887244114378,1.3531632295636047,0.10262835624565989,1.6260749285722083e-24,90.1317773571552,5.043154919809203e-15,6.732156753810337,1.67166401050463e-11,1.3961102015090598,1.3628438667443592,1914,100,0.4403803644134496,0.013868089028616897,0.41251165186117933,0.46253938891047186
exp_spline,39900.0,40500.0,40200.0,2548,0.3798770082746513,0.012427582096180001,2.633455638193648,True,3.236513189043637,1113.054846631685,0.37988,8.98e-04,False,1.8177773993927844,1.3716430379168767,0.07980632627738565,1.45658993472322e-14,169.73979156369404,3.140392157581149e-31,9.855427317057956,6.49398646212423e-23,1.1703103824445027,1.0796948653040177,1531,100,0.37791129880959645,0.014672162939690857,0.35463584106684926,0.40630259332625934
exp_spline,40200.0,40800.0,40500.0,1914,0.37188356534951117,0.014187714605665772,2.0036914265346115,True,2.8889443826478765,1042.8666502972687,0.37188,9.59e-04,False,1.5596717929749904,1.3996508761782374,0.08099411654586645,2.2746083017699923e-11,115.7832765428025,3.620363967267973e-20,5.716311617448257,1.0886102821293257e-08,1.1253024050008105,1.1070191097302655,1551,100,0.36941695473881203,0.012150176901072991,0.3425651634852561,0.3904437735298592
exp_spline,40500.0,41100.0,40800.0,1531,0.33092587196005074,0.015037060777145488,1.707254150048604,True,3.0634195423904735,730.5737748169374,0.33093,1.37e-03,False,1.0325322197334967,1.0957854792919592,0.0812818350429583,3.0205195345243624e-09,32.282346143533026,0.00035927548705187614,3.471126051399155,0.0005182806462258228,1.0564939895624024,1.0504098775851736,1858,100,0.3308223136473445,0.015114604547819545,0.30569438761763557,0.35654079825705637
exp_spline,40800.0,41400.0,41100.0,1551,0.3157223281514351,0.0145693491812848,1.7688577817285351,True,3.056684952485635,988.2533660379927,0.31572,1.01e-03,False,1.072784002387276,1.1230584944268833,0.0790466466574759,7.077685679427792e-09,38.125167653067145,3.6093980079790696e-05,4.85237083633487,1.2199423572093177e-06,0.9690334436411099,0.969110403709558,1745,100,0.31442734605041034,0.015224438622508626,0.2842096174721884,0.3387721791438666
exp_spline,41100.0,41700.0,41400.0,1858,0.3121254211085535,0.013266812834828017,2.130118279300513,True,2.85318803301824,1020.5161547343074,0.31213,9.80e-04,False,1.223083743014996,1.0927574788573584,0.08044164148828342,6.621557746647067e-11,75.28172907345616,4.193336783906544e-12,6.410232163401549,1.4529820303905356e-10,1.032102981604629,0.9910778724051027,1263,100,0.31266795711856404,0.012442025375199499,0.28970287773723485,0.33592998544515584
exp_spline,41400.0,42000.0,41700.0,1745,0.300140979690915,0.013462125559719635,2.0354233173989225,True,2.782984131331131,860.7893076764299,0.30014,1.16e-03,False,1.0885837696448104,1.0210035902244292,0.08585703341891149,1.220065393913986e-11,58.921803651210986,5.794001745616377e-09,6.956344857249505,3.492144269310275e-12,1.323287648218725,1.3277161329596248,1390,100,0.3022341688410278,0.01329700073856756,0.2758593178302237,0.32450348576672894
exp_spline,41700.0,42300.0,42000.0,1263,0.2634530677701827,0.014679301367499252,1.5504312923437664,True,2.9869491588505923,1327.3342594423489,0.26345,7.53e-04,False,0.7467433104215602,1.0024278432872156,0.06850655430681402,1.3433174924391026e-05,26.44737749891448,0.0031828686711447124,3.7711845872179492,0.0001624744297598575,1.2329587456466327,1.226342010682026,1429,100,0.2642594071651945,0.014982624570453748,0.23343708017533202,0.2917278978746306
exp_spline,42000.0,42600.0,42300.0,1390,0.36104059541255273,0.01640335743235138,1.4802559539609188,True,3.051651760466697,710.714479090255,0.36104,1.41e-03,False,1.1788201152414632,1.3386907443328722,0.09620817315314624,1.1930237941002914e-11,59.05949681828505,5.457419929031454e-09,4.084786427472825,4.41173758429674e-05,0.9430829482414216,0.9360174554181961,1237,100,0.3607264123460679,0.016254055699060205,0.3313493643149972,0.3926939258898554
exp_spline,42300.0,42900.0,42600.0,1429,0.3858146487649396,0.016877145760277865,1.4627847781915024,True,3.0051411195046884,377.9552952579499,0.38581,2.65e-03,False,1.126005989434478,1.258205466720757,0.102759584080451,1.3666768856384622e-13,65.31654005146206,3.525633573426487e-10,5.1513912261809445,2.585611738566377e-07,1.2663523195925248,1.2660997787888097,1393,100,0.3853869679816765,0.014728323029252434,0.36042735772240775,0.42023677443078555
exp_spline,42600.0,43200.0,42900.0,1237,0.23561970640630192,0.01404783583747967,1.5758973719590077,True,2.8335371977364545,2177.816347529009,0.23562,4.59e-04,False,0.722350059490341,0.9988353423139995,0.10953675481844766,2.215270378066128e-13,33.59666955374229,0.00021610932454095772,5.763862781042497,8.221026334521173e-09,1.6072578459704348,1.5359836100336826,1934,100,0.23586402182785243,0.01300453814410278,0.20919234523434352,0.25849133849973316
exp_spline,42900.0,43500.0,43200.0,1393,0.31745636821007067,0.015305690090027795,1.5846387984722865,True,2.87493468005415,1507.3520651939402,0.31746,6.63e-04,False,1.1714275240619418,1.3291422054982824,0.08392391391707715,5.5302739713876475e-09,38.51221026200201,3.089809753991439e-05,6.460179641947561,1.04578760495541e-10,1.4111800934384158,1.3891910352865666,1833,100,0.3158383535191937,0.014042164599787793,0.2901148269528914,0.34297474627321783
exp_spline,43200.0,43800.0,43500.0,1934,0.4348272363092591,0.015226931439082075,1.821740208296489,True,3.0602070988519925,724.0855112997391,0.43483,1.38e-03,False,1.849808720624442,1.6793926998273485,0.08292916533814176,5.103056390525505e-12,125.91739810694943,3.1726464541076544e-22,7.851020376138659,4.126659017568069e-15,1.1611880691288796,1.0756078073883386,1270,100,0.4331698110637772,0.015250212080962458,0.39895628926733695,0.45800292298675893
exp_spline,43500.0,44100.0,43800.0,1833,0.3873758258512814,0.014770085250719052,1.8715668520243363,True,3.0839932572419,756.5920172487357,0.38738,1.32e-03,False,1.5648143196002056,1.4480347269766471,0.07132741994269524,1.4861384827922355e-08,154.22158684703223,5.038196924514414e-28,6.793524509918728,1.0942663674876897e-11,1.2612405055127256,1.1636948359175094,1086,100,0.3865928922924406,0.014245243434041455,0.3589104704003706,0.4140117790520805
exp_spline,43800.0,44400.0,44100.0,1270,0.28380075754485606,0.015205284066942151,1.5159550631967211,True,3.112542007426383,1252.146648458542,0.28380,7.99e-04,False,0.8876656082624028,1.1378230840259125,0.06031892944919831,0.0001851317952859501,44.52457333569174,2.649019070597174e-06,3.9107277876732174,9.201843241338345e-05,0.8693845429714899,0.8244990510589315,849,100,0.28598693680296117,0.017378068677910967,0.25565126167159863,0.31918981909530514
exp_spline,44100.0,44700.0,44400.0,1086,0.33692703831757104,0.018027774469901142,1.2001620606451853,True,2.655645032665415,498.8157551333151,0.33693,2.00e-03,False,0.7766514046894099,1.1833245594116755,0.08513953009027918,2.6855106918546794e-07,56.06334458238523,1.997576894731194e-08,1.9761369742115091,0.04813926576001716,1.2545873722840315,1.2471034321982197,885,100,0.3344478396219072,0.01585453614393584,0.3053690943248599,0.3602717814249961
exp_spline,44400.0,45000.0,44700.0,849,0.2932475099561103,0.019115710023168236,1.0000547734120493,True,3.1082194669670726,345.4057304855753,0.29325,2.90e-03,False,0.27233535465299363,0.9252058235577928,0.06840377322180907,0.000672986586734578,23.192243573568877,0.010058791099777028,1.547798366798129,0.12167084984827656,1.2774307669303129,1.262713964900662,1021,100,0.2931507081691929,0.018744021793711298,0.26071490702823785,0.3304201618369429
exp_spline,44700.0,45300.0,45000.0,885,0.31726645885152527,0.01923378690421965,1.0070319731940003,True,3.2066134929603773,849.5920108453446,0.31727,1.18e-03,False,0.6715225977044526,1.2828646079126693,0.07061903925450808,0.00027778510391987624,31.59386106805211,0.00046783527657809755,1.771032185541389,0.07655534968775819,1.1229378259312421,1.1244180291470893,934,100,0.3180235776423784,0.014560530043872493,0.2907353155153936,0.34951609805590156
exp_spline,45000.0,45600.0,45300.0,1021,0.35144585977959464,0.01895626430073345,1.1036229619417206,True,2.570334607534877,597.5362099234945,0.35145,1.67e-03,False,0.83076452220957,1.2991563592610507,0.08734204469759045,3.164835487551999e-07,42.009716736215644,7.468885063001857e-06,2.2344762446006827,0.025451753893764542,1.2285587688017356,1.2250251488469306,1180,100,0.3513820126812373,0.018351141113645192,0.31731218752725854,0.3835502619975474
exp_spline,45300.0,45900.0,45600.0,934,0.2620000772248535,0.01693604770489863,1.1488198797866123,True,3.4105684371270093,1946.6169925530814,0.26200,5.14e-04,False,0.5990152671950413,1.156468484182345,0.0975414380980476,3.463646486156136e-08,14.644205225495327,0.14558191281199792,3.835608202832078,0.0001252539465921138,1.102196997712823,1.0788209471025498,1345,100,0.25897481528946914,0.017262009253965416,0.22626211547803876,0.2939214060127962
exp_spline,45600.0,46200.0,45900.0,1180,0.321683446901614,0.016829907792936513,1.3340225544268256,True,2.721307542209105,971.195746655864,0.32168,1.03e-03,False,0.915272012666041,1.2389319504224772,0.07550219296924604,2.6920744495935376e-06,21.203964577586593,0.019715356527689413,4.722658591810916,2.3278143812814508e-06,1.0758589747156815,1.0768002254795632,1219,100,0.32170189973028884,0.016288300659546534,0.29480744442857787,0.3553980684039103
exp_spline,45900.0,46500.0,46200.0,1345,0.3720513334410414,0.017061324008075543,1.4076515942029988,True,2.940910626654287,409.75215145127765,0.37205,2.44e-03,False,0.9856467416129391,1.1784271047931458,0.07101274200906604,2.418364373459816e-06,20.03877832849906,0.028888036402986282,5.207674933761832,1.912215342439956e-07,1.3041661558900135,1.29642809331901,1107,100,0.3685370397104386,0.01858417571192002,0.3345315535079678,0.40697874378128085
exp_spline,46200.0,46800.0,46500.0,1219,0.33546309213005393,0.0170550510023117,1.3501174844891073,True,3.2965976483387944,494.2253184162227,0.33546,2.02e-03,False,0.8209494932796347,1.1120930190145097,0.08467875218410426,4.7153892240743915e-08,35.60859692594263,9.825627991541533e-05,5.516768942225464,3.452889206906098e-08,1.0423929638685805,1.04071678481257,1144,100,0.3340778155303099,0.016748349902204165,0.30318787737652386,0.3616583737943917
exp_spline,46500.0,47100.0,46800.0,1107,0.31501063559591397,0.017142437363964723,1.2638053773255138,True,3.1022451280168926,1343.6754593725884,0.31501,7.44e-04,False,0.9545018921936881,1.3420226147011975,0.09630226714244383,2.1830626541011537e-09,32.10876923873075,0.0003840618541966148,3.7542931801214,0.0001738313063961083,0.8896189865998799,0.8961227401009042,1172,100,0.3147179013516731,0.016670461155637615,0.2800430542064943,0.3461823089716833
exp_spline,46800.0,47400.0,47100.0,1144,0.28559379190314305,0.016108795180064014,1.3621345034380046,True,2.8823691897301704,935.4334643786141,0.28559,1.07e-03,False,0.7016689248475932,1.0563124081239963,0.08177999524243369,4.198395336499526e-07,37.67107700046126,4.329426064168583e-05,3.6834976745536534,0.0002300553836302482,1.0718422445219886,1.0685732082250636,1003,100,0.2845898244157387,0.01554070982665261,0.25656331479329886,0.3181370206151419
exp_spline,47100.0,47700.0,47400.0,1172,0.24853596506642447,0.014851967794729788,1.4678597482368854,True,2.887126865526742,1198.1552092963718,0.24854,8.35e-04,False,0.5830630125007388,0.9135256975799272,0.10052986072408482,9.173555064750375e-11,17.393239779505873,0.06610298756645332,6.204121452027703,5.500329741551726e-10,1.234840251113285,1.2423408246095526,1010,100,0.24795988210408615,0.015935078205433544,0.21700093925566488,0.276940684779021
exp_spline,47400.0,48000.0,47700.0,1003,0.2633483717051615,0.016442650306824593,1.2314359719662045,True,3.1027338699712006,1530.3493228565908,0.26335,6.53e-04,False,0.6058812397969128,1.0920601070511238,0.09973201412541294,3.885309571857736e-09,11.762615659804966,0.3012579147172068,6.3723517304489885,1.8615135565526698e-10,1.4909535103871703,1.494946961118793,990,100,0.2627268296831563,0.014924673176857368,0.23490726031345974,0.29030570895865027
exp_spline,47700.0,48300.0,48000.0,1010,0.35075695503293536,0.019083807327304463,1.092892459027892,True,2.9085494615309195,476.04003083454194,0.35076,2.10e-03,False,0.8049072568033007,1.284131302184142,0.08461506711160002,9.700655063227162e-07,12.667191153393091,0.24287925985439576,2.567037736680927,0.010257144909914688,1.1754024622762074,1.1544079453563223,782,100,0.3540004026574978,0.019535934318059403,0.31538566408735036,0.3905786724618178
exp_spline,48000.0,48600.0,48300.0,990,0.33687954167799783,0.018654327720964665,1.0941487562313037,True,3.156933822297317,1282.7527926712125,0.33688,7.80e-04,False,1.0253178645845424,1.5245425766720533,0.07927906762788653,7.362732541666165e-06,39.87038004362826,1.7858783891855257e-05,3.3864313328854108,0.0007080799438704517,1.1415216480803436,1.1415189861017765,956,100,0.3362972745266565,0.01841174882514552,0.30298539684403775,0.3676676757471415
exp_spline,48300.0,48900.0,48600.0,782,0.24567018055730125,0.01789326697043157,0.9831431980069821,True,3.496736019127074,3053.9441189462163,0.24567,3.27e-04,False,0.5080748953367448,1.24314981000758,0.0811245188122639,6.339098887301222e-05,34.5480793920887,0.00014908502579118651,2.8320021541959974,0.004625753702774159,1.119234425922687,1.1135127678337056,936,100,0.24825204456313657,0.016800934348422527,0.21834869998075243,0.2777851298071731
exp_spline,48600.0,49200.0,48900.0,956,0.28582836833525577,0.01757073840135538,1.1379134664524921,True,2.8948651399710235,1154.1646902923892,0.28583,8.66e-04,False,0.6197119476017496,1.1538836897664948,0.07255015749449811,8.039058498866806e-05,48.36114929335698,5.331834150623744e-07,3.835271448379976,0.00012542569294557275,1.003371619771382,0.989761900769686,777,100,0.2841023750757121,0.016072789736264238,0.2556230989726257,0.31566603639848967
exp_spline,48900.0,49500.0,49200.0,936,0.31194577686331254,0.018628926726037085,1.0733645880932323,True,2.9760047114917434,788.4327463127144,0.31195,1.27e-03,False,0.6501245179370978,1.205438696675652,0.07522329695342608,4.721880923967847e-05,37.663367739260565,4.342797334710252e-05,2.971867112333703,0.002959947683399876,0.903759547904899,0.8579972318442918,658,100,0.3118811401852027,0.017695345564058634,0.27782611985239125,0.3456062905687547
exp_spline,49200.0,49800.0,49500.0,777,0.24052325673705907,0.017882260933406436,0.9835223825255041,True,3.0612488674820924,1335.0467454818092,0.24052,7.49e-04,False,0.26777205550144206,1.009261360349941,0.0785189854286471,0.00012967457631315646,9.745974109974725,0.4630554992489704,1.9933287104572757,0.046225464540509506,0.6294480138774133,0.609624694604636,619,100,0.24247644945165395,0.01896983061090516,0.21035615051973697,0.27812254911683637
exp_spline,49500.0,50100.0,49800.0,658,0.2143269642247612,0.018392337131614495,0.8616214292335109,True,2.9534717539334374,1186.2089616816202,0.21433,8.43e-04,False,-0.0052141775136527865,0.9025105463771763,0.07015427897818133,0.0029221029994234704,18.187751092186332,0.05187793704414576,1.5319271925512195,0.12554040236531477,1.0019333057242301,0.9718230083051868,984,100,0.21528196330274166,0.016490138727450865,0.186867541618779,0.24538507524307743
exp_spline,49800.0,50400.0,50100.0,619,0.28458159491096424,0.022492794133490868,0.7380733217078013,True,2.7821096502569858,133.8288596656428,0.28458,7.47e-03,False,-0.2591404231959443,0.7096839593356059,0.08746538768814202,0.0001435271636222677,13.53472642712595,0.1952910724270897,0.9174779976889391,0.3588922172811543,1.2258198203777082,1.1062111458695552,1170,100,0.28314646941545646,0.024236964521232956,0.23455867889228119,0.3231291735713907
exp_spline,50100.0,50700.0,50400.0,984,0.26264707423750105,0.016679655274660556,1.209258798250498,True,3.106239017353503,915.8743550250138,0.26265,1.09e-03,False,0.5071549258153386,1.0124586839792313,0.10894599181769454,1.259564649520985e-10,43.51457123130926,4.0226270694651525e-06,6.870411391298542,6.4017017845328425e-12,1.3653371329505593,1.3492706672907135,1197,100,0.26314877795937225,0.01650863841683509,0.23312111291664514,0.29278859134086643
exp_spline,50400.0,51000.0,50700.0,1170,0.37174500804754224,0.018388005917392404,1.2250972343072923,True,3.2235557157833012,311.6741237721247,0.37175,3.21e-03,False,0.8539815638320405,1.1861521912563853,0.09819523560782606,2.846415727834631e-10,27.620986822506875,0.002075316275419917,4.500188102751449,6.789335622377998e-06,1.3101913352389976,1.2887100679566168,1502,100,0.3702480061681717,0.018982900195840112,0.32818576880194866,0.40374330057717955
exp_spline,50700.0,51300.0,51000.0,1197,0.4266487647633521,0.019325631233873188,1.1438357142971112,True,2.942136463311555,311.930215019542,0.42665,3.21e-03,False,1.0905238878854513,1.3998798375436246,0.11401175854379009,5.204290477265308e-14,22.431349270621805,0.013051781411642845,3.8897378486389647,0.00010035256973497669,1.086078244271561,1.0845105290248802,1582,100,0.4242532386040682,0.01989374321018561,0.38522462601964236,0.45614092515378557
exp_spline,51000.0,51600.0,51300.0,1502,0.4051971839126036,0.016892492248576245,1.4889897162721157,True,3.0661666249393744,422.99608393127085,0.40520,2.36e-03,False,1.2577965332204304,1.3401733561124967,0.11111583987835053,1.3147638354548372e-16,48.18481693220257,5.742547851539001e-07,3.9771661149021242,6.974144701047552e-05,1.151304326321122,1.1369346182766642,1255,100,0.4008810160110295,0.017418265681503665,0.3615611564255968,0.43163411740792723
exp_spline,51300.0,51900.0,51600.0,1582,0.29067528695133515,0.013796714144559293,1.8702528267383123,True,3.1903179301800577,1462.8421436534013,0.29068,6.84e-04,False,1.1218053255581393,1.1522898324466864,0.08379595043651711,4.114413316005261e-10,169.080987814082,4.298999166636093e-31,5.984420002525155,2.171622878957702e-09,1.3913788275554473,1.394282395011337,1345,100,0.2925993640292136,0.01525396903802703,0.26681434274628474,0.320196568975775
exp_spline,51600.0,52200.0,51900.0,1255,0.27746942217153797,0.01506706036701643,1.511293125291194,True,2.703734279762624,1920.085057725355,0.27747,5.21e-04,False,0.9448612193746344,1.2069000230248963,0.0905059517256791,2.142042703618784e-09,71.30663626609649,2.478621865796612e-11,6.068899729916446,1.2878951941419443e-09,1.143071575012871,1.1412885339238201,1400,100,0.2788491787274936,0.014585108800487714,0.24975609471832919,0.3025536540907056
exp_spline,51900.0,52500.0,52200.0,1345,0.3286431440455179,0.015831816441517203,1.504958285431297,True,3.1422181829978837,1465.4531456889765,0.32864,6.82e-04,False,1.2398939137456797,1.4326742769258864,0.09468414008601872,6.037150135389315e-11,83.61086050241785,9.803511572086147e-14,5.921120615208207,3.1975522859772603e-09,1.193854202306535,1.1944936075528947,1391,100,0.3248666811110061,0.01706178802235216,0.29372699964348287,0.359511241789738
exp_spline,52200.0,52800.0,52500.0,1400,0.2867074355343973,0.014507779769194198,1.6643493170842791,True,3.0665217993296556,1411.0843703270307,0.28671,7.09e-04,False,1.0137452293848916,1.166447368997688,0.09347210533996325,4.269880258458441e-11,111.80245116274934,2.3094294412959797e-19,6.331912846808433,2.421402578737891e-10,1.4273204922807277,1.4327269076549558,1363,100,0.286980097193749,0.015037400903816701,0.26104928558335344,0.31407693149073657
exp_spline,52500.0,53100.0,52800.0,1391,0.323547717067266,0.015455698166959716,1.5682418759323877,True,3.2871805483128917,852.7071997886684,0.32355,1.17e-03,False,1.0574973842041817,1.2166488474968853,0.05886303505634172,0.00012449319491396544,96.24706162395002,3.0638787403084363e-16,4.58859965124004,4.462292814501782e-06,1.12920437072529,1.1280118280060887,1302,100,0.32494102311422507,0.014346085074332228,0.2977114595212787,0.35157504186450805
exp_spline,52800.0,53400.0,53100.0,1363,0.38847982470171055,0.01714347275352393,1.3891699982192742,True,2.785285396017765,638.8032175123363,0.38848,1.57e-03,False,1.3053187644863617,1.4848049880059755,0.0658945344921921,1.371680005139806e-05,41.29086967028678,1.0021612727888053e-05,3.36528330026129,0.0007646510420107996,0.9930140647866308,0.9995344160408597,1398,100,0.3886527972682996,0.015698512969796116,0.3586354806369821,0.41564880988911523
exp_spline,53100.0,53700.0,53400.0,1302,0.32421021010473366,0.016172106160533814,1.4664638440722648,True,3.0178064582739133,679.5468268987381,0.32421,1.47e-03,False,0.9663516524652175,1.1916244849128494,0.06923224934827615,7.170680233551554e-06,73.54582263770791,9.122769664961732e-12,6.321308231110306,2.5935810098305363e-10,1.1155640186062445,1.1084709254747112,1594,100,0.3236145552763146,0.014194527094208981,0.29351194394209745,0.3478233846422903
exp_spline,53400.0,54000.0,53700.0,1398,0.2871149441377172,0.014675638146207681,1.661022180159119,True,2.8163997113333155,917.4244421751599,0.28711,1.09e-03,False,0.9082459973064223,1.062377729728813,0.06947809998693838,2.593577379791365e-06,184.90879062686932,2.2390125739820437e-34,6.229016534386191,4.693722573788035e-10,1.097384877169152,1.0949493322625905,1525,100,0.2863934571007105,0.01486063663051507,0.2598829420522937,0.31353438415054385
exp_spline,53700.0,54300.0,54000.0,1594,0.2966226966373158,0.01387977995846404,1.8686390359366218,True,3.021802480032363,1365.692513570412,0.29662,7.32e-04,False,1.1277960928807707,1.1507238887467568,0.07433691081319777,4.170934475651793e-08,60.071370186675246,3.5133253963130927e-09,6.2014955100772875,5.592911625794864e-10,1.3343451762772771,1.3376399939027346,1467,100,0.29239102564632363,0.012742749244152338,0.26742849621952935,0.3177908820699017
exp_spline,54000.0,54600.0,54300.0,1525,0.2856500881167346,0.013931945749827474,1.8156393593699667,True,2.679016945471893,1540.9065200502919,0.28565,6.49e-04,False,1.0666462937915184,1.1338262599661528,0.09095445541952285,1.9859947123191774e-11,44.87843331576603,2.2873362510146075e-06,6.769565545937521,1.2916968455867507e-11,1.4382631529820349,1.4156324595077159,1942,100,0.2858631041889474,0.012345690547277695,0.2614099103756168,0.30674690098015356
exp_spline,54300.0,54900.0,54600.0,1467,0.3963580366573197,0.016792575840091715,1.475902412362102,True,3.0492364946272006,439.28031787586804,0.39636,2.28e-03,False,1.2889311857506989,1.3948860628238635,0.07959064819981837,1.570371599261232e-08,47.557031868245645,7.476038437497237e-07,4.297199596383516,1.729694357078116e-05,1.3984989446679754,1.3617470770882905,2139,100,0.39815560695308894,0.017336156384510724,0.36450278617093074,0.4269821597350742
exp_spline,54600.0,55200.0,54900.0,1942,0.41693039462758463,0.014950123114112913,1.8872019560551694,True,3.2306646787718205,574.9651828567697,0.41693,1.74e-03,False,1.6687415853515084,1.4941975917163846,0.071241694264433,5.134800222931782e-09,132.7104355911878,1.3066351590942311e-23,5.649020892171551,1.6136424637924106e-08,1.6533028996745547,1.6523737051064713,2040,100,0.4161422473092169,0.015854537424338892,0.3863144346828751,0.4475967990852134
exp_spline,54900.0,55500.0,55200.0,2139,0.407474249435798,0.014127735903247507,2.1123543007613814,True,2.9709388273736046,622.1459244044073,0.40747,1.61e-03,False,1.664758498621616,1.3935944447553568,0.08220666330671621,5.057270777108108e-13,106.66318358965849,2.5077622058527643e-18,7.284413763050974,3.230720538398861e-13,1.5617895459249587,1.5615240892637117,2207,100,0.4071152766263506,0.013327328591464498,0.3851936468119422,0.43499779996553606
exp_spline,55200.0,55800.0,55500.0,2040,0.5061415211400963,0.016123890078590896,1.6791188281236726,True,2.7819848875149673,342.0783993014682,0.50614,2.92e-03,False,1.900942489589498,1.6771670579673823,0.11986235197207767,5.369008965332062e-26,40.37602461366806,1.4546302676869351e-05,6.26928152976574,3.6271780993147856e-10,1.3124649039420175,1.3215812235887832,2351,100,0.5065813694461012,0.014795359363686672,0.4764032602475375,0.5285077209544583
exp_spline,55500.0,56100.0,55800.0,2207,0.4777051052998509,0.015104771244822929,1.9211747210053787,True,3.1048408812949173,400.28993790775513,0.47771,2.50e-03,False,1.889245553967906,1.5867858029273163,0.10960233225318149,1.5192926176925788e-23,43.374663097040035,4.261631021324952e-06,6.224817626386195,4.821164866430566e-10,1.3389603894914568,1.3415880130364142,2176,100,0.4774620312501623,0.015146938670509646,0.4468705312997786,0.5044833337830791
exp_spline,55800.0,56400.0,56100.0,2351,0.3622132590012995,0.012607114461866116,2.49906104681324,True,2.916308703170688,1350.0842487536793,0.36221,7.41e-04,False,1.7661797636396803,1.400513370315757,0.07708041505281446,1.3524480519800087e-12,75.57147029452348,3.682394847321535e-12,7.422851070622489,1.1462564488307757e-13,1.2061158771911886,1.2016597299699703,2840,100,0.35998686881143,0.013637736936708745,0.33360938321680184,0.3875754619224648
exp_spline,56100.0,56700.0,56400.0,2176,0.33964253443090586,0.01266298049238285,2.394896408463822,True,3.0473398740372404,2196.386352771832,0.33964,4.55e-04,False,1.749981828797796,1.4616678760381092,0.07391819774209257,8.730368751757771e-11,59.80637368700419,3.943247336994007e-09,4.649676967602635,3.324553196601737e-06,1.3477145692463617,1.2610608032519952,4313,100,0.33983357451784374,0.012320222265045264,0.3178347858382849,0.3651663503594668
exp_spline,56400.0,57000.0,56700.0,2840,0.3750830923417089,0.011777869948516175,2.9579400556088076,True,2.8758267705897174,843.6987507758662,0.37508,1.19e-03,True,1.7900616376073186,1.2354319616682132,0.07354130851131342,8.38405618801768e-14,63.38712585802878,8.238185941398148e-10,5.287657355320565,1.2389277210141232e-07,1.3215016384033906,1.1862168979202998,6265,100,0.3747597173705419,0.0125246398294349,0.3497887565699474,0.39512080640815006
exp_spline,56700.0,57300.0,57000.0,4313,0.45397864677333927,0.010557567526122398,3.9249834944686626,True,3.172092608673727,530.2182189033593,0.45398,1.89e-03,True,2.3149954083835738,1.3425360669518769,0.06900618954138929,2.6548735188858808e-18,377.9642433579749,4.579517971965001e-75,6.005196454596609,1.911003724873292e-09,,,0,100,0.4543334116028579,0.010030526813393963,0.43726248981161625,0.4753973175029167
exp_spline,57000.0,57600.0,57300.0,6265,0.4321758807923908,0.008617603843276703,5.929264205276031,True,2.635055506858626,723.6887308689902,0.43218,1.38e-03,True,2.6007397371777348,1.2549355250637126,0.06901915828931743,2.1481176597738948e-26,460.3052452537722,1.3225713331703498e-92,9.781431844805242,1.3528296490557742e-22,,,0,100,0.43288431492018276,0.008557381006264882,0.4162532001082571,0.4477653238905353
mix_const,34200.0,34800.0,34500.0,2800,0.6029861070171826,0.028119583548295555,1.8542418550401343,True,134.33940318854948,,0.00415 0.02309 0.01571 0.04160 0.10307 0.00000 0.19639 0.00000 0.03883 0.03585 0.14430 0.00000 0.00000,1.00e-05 3.16e-05 1.00e-04 3.16e-04 1.00e-03 3.16e-03 1.00e-02 3.16e-02 1.00e-01 3.16e-01 1.00e+00 3.16e+00 1.00e+01,True,1.4660419349385907,0.9255968939914416,0.01831993985749858,0.30060382158361343,11.310580534252225,0.3338383783176466,0.5066107384830588,0.6124279721498787,1.184004973964972,1.1779485613699185,2441,100,0.6146338441482717,0.036865646571097636,0.5487693148551108,0.6808605442982009
mix_const,34500.0,35100.0,34800.0,2415,0.6891864048632285,0.054138611379429685,1.2442207849384517,True,99.6877658426848,,0.00629 0.02572 0.03835 0.00381 0.11681 0.00000 0.15556 0.04263 0.00000 0.15567 0.00000 0.00000 0.14435,1.00e-05 3.16e-05 1.00e-04 3.16e-04 1.00e-03 3.16e-03 1.00e-02 3.16e-02 1.00e-01 3.16e-01 1.00e+00 3.16e+00 1.00e+01,True,1.3900330975998234,0.9975081867292964,0.01647351702274724,0.5232734990826726,12.166001707631311,0.27410027804609294,1.2389103539810433,0.21537869881673277,1.1118874956430385,1.111107471879149,2317,100,0.6638974650423295,0.057958050076183966,0.5516768250439069,0.7705378080530842
mix_const,34800.0,35400.0,35100.0,2441,0.7154546130107879,0.049573090015179545,1.159073808344048,True,239.9758443388149,,0.02670 0.00339 0.05019 0.03487 0.10210 0.03002 0.12355 0.00482 0.10592 0.03687 0.00000 0.00000 0.19703,1.00e-05 3.16e-05 1.00e-04 3.16e-04 1.00e-03 3.16e-03 1.00e-02 3.16e-02 1.00e-01 3.16e-01 1.00e+00 3.16e+00 1.00e+01,True,1.5945144802771327,1.191281065100319,0.0254658534033243,0.0829020092955105,18.09548623049424,0.05337412782429325,2.825150775060716,0.004725837236711584,1.3743706033355367,1.3110263162125853,3575,100,0.6919945478147456,0.054727946441039274,0.5838012602053018,0.7857014053286702
mix_const,35100.0,35700.0,35400.0,2317,0.5723325994095866,0.05785416671086622,1.6522959312978913,True,155.70704010533223,,0.02259 0.00235 0.02121 0.05597 0.10697 0.02029 0.15435 0.00000 0.07666 0.00000 0.04674 0.00000 0.06521,1.00e-05 3.16e-05 1.00e-04 3.16e-04 1.00e-03 3.16e-03 1.00e-02 3.16e-02 1.00e-01 3.16e-01 1.00e+00 3.16e+00 1.00e+01,False,1.4726428730584356,1.121544003842206,0.024140879437125173,0.1321339281187225,16.510822206621388,0.08591361775205433,2.5115990966370307,0.012018553696842276,1.5310741914747648,1.282183512907279,5373,100,0.5494754052356394,0.054411890506940105,0.4729372931532841,0.6530255139168153
mix_const,35400.0,36000.0,35700.0,3575,0.8323112924029996,0.02918234244206758,1.00512951887632,True,1038.066554611386,,0.00000 0.01931 0.06139 0.04582 0.14747 0.00862 0.15575 0.00000 0.05586 0.08485 0.00496 0.01422 0.23406,1.00e-05 3.16e-05 1.00e-04 3.16e-04 1.00e-03 3.16e-03 1.00e-02 3.16e-02 1.00e-01 3.16e-01 1.00e+00 3.16e+00 1.00e+01,False,2.109693184950223,1.3249023850382613,0.02483862389356839,0.023873420813574513,23.844992446463305,0.008022630009570991,3.0271723022520307,0.0024685320577744322,1.3990527323177901,1.304027858069531,5736,100,0.8091630511076534,0.047609885146769344,0.7069437009208268,0.884107227327825
mix_const,35700.0,36300.0,36000.0,5373,0.8315305324663583,0.0325385034134593,1.5263436800571555,True,1334.2358522427894,,0.00000 0.02130 0.09371 0.07279 0.11940 0.00000 0.15891 0.00000 0.08513 0.05840 0.00927 0.07525 0.13740,1.00e-05 3.16e-05 1.00e-04 3.16e-04 1.00e-03 3.16e-03 1.00e-02 3.16e-02 1.00e-01 3.16e-01 1.00e+00 3.16e+00 1.00e+01,False,2.514650346991234,1.322438311478559,0.019128027734674147,0.03871483728620417,11.314379337543878,0.3335552110407468,3.308081407249797,0.0009393749896049982,1.331369372690595,1.3148067772107872,4495,100,0.8287539364688742,0.03217558381314388,0.7660219311763067,0.8775516281263802
mix_const,36000.0,36600.0,36300.0,5736,0.8224334763565238,0.028985850326638796,1.715863030085599,True,594.586880331655,,0.00000 0.04613 0.05750 0.12234 0.07026 0.00000 0.17734 0.00000 0.09269 0.00000 0.05843 0.13280 0.06494,1.00e-05 3.16e-05 1.00e-04 3.16e-04 1.00e-03 3.16e-03 1.00e-02 3.16e-02 1.00e-01 3.16e-01 1.00e+00 3.16e+00 1.00e+01,False,2.573872832333131,1.316285105269821,0.0202322168032677,0.018014721271855688,10.90080566246309,0.3652982528227838,2.6145168315009624,0.008935375781394394,1.3770237602417492,1.271033135494518,3717,100,0.809957208687468,0.03238710557569736,0.7460317284627981,0.865104513545575
mix_const,36300.0,36900.0,36600.0,4495,0.8302340766269226,0.027352169790463423,1.253419660913071,True,562.2450508016076,,0.00000 0.05243 0.03455 0.11593 0.07276 0.00000 0.17809 0.01405 0.05930 0.00000 0.10845 0.02731 0.16736,1.00e-05 3.16e-05 1.00e-04 3.16e-04 1.00e-03 3.16e-03 1.00e-02 3.16e-02 1.00e-01 3.16e-01 1.00e+00 3.16e+00 1.00e+01,False,2.3319046967708923,1.3181134050813181,0.021897926047295346,0.026447883020994878,4.562900990583546,0.9184028679743621,2.262928581012367,0.023640092210484773,1.5132423682789928,1.5024310075395138,3857,100,0.8070167594170502,0.045122446960141165,0.7034156502122161,0.878553112948283
mix_const,36600.0,37200.0,36900.0,3717,0.7762124259125492,0.03538842137758881,1.3709244611241682,True,1347.9070416175448,,0.00000 0.03240 0.08241 0.05077 0.09808 0.00000 0.17486 0.00274 0.05056 0.03130 0.05280 0.17874 0.02157,1.00e-05 3.16e-05 1.00e-04 3.16e-04 1.00e-03 3.16e-03 1.00e-02 3.16e-02 1.00e-01 3.16e-01 1.00e+00 3.16e+00 1.00e+01,False,2.09854662373516,1.2748041086540545,0.01864740927960351,0.14886181974500756,5.15357560413803,0.8806855972528081,2.071566723659176,0.03830586590605275,1.5041584700237722,1.5036738363144757,3500,100,0.7727045109270796,0.039297895390492284,0.7039059633869462,0.8456091544096747
mix_const,36900.0,37500.0,37200.0,3857,0.8081063687033457,0.027525652458421108,1.2389231336518012,True,102.63560169876492,,0.00000 0.04371 0.11016 0.02166 0.11858 0.00000 0.17578 0.00000 0.08497 0.00000 0.04025 0.21300 0.00000,1.00e-05 3.16e-05 1.00e-04 3.16e-04 1.00e-03 3.16e-03 1.00e-02 3.16e-02 1.00e-01 3.16e-01 1.00e+00 3.16e+00 1.00e+01,False,2.3675674355457472,1.506852132553666,0.020301942007090124,0.08208202135198472,10.806484579950812,0.3727921589679059,2.2651413555132063,0.023504006520914226,1.2380668777173667,1.214878046534098,3131,100,0.8035748717471499,0.03009640980374109,0.7359946452505809,0.850326511914631
mix_const,37200.0,37800.0,37500.0,3500,0.709415374067213,0.03092083548594317,1.6957751219258503,True,136.2013362680181,,0.00206 0.03284 0.10605 0.00000 0.15179 0.00000 0.18752 0.00258 0.06906 0.00000 0.06799 0.08951 0.00000,1.00e-05 3.16e-05 1.00e-04 3.16e-04 1.00e-03 3.16e-03 1.00e-02 3.16e-02 1.00e-01 3.16e-01 1.00e+00 3.16e+00 1.00e+01,False,2.2724868016428608,1.5088982093815024,0.02612538954316368,0.016532183906674044,26.42456884050147,0.0032092333318048095,1.999663219311757,0.04553664237558717,1.2229909036075777,1.1381812846251267,2371,100,0.7147932477599552,0.03467238598691326,0.6585618908176887,0.7934210372831911
mix_const,37500.0,38100.0,37800.0,3131,0.6926153346898783,0.048210378640777166,1.596436117061053,True,738.9475203469812,,0.01105 0.00000 0.08802 0.03010 0.10659 0.02901 0.17094 0.00418 0.04580 0.00000 0.08960 0.01250 0.10481,1.00e-05 3.16e-05 1.00e-04 3.16e-04 1.00e-03 3.16e-03 1.00e-02 3.16e-02 1.00e-01 3.16e-01 1.00e+00 3.16e+00 1.00e+01,False,1.878671228411113,1.2264931623008535,0.019509880616273678,0.18192059341531852,13.580537647347423,0.19299838743149778,0.45528848831121055,0.648901706933874,1.1966698395827025,1.153330830224276,2334,100,0.6820351573922387,0.04849400802625864,0.5877060361479539,0.7626227062815125
mix_const,37800.0,38400.0,38100.0,2371,0.7871832285889029,0.046603431063082394,0.8220556742739382,True,609.6617393319735,,0.00861 0.01235 0.06188 0.05932 0.09396 0.00000 0.15502 0.00000 0.04415 0.00000 0.02006 0.07920 0.25263,1.00e-05 3.16e-05 1.00e-04 3.16e-04 1.00e-03 3.16e-03 1.00e-02 3.16e-02 1.00e-01 3.16e-01 1.00e+00 3.16e+00 1.00e+01,False,1.5287230016827786,1.1545855708335195,0.016722914448711657,0.5156546646277322,11.48847075282588,0.3207478392719773,-0.40186628305565564,0.6877824378794983,1.2097172378150314,1.1922763489497312,2876,100,0.7633292510859648,0.0631974008326711,0.6037179634711068,0.8599274225353052
mix_const,38100.0,38700.0,38400.0,2334,0.7740608677048498,0.0482004154691477,0.8810296624617153,True,193.07815081130494,,0.00177 0.03216 0.05001 0.04364 0.10338 0.00000 0.12229 0.04048 0.08909 0.00000 0.00000 0.13245 0.15880,1.00e-05 3.16e-05 1.00e-04 3.16e-04 1.00e-03 3.16e-03 1.00e-02 3.16e-02 1.00e-01 3.16e-01 1.00e+00 3.16e+00 1.00e+01,False,1.5222238489706543,1.1638146913402991,0.017852119259617272,0.44150343132371805,9.474137862250487,0.48777297618965754,-0.18855313179077474,0.8504430691981166,1.4848408289391437,1.4665838718590394,2850,100,0.7570259191088523,0.05440067761291922,0.6435711853598021,0.8412440557042755
mix_const,38400.0,39000.0,38700.0,2876,0.7367395416861598,0.04562596593393204,1.2610310950613346,True,490.62042769239844,,0.00000 0.05017 0.03825 0.05054 0.08684 0.00000 0.12291 0.09071 0.08822 0.00000 0.05708 0.05082 0.10122,1.00e-05 3.16e-05 1.00e-04 3.16e-04 1.00e-03 3.16e-03 1.00e-02 3.16e-02 1.00e-01 3.16e-01 1.00e+00 3.16e+00 1.00e+01,False,1.7787535737819387,1.2115275101571479,0.019506708495657943,0.22092566354159937,11.710738972505554,0.30488204995915397,0.4566906838397,0.6478933879478042,1.626473976446236,1.6236395475602474,2530,100,0.7163684702534061,0.04349135786079368,0.629840993378523,0.7941045542053073
mix_const,38700.0,39300.0,39000.0,2850,0.7408971419655764,0.038110842762811854,1.2268309452564208,True,338.99016674162266,,0.00704 0.01876 0.07827 0.06324 0.08156 0.00000 0.18367 0.04040 0.07137 0.00000 0.06629 0.11507 0.01525,1.00e-05 3.16e-05 1.00e-04 3.16e-04 1.00e-03 3.16e-03 1.00e-02 3.16e-02 1.00e-01 3.16e-01 1.00e+00 3.16e+00 1.00e+01,False,2.0338428233759243,1.4756982053293746,0.014638496956512509,0.5694212744318623,25.558539291595476,0.004381563852214064,0.025939673717775624,0.9793054556325461,1.6423981880766896,1.6318117045102463,2443,100,0.7369990483178347,0.037192501646658514,0.6563547513790778,0.805579412980037
mix_const,39000.0,39600.0,39300.0,2530,0.7250868557462549,0.028194943790534124,1.1570410294716234,True,108.8557686672539,,0.00690 0.00300 0.10781 0.04002 0.11375 0.00000 0.18747 0.04131 0.04616 0.00000 0.05833 0.12032 0.00000,1.00e-05 3.16e-05 1.00e-04 3.16e-04 1.00e-03 3.16e-03 1.00e-02 3.16e-02 1.00e-01 3.16e-01 1.00e+00 3.16e+00 1.00e+01,False,2.0762888965332693,1.6372439700278498,0.013228108201881195,0.7626022110067644,34.18099025535873,0.00017210149806879167,-0.5750817377964875,0.5652360182112416,1.6024682306722458,1.6023168731901736,2624,100,0.733978013234657,0.034615544844396585,0.6669589833738929,0.8006625133537971
mix_const,39300.0,39900.0,39600.0,2443,0.6868371527364971,0.038865874482973455,1.2766301307089705,True,660.5214905878404,,0.00000 0.05206 0.06561 0.02518 0.12856 0.00000 0.19066 0.04744 0.02848 0.01588 0.04989 0.06997 0.01310,1.00e-05 3.16e-05 1.00e-04 3.16e-04 1.00e-03 3.16e-03 1.00e-02 3.16e-02 1.00e-01 3.16e-01 1.00e+00 3.16e+00 1.00e+01,False,2.0413655441352483,1.6373131280936544,0.008344025518613248,0.9952123269597134,22.582697771396994,0.012396253964880503,-0.36003459185536973,0.7188212652019287,1.6137997437347995,1.613628236061091,2548,100,0.6876800838975402,0.03963172956909245,0.6200622271804257,0.7665584748058718
mix_const,39600.0,40200.0,39900.0,2624,0.7073062553033063,0.043289520392075384,1.2862027266324088,True,895.9184650750176,,0.01816 0.04347 0.07013 0.01317 0.14300 0.00000 0.16635 0.05862 0.00097 0.02130 0.07384 0.04099 0.05730,1.00e-05 3.16e-05 1.00e-04 3.16e-04 1.00e-03 3.16e-03 1.00e-02 3.16e-02 1.00e-01 3.16e-01 1.00e+00 3.16e+00 1.00e+01,False,2.086793053362479,1.611267558514646,0.021204788950964948,0.1860836120143443,25.06285014819671,0.0052276390076741045,0.3814351827428413,0.7028803586831829,1.675323094577908,1.6238583563002635,1914,100,0.6944054745159733,0.04075785854436432,0.623476073720537,0.7737077750310747
mix_const,39900.0,40500.0,40200.0,2548,0.7518814015837242,0.04163297453203224,1.0507922200274769,True,329.29011171839454,,0.04383 0.00000 0.10180 0.00166 0.15254 0.00000 0.11064 0.10604 0.00000 0.00000 0.07779 0.00286 0.15471,1.00e-05 3.16e-05 1.00e-04 3.16e-04 1.00e-03 3.16e-03 1.00e-02 3.16e-02 1.00e-01 3.16e-01 1.00e+00 3.16e+00 1.00e+01,False,2.0745101650867546,1.6283758036108469,0.01746200534311393,0.41416091098556185,37.01541695332942,5.6246966429533544e-05,0.7402724488082734,0.4591346948977659,1.4235348200263895,1.27161326130989,1531,100,0.7336757842465671,0.05284647425901427,0.6328333558796745,0.8159026761832294
mix_const,40200.0,40800.0,40500.0,1914,0.6974431743954708,0.04127958362806336,0.9517763542795187,True,518.0234744837381,,0.05185 0.00000 0.09323 0.00000 0.14086 0.01920 0.08001 0.09687 0.00000 0.01530 0.00063 0.00844 0.19104,1.00e-05 3.16e-05 1.00e-04 3.16e-04 1.00e-03 3.16e-03 1.00e-02 3.16e-02 1.00e-01 3.16e-01 1.00e+00 3.16e+00 1.00e+01,False,1.7969837878389703,1.6369628710422173,0.012901480383939179,0.9034086904166689,47.03253038957413,9.314933713628971e-07,-0.08781302935231287,0.9300252818464255,1.3862180773654258,1.3627559744006197,1551,100,0.6625769443162294,0.06806179943902878,0.5112948917289876,0.7831156217472776
mix_const,40500.0,41100.0,40800.0,1531,0.5119251682283222,0.04651942929170613,1.2453260902839913,True,326.1793059740241,,0.04830 0.00000 0.06408 0.00000 0.10996 0.05190 0.09055 0.00000 0.04464 0.03838 0.03036 0.03375 0.00000,1.00e-05 3.16e-05 1.00e-04 3.16e-04 1.00e-03 3.16e-03 1.00e-02 3.16e-02 1.00e-01 3.16e-01 1.00e+00 3.16e+00 1.00e+01,False,1.2279744935719537,1.2912277531304164,0.01584895595327307,0.8305200530332175,14.039640286374643,0.17119115897583298,-0.5416279553749543,0.5880748296237566,1.3391762431447425,1.323622845165521,1858,100,0.5296752623086215,0.051707937212605436,0.4434170061637561,0.6391678894349704
mix_const,40800.0,41400.0,41100.0,1551,0.6232238434147522,0.059431910076557265,0.9737059381846355,True,64.72384040271835,,0.04445 0.00000 0.07294 0.03048 0.08865 0.00000 0.14068 0.00000 0.06843 0.00000 0.08632 0.00000 0.09128,1.00e-05 3.16e-05 1.00e-04 3.16e-04 1.00e-03 3.16e-03 1.00e-02 3.16e-02 1.00e-01 3.16e-01 1.00e+00 3.16e+00 1.00e+01,False,1.3214953266263727,1.3717698186659804,0.019267135262750146,0.6053662993332218,7.865900995028417,0.6419337088354932,-0.5443879209111877,0.5861745561566252,1.2002807941480633,1.1948277086381407,1745,100,0.6072423229674794,0.059128720684510146,0.49951009577965133,0.7339006900374148
mix_const,41100.0,41700.0,41400.0,1858,0.7766735643780585,0.04480753179129244,0.6906060613905771,True,137.24521178113952,,0.03834 0.00000 0.09868 0.00000 0.09369 0.00000 0.13858 0.03647 0.06149 0.00000 0.00000 0.16418 0.14524,1.00e-05 3.16e-05 1.00e-04 3.16e-04 1.00e-03 3.16e-03 1.00e-02 3.16e-02 1.00e-01 3.16e-01 1.00e+00 3.16e+00 1.00e+01,False,1.4781733009620022,1.3478470368043647,0.01821788102957278,0.5619666940554546,12.479717380183631,0.2542322893451189,-0.33591616666255975,0.7369340855100803,1.280354303874622,1.195709985348036,1263,100,0.7616655751184044,0.06250475760911398,0.6147781279405248,0.8602416789364432
mix_const,41400.0,42000.0,41700.0,1745,0.7574034449551773,0.04419220988564497,0.7118099270472313,True,179.54173080109422,,0.02822 0.00000 0.07543 0.00000 0.11406 0.00000 0.15043 0.00000 0.06227 0.01162 0.00000 0.22604 0.08933,1.00e-05 3.16e-05 1.00e-04 3.16e-04 1.00e-03 3.16e-03 1.00e-02 3.16e-02 1.00e-01 3.16e-01 1.00e+00 3.16e+00 1.00e+01,False,1.2736269372865179,1.2060467578661367,0.024886980151248683,0.22616513156482232,17.25141295473821,0.06898269357130986,0.14187260654350115,0.8871806322294038,1.6131651483327643,1.589718679867587,1390,100,0.7433741654589544,0.05080728412173848,0.6454835723143391,0.8341697445314123
mix_const,41700.0,42300.0,42000.0,1263,0.5452434703428537,0.04894753787390127,0.9574665296379314,True,48.27093656859014,,0.05606 0.00000 0.05721 0.00000 0.10065 0.00000 0.12435 0.00000 0.01545 0.03198 0.00000 0.15955 0.00000,1.00e-05 3.16e-05 1.00e-04 3.16e-04 1.00e-03 3.16e-03 1.00e-02 3.16e-02 1.00e-01 3.16e-01 1.00e+00 3.16e+00 1.00e+01,False,0.9576431999321531,1.2133277327978085,0.01819344868169953,0.7901717640959185,7.111498098301853,0.7148785973493311,-0.3235810087669707,0.7462552678564609,1.514923548639196,1.5083082947408148,1429,100,0.5432475420640176,0.06537886295950725,0.4208867618706157,0.6773048480792113
mix_const,42000.0,42600.0,42300.0,1390,0.5889664066386388,0.05474385109320291,0.9498539877339888,True,111.3975036698459,,0.05086 0.02567 0.05628 0.00000 0.11456 0.00000 0.16209 0.01227 0.05040 0.00000 0.00000 0.10310 0.01372,1.00e-05 3.16e-05 1.00e-04 3.16e-04 1.00e-03 3.16e-03 1.00e-02 3.16e-02 1.00e-01 3.16e-01 1.00e+00 3.16e+00 1.00e+01,False,1.44895917944881,1.6088298085402188,0.01918542257736494,0.6782433428841086,15.818774523700005,0.10493904044546434,0.2509523314007186,0.8018509640306428,1.263838895189606,1.256960274032223,1237,100,0.587967551538563,0.050492091603026173,0.4883515105452959,0.6878856801345165
mix_const,42300.0,42900.0,42600.0,1429,0.6351286830022617,0.04775818928328219,0.8686961024299361,True,34.69649144202736,,0.02343 0.03975 0.05945 0.00000 0.11198 0.00000 0.12629 0.10410 0.00000 0.00000 0.10772 0.00000 0.06241,1.00e-05 3.16e-05 1.00e-04 3.16e-04 1.00e-03 3.16e-03 1.00e-02 3.16e-02 1.00e-01 3.16e-01 1.00e+00 3.16e+00 1.00e+01,False,1.4002114565859383,1.532410933872217,0.02833086396471285,0.19776012263083598,17.755743380339904,0.05922636096138148,0.967079536797103,0.3335042742964145,1.5797484522013923,1.5795657319730805,1393,100,0.6364336293849551,0.04787014831273923,0.5488365895746771,0.7321851734731349
mix_const,42600.0,43200.0,42900.0,1237,0.5420826207596731,0.06897215265016164,0.9442468820595628,True,61.59438087969411,,0.05256 0.00000 0.08076 0.01049 0.05679 0.00000 0.10681 0.06916 0.00000 0.00000 0.13411 0.00000 0.03140,1.00e-05 3.16e-05 1.00e-04 3.16e-04 1.00e-03 3.16e-03 1.00e-02 3.16e-02 1.00e-01 3.16e-01 1.00e+00 3.16e+00 1.00e+01,False,0.9946336023809774,1.271118885204636,0.021163151652714984,0.6288353162082654,10.254248484207663,0.4184776158469757,-0.5911720742719123,0.5544051317867749,1.9449225234773357,1.859283915092847,1934,100,0.5497580198692952,0.06099929210189342,0.43581985018807806,0.6685764940948777
mix_const,42900.0,43500.0,43200.0,1393,0.6557544154757214,0.04968326787988045,0.8010706105433603,True,636.4290049374763,,0.05656 0.00000 0.08574 0.02110 0.09677 0.00000 0.10207 0.06211 0.01591 0.01660 0.01570 0.06380 0.11940,1.00e-05 3.16e-05 1.00e-04 3.16e-04 1.00e-03 3.16e-03 1.00e-02 3.16e-02 1.00e-01 3.16e-01 1.00e+00 3.16e+00 1.00e+01,False,1.4351799690725042,1.5928946505088448,0.017256892470864316,0.7943701053124099,14.168010853145375,0.16546513571438576,0.5397167605840688,0.5893923794661586,1.6474523473811804,1.614587816817318,1833,100,0.6302652495712787,0.06917188880193394,0.5112921947190383,0.7529654289520513
mix_const,43200.0,43800.0,43500.0,1934,0.7537527566658488,0.032961052029481214,0.7918193136105217,True,169.128823425397,,0.03334 0.00000 0.09549 0.03597 0.11140 0.06640 0.09370 0.05780 0.05051 0.00000 0.05128 0.00000 0.15787,1.00e-05 3.16e-05 1.00e-04 3.16e-04 1.00e-03 3.16e-03 1.00e-02 3.16e-02 1.00e-01 3.16e-01 1.00e+00 3.16e+00 1.00e+01,False,2.0761473121651024,1.905731291368009,0.018619810442571938,0.507834789225786,63.60998044104676,7.470204417294292e-10,1.1958139722842809,0.23176916216613364,1.3696779437308804,1.2674336700946374,1270,100,0.7283476608388787,0.054411480526317724,0.6174789536884268,0.8146156030216753
mix_const,43500.0,44100.0,43800.0,1833,0.7103368931434351,0.03703462826223866,0.886835368473606,True,271.7540226522022,,0.00593 0.03925 0.04349 0.06565 0.08117 0.07522 0.07923 0.06822 0.03995 0.00000 0.04815 0.03997 0.12409,1.00e-05 3.16e-05 1.00e-04 3.16e-04 1.00e-03 3.16e-03 1.00e-02 3.16e-02 1.00e-01 3.16e-01 1.00e+00 3.16e+00 1.00e+01,False,1.7504587042782493,1.6336791116546907,0.021075542763587307,0.3842409404444129,67.95852657691238,1.0970658442044923e-10,0.2941202689354598,0.7686660031602794,1.5316055751177318,1.376687272941851,1086,100,0.6881001181347548,0.05293974589217317,0.5934227044174242,0.7753895666023587
mix_const,43800.0,44400.0,44100.0,1270,0.6497580333549817,0.062247675064218605,0.7441647232274979,True,445.0486551781367,,0.02346 0.01141 0.06517 0.03399 0.10353 0.00000 0.08540 0.04388 0.01725 0.00000 0.02859 0.11108 0.12599,1.00e-05 3.16e-05 1.00e-04 3.16e-04 1.00e-03 3.16e-03 1.00e-02 3.16e-02 1.00e-01 3.16e-01 1.00e+00 3.16e+00 1.00e+01,False,1.0403931747683743,1.290550650531884,0.013060633378562114,0.9799742758714968,18.265022386576387,0.05065428792656214,-0.1434747400529848,0.8859152593583386,1.149972713141481,1.0706105487453783,849,100,0.6267280526378999,0.06833622691004117,0.4781857896337465,0.752318423136293
mix_const,44100.0,44700.0,44400.0,1086,0.5345764201523826,0.05926377921209036,0.8403478589909178,True,129.42337465270745,,0.03107 0.00000 0.06242 0.04515 0.07647 0.00000 0.14635 0.00000 0.01820 0.08145 0.00000 0.00243 0.07104,1.00e-05 3.16e-05 1.00e-04 3.16e-04 1.00e-03 3.16e-03 1.00e-02 3.16e-02 1.00e-01 3.16e-01 1.00e+00 3.16e+00 1.00e+01,False,0.9876944637916201,1.3943676185138858,0.015704205497872215,0.9477327452953108,30.594147121771467,0.0006844359987315176,-0.8871398021272631,0.3750036373671143,1.463988586201793,1.4495390823131014,885,100,0.5238465689653046,0.05239877957896568,0.4352260999360923,0.6164431135220353
mix_const,44400.0,45000.0,44700.0,849,0.612529453749567,0.059783176428543104,0.5426427688001669,True,189.40813836498504,,0.02466 0.00000 0.02765 0.05037 0.03808 0.03338 0.10218 0.03351 0.07479 0.01449 0.00000 0.00000 0.21342,1.00e-05 3.16e-05 1.00e-04 3.16e-04 1.00e-03 3.16e-03 1.00e-02 3.16e-02 1.00e-01 3.16e-01 1.00e+00 3.16e+00 1.00e+01,False,0.43872729736576344,1.0915977662705625,0.020349237593583203,0.8662311896164199,15.220798225088446,0.12421690953113691,-1.0293239184683403,0.3033274873631101,1.5242191542936145,1.5083070911548713,1021,100,0.5658176758385869,0.09143341471636261,0.3853384919958224,0.7149029145550618
mix_const,44700.0,45300.0,45000.0,885,0.6076516440281774,0.05423706324710165,0.5780853152010903,True,169.36279916110362,,0.02469 0.03837 0.00775 0.05948 0.09571 0.06327 0.01714 0.07111 0.03153 0.00000 0.03491 0.00000 0.16369,1.00e-05 3.16e-05 1.00e-04 3.16e-04 1.00e-03 3.16e-03 1.00e-02 3.16e-02 1.00e-01 3.16e-01 1.00e+00 3.16e+00 1.00e+01,False,0.8505078218530664,1.4618498320612832,0.018669110859729332,0.9114973744865418,16.922433664615284,0.07609804222483577,-0.8837130966775982,0.3768511086543499,1.345806165214624,1.3456083390537366,934,100,0.5864648803179804,0.07346987391864826,0.4362322177880726,0.7181171777084853
mix_const,45000.0,45600.0,45300.0,1021,0.5751923055166768,0.059011600010069346,0.7236169555057888,True,293.8307578501052,,0.04219 0.01222 0.03002 0.05780 0.11368 0.00000 0.10255 0.03864 0.04036 0.00000 0.02163 0.08303 0.03306,1.00e-05 3.16e-05 1.00e-04 3.16e-04 1.00e-03 3.16e-03 1.00e-02 3.16e-02 1.00e-01 3.16e-01 1.00e+00 3.16e+00 1.00e+01,False,1.0653308730342335,1.5337227100857143,0.019355360603349636,0.8316044815359883,19.78799502928242,0.03132288112202192,-0.6910260843952722,0.48954914899846613,1.419504217437817,1.412611914362885,1180,100,0.5723842172331566,0.056450965224075646,0.4736790276228046,0.6778456876354854
mix_const,45300.0,45900.0,45600.0,934,0.5293229715383128,0.08988734326997645,0.7337211104054913,True,215.13951028910824,,0.04230 0.00000 0.06460 0.04065 0.08908 0.00000 0.06343 0.08715 0.00000 0.00496 0.00000 0.06957 0.06758,1.00e-05 3.16e-05 1.00e-04 3.16e-04 1.00e-03 3.16e-03 1.00e-02 3.16e-02 1.00e-01 3.16e-01 1.00e+00 3.16e+00 1.00e+01,False,0.801560836416159,1.3590140534034627,0.03189382786377981,0.29188799219068373,9.778715572470698,0.46011726424243904,-0.012883245321863999,0.9897209418150392,1.3554454684997406,1.3049500599955697,1345,100,0.5107773110538707,0.06289197417231204,0.4148790479937558,0.6466860130851564
mix_const,45600.0,46200.0,45900.0,1180,0.642384349792614,0.06491061861434487,0.7031211106925,True,43.978553821965754,,0.02361 0.00000 0.08865 0.00000 0.14616 0.00000 0.10157 0.05619 0.00000 0.02616 0.00000 0.00000 0.20005,1.00e-05 3.16e-05 1.00e-04 3.16e-04 1.00e-03 3.16e-03 1.00e-02 3.16e-02 1.00e-01 3.16e-01 1.00e+00 3.16e+00 1.00e+01,False,1.0958558538120797,1.4195157915685155,0.03237143610861204,0.16493979213123078,14.452506122222191,0.15333367281517982,1.0251437211988677,0.30529537847214416,1.3217619827756657,1.3214988817744735,1219,100,0.6100700721677484,0.07142972342492357,0.4750637664774,0.7275957809973558
mix_const,45900.0,46500.0,46200.0,1345,0.6518617086191412,0.06669323585346748,0.7877754704309721,True,187.0089041761032,,0.01352 0.00000 0.05953 0.02006 0.14295 0.00365 0.12195 0.07399 0.00760 0.00000 0.00000 0.09194 0.11667,1.00e-05 3.16e-05 1.00e-04 3.16e-04 1.00e-03 3.16e-03 1.00e-02 3.16e-02 1.00e-01 3.16e-01 1.00e+00 3.16e+00 1.00e+01,False,1.1367982079347843,1.329578571114991,0.024684865367715525,0.3793231739556465,8.27135216411253,0.6023503102981986,1.6276769071759662,0.10359341218602588,1.5950094715908452,1.5790768189039686,1107,100,0.6397199628005453,0.06857109426862383,0.4786817819795106,0.7568202096693811
mix_const,46200.0,46800.0,46500.0,1219,0.7179243745256358,0.05724529933543456,0.582900992769791,True,143.61003231321698,,0.01655 0.01335 0.06814 0.03513 0.08482 0.00000 0.11708 0.07610 0.01452 0.00000 0.00000 0.04650 0.24574,1.00e-05 3.16e-05 1.00e-04 3.16e-04 1.00e-03 3.16e-03 1.00e-02 3.16e-02 1.00e-01 3.16e-01 1.00e+00 3.16e+00 1.00e+01,False,1.037234341495115,1.32837786722999,0.016923719052234665,0.8701010605302014,11.952022683747817,0.2882802825010876,0.5368915307902148,0.5913425414519511,1.2655072756335275,1.2635280739240549,1144,100,0.6813699159919174,0.06583709199367938,0.5444690486375183,0.7809433253297811
mix_const,46500.0,47100.0,46800.0,1107,0.687328566847468,0.05557028897209783,0.5610857286041109,True,38.07426709966792,,0.03309 0.03179 0.09703 0.00000 0.08940 0.00000 0.13457 0.00153 0.04975 0.00000 0.00000 0.00000 0.25017,1.00e-05 3.16e-05 1.00e-04 3.16e-04 1.00e-03 3.16e-03 1.00e-02 3.16e-02 1.00e-01 3.16e-01 1.00e+00 3.16e+00 1.00e+01,False,1.2292560960097871,1.6167768185172966,0.024319902449995046,0.5213530383584414,9.117150738568846,0.5210228683211097,-0.15224390108775296,0.8789945694478799,1.1362686436165887,1.139182247649261,1172,100,0.6520360084939953,0.07512121321778205,0.49867655356106316,0.781473487078763
mix_const,46800.0,47400.0,47100.0,1144,0.5452108628438093,0.07950033437378745,0.8644274832291665,True,176.20553455305145,,0.03038 0.02013 0.07382 0.00000 0.07967 0.00879 0.13244 0.00548 0.02712 0.04361 0.00000 0.00000 0.12378,1.00e-05 3.16e-05 1.00e-04 3.16e-04 1.00e-03 3.16e-03 1.00e-02 3.16e-02 1.00e-01 3.16e-01 1.00e+00 3.16e+00 1.00e+01,False,0.9201925265567766,1.27483600983318,0.01713651311254516,0.8841884337266247,23.540997021679996,0.00891652950863975,0.09409010206315284,0.9250375829095627,1.3480237600833604,1.343135298198135,1003,100,0.5208301679804174,0.06760252754142893,0.39721487381736104,0.6421692592187196
mix_const,47100.0,47700.0,47400.0,1172,0.5028490221003161,0.052616852491758376,0.9711417313225127,True,424.56606448415806,,0.03490 0.00000 0.07900 0.00000 0.07433 0.00000 0.11103 0.07047 0.01682 0.00870 0.07147 0.03612 0.00000,1.00e-05 3.16e-05 1.00e-04 3.16e-04 1.00e-03 3.16e-03 1.00e-02 3.16e-02 1.00e-01 3.16e-01 1.00e+00 3.16e+00 1.00e+01,False,0.8248899892134035,1.155352674292592,0.019724988712163882,0.7441076623842525,11.39389452208829,0.3276642683268681,0.22792860091233957,0.8197017475629229,1.4639831650797461,1.4603155388659506,1010,100,0.5131555673551477,0.053473188753925385,0.4214175870618365,0.6233945975395567
mix_const,47400.0,48000.0,47700.0,1003,0.5636384059528914,0.06805638338480223,0.7276369383912233,True,207.42908653710347,,0.04506 0.00000 0.08114 0.00817 0.08196 0.00000 0.08820 0.07327 0.03204 0.00830 0.00000 0.11476 0.03075,1.00e-05 3.16e-05 1.00e-04 3.16e-04 1.00e-03 3.16e-03 1.00e-02 3.16e-02 1.00e-01 3.16e-01 1.00e+00 3.16e+00 1.00e+01,False,0.8633132127724328,1.3494920800266437,0.027210126527726974,0.4399203966249867,9.06816353150709,0.5256470763743082,0.750074466775742,0.4532098565389222,1.7785699340137027,1.78028164730906,990,100,0.5605026524741631,0.0571743088886999,0.4419661460792102,0.6576870453246482
mix_const,47700.0,48300.0,48000.0,1010,0.5888177920211948,0.05999525495466278,0.6933077034301395,True,179.74712028506644,,0.02972 0.03771 0.01658 0.03013 0.11760 0.00025 0.14207 0.02412 0.00264 0.00000 0.04358 0.00000 0.14441,1.00e-05 3.16e-05 1.00e-04 3.16e-04 1.00e-03 3.16e-03 1.00e-02 3.16e-02 1.00e-01 3.16e-01 1.00e+00 3.16e+00 1.00e+01,False,0.9970968608849508,1.4763209062657918,0.02381960617383605,0.6067160170819813,11.123527634006209,0.34797543586290314,0.43814162866733997,0.6612836191495235,1.4953087004306733,1.4640415880297213,782,100,0.5616994790130334,0.06783923106977124,0.43450727874222994,0.6812270683996965
mix_const,48000.0,48600.0,48300.0,990,0.6414741519186945,0.05627990192907001,0.5933175479398405,True,255.95897997744663,,0.03951 0.04469 0.03702 0.04191 0.09762 0.00000 0.16153 0.00430 0.00640 0.01300 0.02167 0.00000 0.17384,1.00e-05 3.16e-05 1.00e-04 3.16e-04 1.00e-03 3.16e-03 1.00e-02 3.16e-02 1.00e-01 3.16e-01 1.00e+00 3.16e+00 1.00e+01,False,1.298099811880168,1.797324523967679,0.02476712303799322,0.569538125357624,32.661900411925956,0.0003104008411340975,-0.18073478425961814,0.8565757544855699,1.3547992519741459,1.3557936764769707,956,100,0.6092767833160913,0.06694810301684957,0.49019968830127125,0.7197030764733263
mix_const,48300.0,48900.0,48600.0,782,0.5418679399738731,0.07143035210323419,0.5964361582329699,True,25.43594604568633,,0.04689 0.00000 0.11876 0.00000 0.06248 0.00000 0.08985 0.00000 0.07327 0.00000 0.00000 0.00000 0.15063,1.00e-05 3.16e-05 1.00e-04 3.16e-04 1.00e-03 3.16e-03 1.00e-02 3.16e-02 1.00e-01 3.16e-01 1.00e+00 3.16e+00 1.00e+01,False,0.7633530664492882,1.4984279811201235,0.015148087275814182,0.9927558164522232,16.62565713100441,0.08306861174632997,-0.5117305007322713,0.6088396365252942,1.385135534876119,1.371608498463352,936,100,0.5050421613395286,0.07497258026215242,0.36990107545897644,0.6481234279425856
mix_const,48600.0,49200.0,48900.0,956,0.5647524259566654,0.06498461440860637,0.6948859588875248,True,133.11494460803803,,0.03071 0.00000 0.09129 0.00000 0.10914 0.00000 0.11141 0.00000 0.03377 0.05219 0.00000 0.11670 0.01954,1.00e-05 3.16e-05 1.00e-04 3.16e-04 1.00e-03 3.16e-03 1.00e-02 3.16e-02 1.00e-01 3.16e-01 1.00e+00 3.16e+00 1.00e+01,False,0.8383424601302693,1.3725142022950145,0.01703777251327765,0.9396809866508039,20.35849980796455,0.026038522394889258,-0.4298689487074369,0.6672909741516249,1.184118756850051,1.1625108317927877,777,100,0.5505840130046312,0.060273189806711966,0.4343858440936809,0.6683327072964623
mix_const,48900.0,49500.0,49200.0,936,0.6084704423382983,0.060896428479085066,0.6101538195355821,True,126.69170092441894,,0.03108 0.00300 0.06583 0.03166 0.08678 0.03086 0.10272 0.00000 0.01237 0.09640 0.00000 0.00000 0.14777,1.00e-05 3.16e-05 1.00e-04 3.16e-04 1.00e-03 3.16e-03 1.00e-02 3.16e-02 1.00e-01 3.16e-01 1.00e+00 3.16e+00 1.00e+01,False,0.8391664701764887,1.3944806489150428,0.029525546435311523,0.38081211770887624,20.67087346280136,0.023509151017255245,-0.07288806925154666,0.9418951880480251,1.094118349538341,1.0278082625427405,658,100,0.5722945409533619,0.06855937614334405,0.4463479892810699,0.7087145783025707
mix_const,49200.0,49800.0,49500.0,777,0.4675428931208754,0.07694931200879551,0.6864754669107132,True,211.61096131728186,,0.02455 0.00195 0.06978 0.02514 0.06910 0.02775 0.04019 0.06299 0.02813 0.01260 0.00000 0.00000 0.10536,1.00e-05 3.16e-05 1.00e-04 3.16e-04 1.00e-03 3.16e-03 1.00e-02 3.16e-02 1.00e-01 3.16e-01 1.00e+00 3.16e+00 1.00e+01,False,0.43119678085143165,1.1726860856999306,0.020729209035385,0.885151018688627,9.089473917726618,0.5236337848160726,-0.13283599061904935,0.8943230901739283,0.8700138619544793,0.8487100827700291,619,100,0.4443836412588753,0.0694038464935028,0.33005766316381485,0.578607386068746
mix_const,49500.0,50100.0,49800.0,658,0.5354783399506294,0.0844085240393847,0.5085401320891092,True,76.89927387746603,,0.00811 0.03086 0.03558 0.03028 0.06895 0.00000 0.07057 0.06470 0.00000 0.00000 0.00160 0.00000 0.22484,1.00e-05 3.16e-05 1.00e-04 3.16e-04 1.00e-03 3.16e-03 1.00e-02 3.16e-02 1.00e-01 3.16e-01 1.00e+00 3.16e+00 1.00e+01,False,0.1402639870944043,1.0479887109852335,0.02201104603020365,0.9002634164060574,17.53722434976173,0.06329012931546615,-0.25306213734434535,0.8002201967571659,1.3068862563704227,1.2385548875153578,984,100,0.4723998090299911,0.10012288896878485,0.2945079735244654,0.651463392608727
mix_const,49800.0,50400.0,50100.0,619,0.5864103156589551,0.08664545418310689,0.43384980778190824,True,103.51688125355398,,0.02162 0.00000 0.03325 0.01164 0.06768 0.00000 0.03667 0.15110 0.00000 0.00000 0.00000 0.03978 0.22468,1.00e-05 3.16e-05 1.00e-04 3.16e-04 1.00e-03 3.16e-03 1.00e-02 3.16e-02 1.00e-01 3.16e-01 1.00e+00 3.16e+00 1.00e+01,False,-0.09128749311360179,0.8775368894179484,0.013730150066337377,0.9997289286084153,12.788606071458902,0.23573245032279605,-0.19644582318640355,0.8442612331964887,1.5780829006223525,1.414985039177167,1170,100,0.5273569815083503,0.09159605549532039,0.33835907450260744,0.6801509026013816
mix_const,50100.0,50700.0,50400.0,984,0.7273866529114218,0.05319498149990394,0.4520281962219614,True,77.4174436351505,,0.02088 0.00000 0.06634 0.02070 0.10274 0.00000 0.01559 0.19874 0.00000 0.00000 0.00000 0.15166 0.15073,1.00e-05 3.16e-05 1.00e-04 3.16e-04 1.00e-03 3.16e-03 1.00e-02 3.16e-02 1.00e-01 3.16e-01 1.00e+00 3.16e+00 1.00e+01,False,0.7666428351094907,1.2719465932733836,0.021976464999173884,0.7202012001987514,15.111644547896539,0.12804420393752725,-0.3341845754288921,0.7382402826056199,1.7074893952843093,1.689490448654888,1197,100,0.6986420884379886,0.062339489364761094,0.572701367325469,0.8177815102114574
mix_const,50400.0,51000.0,50700.0,1170,0.6944987355649259,0.05364173301276265,0.5920070881284265,True,184.4932186471348,,0.03200 0.00000 0.08223 0.00000 0.11603 0.00000 0.09302 0.09034 0.03544 0.08892 0.00000 0.01126 0.14525,1.00e-05 3.16e-05 1.00e-04 3.16e-04 1.00e-03 3.16e-03 1.00e-02 3.16e-02 1.00e-01 3.16e-01 1.00e+00 3.16e+00 1.00e+01,False,1.126496076355815,1.4586667037801595,0.03507257261876101,0.10980542182384645,10.798374749317212,0.37344082108547383,-0.06054578118853992,0.9517209545883517,1.6497575439852556,1.6231198037712857,1502,100,0.6635692886901695,0.0576772390954562,0.5576124246972167,0.7807335973367818
mix_const,50700.0,51300.0,51000.0,1197,0.563331113119751,0.04026035352326264,0.8710194403713395,True,35.71051986457251,,0.07904 0.00000 0.05282 0.00000 0.12095 0.00000 0.16886 0.00000 0.09680 0.01348 0.00000 0.03139 0.00000,1.00e-05 3.16e-05 1.00e-04 3.16e-04 1.00e-03 3.16e-03 1.00e-02 3.16e-02 1.00e-01 3.16e-01 1.00e+00 3.16e+00 1.00e+01,False,1.4366501781917813,1.7460061278499543,0.046617497359028315,0.010650831099704014,12.010383245093529,0.28436218933604984,0.4996995507089843,0.6172866488956505,1.4171919421929826,1.4030736061476363,1582,100,0.573014019123478,0.041358719712177534,0.5027290926723395,0.6531596524101734
mix_const,51000.0,51600.0,51300.0,1502,0.8182857544320601,0.044341599759553325,0.45882487839791564,True,310.37628134390565,,0.07048 0.00000 0.06593 0.00000 0.12357 0.00000 0.16390 0.00000 0.06372 0.00000 0.00277 0.07750 0.25041,1.00e-05 3.16e-05 1.00e-04 3.16e-04 1.00e-03 3.16e-03 1.00e-02 3.16e-02 1.00e-01 3.16e-01 1.00e+00 3.16e+00 1.00e+01,False,1.5640581092280077,1.646434932120074,0.020843248848623486,0.524660880537934,10.771462504669184,0.3755982705751827,0.02945339148280241,0.9765029910064701,1.4990585946821742,1.4821737379683262,1255,100,0.7940063326923433,0.054883572354708705,0.6679687680391662,0.8808046394307978
mix_const,51300.0,51900.0,51600.0,1582,0.7895467428116868,0.0435227653150887,0.5519252451631543,True,325.4975698254106,,0.05510 0.00000 0.08650 0.00000 0.09214 0.00000 0.14292 0.00000 0.06139 0.00000 0.03700 0.13933 0.17516,1.00e-05 3.16e-05 1.00e-04 3.16e-04 1.00e-03 3.16e-03 1.00e-02 3.16e-02 1.00e-01 3.16e-01 1.00e+00 3.16e+00 1.00e+01,False,1.4039296479101482,1.434414154798695,0.011961061054685085,0.975394736575945,21.812548273129714,0.016088552998429283,-0.13628628203093107,0.8915949680514078,1.6698764038324452,1.6580790184854026,1345,100,0.7632223605708682,0.053470148369875174,0.654919355039446,0.8482813196055732
mix_const,51600.0,52200.0,51900.0,1255,0.7198676499662328,0.05774104935387164,0.5835129596248264,True,129.62996862274693,,0.06537 0.00000 0.07272 0.02958 0.06263 0.00000 0.14366 0.00454 0.03586 0.00000 0.00000 0.16721 0.13829,1.00e-05 3.16e-05 1.00e-04 3.16e-04 1.00e-03 3.16e-03 1.00e-02 3.16e-02 1.00e-01 3.16e-01 1.00e+00 3.16e+00 1.00e+01,False,1.2287322606679716,1.4907710643182335,0.020436442430866064,0.663206494263052,16.953188290120796,0.07540624250464756,0.3364677686610676,0.7365181530524667,1.3489774197685176,1.3440970727129204,1400,100,0.703658000568564,0.05527236024904531,0.5799046373189125,0.8039048812284242
mix_const,51900.0,52500.0,52200.0,1345,0.7338369092856764,0.04581271827429749,0.6006390967857785,True,84.2053219157127,,0.05480 0.00000 0.00936 0.13297 0.06633 0.00000 0.16605 0.02076 0.00000 0.00000 0.00000 0.16993 0.11364,1.00e-05 3.16e-05 1.00e-04 3.16e-04 1.00e-03 3.16e-03 1.00e-02 3.16e-02 1.00e-01 3.16e-01 1.00e+00 3.16e+00 1.00e+01,False,1.4860602141618844,1.6788405773420911,0.025892109461989943,0.32248170936305864,21.275294719175943,0.019253634307396225,0.2954854768833028,0.7676230450950599,1.3213710644574341,1.3238068485021208,1391,100,0.7143250398347633,0.05366649296260935,0.6026731682442988,0.810118858157131
mix_const,52200.0,52800.0,52500.0,1400,0.6561396205058074,0.0480304965050316,0.8022462446618822,True,86.37648939312201,,0.03676 0.00000 0.00000 0.12720 0.06776 0.00000 0.13431 0.04800 0.00000 0.00000 0.00000 0.21332 0.02879,1.00e-05 3.16e-05 1.00e-04 3.16e-04 1.00e-03 3.16e-03 1.00e-02 3.16e-02 1.00e-01 3.16e-01 1.00e+00 3.16e+00 1.00e+01,False,1.2165010484907883,1.3692031881035847,0.022237297017290047,0.48611754357677184,27.650761495250542,0.002052756918349787,0.2639977486324545,0.7917816535626961,1.5879109182398206,1.5888731392053235,1363,100,0.6577116478088638,0.054433945791889364,0.5532767744629341,0.7476253839177043
mix_const,52500.0,53100.0,52800.0,1391,0.6192833307634145,0.05689343260499968,0.8791698329522732,True,120.06482061326616,,0.01221 0.01697 0.01750 0.03135 0.17581 0.00000 0.09840 0.05008 0.00000 0.01846 0.08808 0.00000 0.11042,1.00e-05 3.16e-05 1.00e-04 3.16e-04 1.00e-03 3.16e-03 1.00e-02 3.16e-02 1.00e-01 3.16e-01 1.00e+00 3.16e+00 1.00e+01,False,1.1870734560422396,1.346224919334943,0.024364969544857784,0.3748186695260002,38.62893325564248,2.9481115582648366e-05,-0.18470126014234137,0.8534633577329733,1.3613337240334022,1.360498304271781,1302,100,0.6054193531332895,0.057973718093418836,0.49146998083101046,0.7259045346284554
mix_const,52800.0,53400.0,53100.0,1363,0.6744733415495953,0.054270940008019415,0.7416734997270227,True,97.45038096459403,,0.01844 0.01114 0.05394 0.00000 0.17792 0.06433 0.07706 0.03063 0.02766 0.00000 0.04522 0.00000 0.16814,1.00e-05 3.16e-05 1.00e-04 3.16e-04 1.00e-03 3.16e-03 1.00e-02 3.16e-02 1.00e-01 3.16e-01 1.00e+00 3.16e+00 1.00e+01,False,1.4294926269478299,1.6089788504674436,0.017806334133900342,0.7734559055980637,18.839852618127566,0.042344583232699136,0.43844738864699073,0.661062000519911,1.2229800903483978,1.2249974744256464,1398,100,0.6545197944339048,0.05442063757016849,0.5370333320722356,0.7476502921058817
mix_const,53100.0,53700.0,53400.0,1302,0.7742608153931219,0.04386637576886245,0.49680329494759834,True,142.67453029851194,,0.03667 0.00000 0.05680 0.00495 0.12839 0.03657 0.06781 0.06944 0.00557 0.00000 0.00000 0.19452 0.17354,1.00e-05 3.16e-05 1.00e-04 3.16e-04 1.00e-03 3.16e-03 1.00e-02 3.16e-02 1.00e-01 3.16e-01 1.00e+00 3.16e+00 1.00e+01,False,1.1549721740395535,1.3802450064871854,0.015334404985523853,0.9147213917071375,13.618006087582327,0.19113919997573,0.7146874849117147,0.474802172713929,1.3491667424696268,1.3318994025081752,1594,100,0.7467565676706363,0.0586764386832125,0.6077785151543339,0.8500029780994081
mix_const,53400.0,54000.0,53700.0,1398,0.7703320685869282,0.0437383714642573,0.537071800840562,True,656.0663882273634,,0.03774 0.00000 0.05837 0.00000 0.12329 0.01749 0.08600 0.04462 0.00000 0.00109 0.02117 0.25601 0.12456,1.00e-05 3.16e-05 1.00e-04 3.16e-04 1.00e-03 3.16e-03 1.00e-02 3.16e-02 1.00e-01 3.16e-01 1.00e+00 3.16e+00 1.00e+01,False,1.0995358189861304,1.2536675514085212,0.0164229416171362,0.8389704774050052,18.810767687189614,0.042733102275506404,-0.060338699352238734,0.9518858804538555,1.3123602838409902,1.3086951521765449,1525,100,0.7493625289609327,0.05894635452516859,0.6298086463622034,0.8502278837356994
mix_const,53700.0,54300.0,54000.0,1594,0.6982886962939981,0.04845027912586764,0.8052844252497843,True,312.3361819430427,,0.03251 0.02227 0.04109 0.04806 0.10138 0.00000 0.12462 0.02353 0.00000 0.00000 0.05296 0.20000 0.05188,1.00e-05 3.16e-05 1.00e-04 3.16e-04 1.00e-03 3.16e-03 1.00e-02 3.16e-02 1.00e-01 3.16e-01 1.00e+00 3.16e+00 1.00e+01,False,1.3152367175597948,1.338164513425781,0.017649185428053937,0.6965972732412495,5.276254450390542,0.8719765156056976,0.26278387907350254,0.7927171616104814,1.5495680021236233,1.5485005527600972,1467,100,0.6904270457296551,0.05727756562851324,0.574319625337402,0.7904824696821178
mix_const,54000.0,54600.0,54300.0,1525,0.7045687527560407,0.0486228599295732,0.7498604286359292,True,133.26020326972082,,0.03578 0.01106 0.00473 0.13200 0.05082 0.00000 0.13351 0.01406 0.03248 0.00000 0.00000 0.25877 0.03137,1.00e-05 3.16e-05 1.00e-04 3.16e-04 1.00e-03 3.16e-03 1.00e-02 3.16e-02 1.00e-01 3.16e-01 1.00e+00 3.16e+00 1.00e+01,False,1.2528687465462442,1.3200487127208786,0.017212041726699878,0.7501394279587394,4.723606887216467,0.90886030765483,0.6264948661865949,0.5309904031714766,1.6640125453937495,1.637016751634126,1942,100,0.703795241443196,0.04817246630322519,0.6045053420604986,0.789660895601475
mix_const,54300.0,54900.0,54600.0,1467,0.630881295694017,0.03608918477299405,0.9002293419192907,True,96.7855488356766,,0.02382 0.02317 0.01316 0.05811 0.13822 0.00000 0.16396 0.00000 0.03686 0.00000 0.06131 0.11228 0.00000,1.00e-05 3.16e-05 1.00e-04 3.16e-04 1.00e-03 3.16e-03 1.00e-02 3.16e-02 1.00e-01 3.16e-01 1.00e+00 3.16e+00 1.00e+01,False,1.455506207760659,1.561461084833824,0.01790296350683901,0.7278075645136655,24.264754911784184,0.006927821370495103,-0.014410320344178546,0.9885026258015429,1.6485719449424754,1.5904395198143204,2139,100,0.6410742350778427,0.04775943437143058,0.5416647589156373,0.7311200483997254
mix_const,54600.0,55200.0,54900.0,1942,0.7426226370270755,0.03484340265959681,0.8352248913174894,True,60.83904793438341,,0.00949 0.04751 0.03039 0.00000 0.21806 0.00000 0.13800 0.00792 0.03845 0.00000 0.13313 0.00000 0.11968,1.00e-05 3.16e-05 1.00e-04 3.16e-04 1.00e-03 3.16e-03 1.00e-02 3.16e-02 1.00e-01 3.16e-01 1.00e+00 3.16e+00 1.00e+01,False,1.8385339324991643,1.6639899388640405,0.018357682895030814,0.5235605801007199,28.18445649467208,0.0016864524594171996,0.044249184232993885,0.9647057770724239,1.9308290547646743,1.9304165654825265,2040,100,0.7299455609555621,0.049359522967930364,0.635110621990196,0.8092583380033488
mix_const,54900.0,55500.0,55200.0,2139,0.7873168650546811,0.036143703943248805,0.7568454734133186,True,65.4670674900472,,0.01210 0.06212 0.02826 0.00000 0.19473 0.00000 0.13055 0.04597 0.02210 0.00000 0.12131 0.00000 0.17017,1.00e-05 3.16e-05 1.00e-04 3.16e-04 1.00e-03 3.16e-03 1.00e-02 3.16e-02 1.00e-01 3.16e-01 1.00e+00 3.16e+00 1.00e+01,False,1.8712822604258443,1.6001182065595851,0.02341386211702845,0.18851435988603782,10.708227425206625,0.38069697531026103,0.751095903044979,0.4525949412040893,1.825536405734195,1.825404016997919,2207,100,0.7646545539723821,0.044516972873978294,0.6782191348864616,0.8334450224285289
mix_const,55200.0,55800.0,55500.0,2040,0.7698866788825424,0.039475850822821915,0.7993067077444449,True,40.164296288290984,,0.02851 0.06505 0.04468 0.00000 0.16236 0.00000 0.21109 0.04062 0.00000 0.00000 0.04491 0.00000 0.17268,1.00e-05 3.16e-05 1.00e-04 3.16e-04 1.00e-03 3.16e-03 1.00e-02 3.16e-02 1.00e-01 3.16e-01 1.00e+00 3.16e+00 1.00e+01,False,2.1776716901953495,1.953896258573234,0.041617236864651685,0.001656413814644582,21.354633962506792,0.01875199716227782,1.1674984863835962,0.24300911921824853,1.614374995946523,1.612887358526989,2351,100,0.7539815236078294,0.04741088407430258,0.655837623803993,0.831618344461618
mix_const,55500.0,56100.0,55800.0,2207,0.7860344407244322,0.036111582863590716,0.7930371668074591,True,59.25679239069462,,0.03804 0.03239 0.06087 0.00000 0.16921 0.00000 0.20747 0.01985 0.00026 0.00000 0.07265 0.00000 0.18529,1.00e-05 3.16e-05 1.00e-04 3.16e-04 1.00e-03 3.16e-03 1.00e-02 3.16e-02 1.00e-01 3.16e-01 1.00e+00 3.16e+00 1.00e+01,False,2.137525679630404,1.8350659285898143,0.03264218823368159,0.017731139938433192,15.698120367446679,0.10860631236314586,1.5355386504837765,0.12465157069155786,1.6558784513788127,1.6612806553298867,2176,100,0.7586909089694025,0.04643897989709532,0.6636338300970188,0.8511842481616543
mix_const,55800.0,56400.0,56100.0,2351,0.6843179101183264,0.04250932347640549,1.230796840523409,True,440.2363750245018,,0.04993 0.02416 0.06801 0.00169 0.15424 0.00000 0.14663 0.01415 0.01857 0.00000 0.06435 0.09504 0.04755,1.00e-05 3.16e-05 1.00e-04 3.16e-04 1.00e-03 3.16e-03 1.00e-02 3.16e-02 1.00e-01 3.16e-01 1.00e+00 3.16e+00 1.00e+01,False,1.9901896959579664,1.624523302634043,0.021110434474997053,0.24215732067514162,25.260282166343764,0.0048733807785359805,0.9428071110524161,0.3457795737877303,1.4250889734038006,1.4126536847634685,2840,100,0.6739210483453779,0.0477266906330566,0.5890185976977274,0.7612845344389839
mix_const,56100.0,56700.0,56400.0,2176,0.6214709564566251,0.05324158304073458,1.3735237072742639,True,1099.8628731538975,,0.07053 0.02511 0.04453 0.06497 0.09531 0.00000 0.13267 0.00000 0.01986 0.00803 0.00937 0.05947 0.09162,1.00e-05 3.16e-05 1.00e-04 3.16e-04 1.00e-03 3.16e-03 1.00e-02 3.16e-02 1.00e-01 3.16e-01 1.00e+00 3.16e+00 1.00e+01,False,1.974603496385137,1.6862895436254504,0.02250134417544003,0.2172675359886822,32.740909907922806,0.0003010773295667016,0.01096515094805395,0.9912512506689946,1.65468565074023,1.4834628478071226,4313,100,0.6125482401535141,0.05933229769641629,0.5151814774902981,0.7203819527598679
mix_const,56400.0,57000.0,56700.0,2840,0.7685482588429717,0.037279035650546744,1.112226140695464,True,196.68094550553383,,0.03663 0.04290 0.00000 0.08052 0.08935 0.05071 0.13501 0.00000 0.02376 0.03604 0.03283 0.00000 0.24080,1.00e-05 3.16e-05 1.00e-04 3.16e-04 1.00e-03 3.16e-03 1.00e-02 3.16e-02 1.00e-01 3.16e-01 1.00e+00 3.16e+00 1.00e+01,True,1.9728290815903293,1.4181994056512242,0.0230626178833776,0.09598495876364466,14.828580258613925,0.13843761715296193,0.36652416360888634,0.7139739852451488,1.675462672056282,1.434578296805201,6265,100,0.7474305312081151,0.060010013450786256,0.6383688162478923,0.8436109453755885
mix_const,56700.0,57300.0,57000.0,4313,0.7475607045287835,0.02627601256071412,1.8171081703111693,True,267.1829575425432,,0.01886 0.03832 0.00000 0.09242 0.14450 0.00000 0.18034 0.02874 0.03811 0.02215 0.07076 0.00000 0.11335,1.00e-05 3.16e-05 1.00e-04 3.16e-04 1.00e-03 3.16e-03 1.00e-02 3.16e-02 1.00e-01 3.16e-01 1.00e+00 3.16e+00 1.00e+01,True,2.4989006119658184,1.5264412705341215,0.01404042821917581,0.3596562788195047,112.28370537057741,1.8463986190818134e-19,-0.6533861873556546,0.5135073413149779,,,0,100,0.7252870102521461,0.04547639132678941,0.6306605173876378,0.8130099427496295
mix_const,57000.0,57600.0,57300.0,6265,0.9381642100617873,0.023206583680427415,0.8433289287556165,True,130.83950141260894,,0.03084 0.02233 0.04094 0.05527 0.14361 0.00000 0.17994 0.04692 0.04509 0.00000 0.12091 0.00000 0.25233,1.00e-05 3.16e-05 1.00e-04 3.16e-04 1.00e-03 3.16e-03 1.00e-02 3.16e-02 1.00e-01 3.16e-01 1.00e+00 3.16e+00 1.00e+01,True,2.7963247638651243,1.450520551751102,0.01351854742106992,0.20053639727273775,111.70396263319009,2.4176230567309256e-19,-0.09792003342012648,0.9219957920641351,,,0,100,0.9264442025227028,0.02767701550366808,0.8587538237046407,0.9677448707153312
mix_spline,34200.0,34800.0,34500.0,2800,0.5634967859775956,0.028900311737682805,2.0380640051505865,True,311.2944400879118,,0.00414 0.02312 0.01568 0.04162 0.10297 0.00000 0.19729 0.00061 0.02546 0.07193 0.08069 0.00000 0.00000,1.00e-05 3.16e-05 1.00e-04 3.16e-04 1.00e-03 3.16e-03 1.00e-02 3.16e-02 1.00e-01 3.16e-01 1.00e+00 3.16e+00 1.00e+01,True,1.4701167195213793,0.9296716785742303,0.018466288029496625,0.2917343254040362,10.051678897987443,0.4359710805190498,0.5089306217448253,0.6108008550226386,1.1833670979155357,1.1786628448252243,2441,100,0.563913859347908,0.03641104295986706,0.4948211896588558,0.6360691730604128
mix_spline,34500.0,35100.0,34800.0,2415,0.5714087019517667,0.06402201373975551,1.7234491842819488,True,105.44988770412984,,0.00630 0.02570 0.03837 0.00384 0.11677 0.00000 0.15635 0.04031 0.00000 0.15685 0.00000 0.00000 0.02692,1.00e-05 3.16e-05 1.00e-04 3.16e-04 1.00e-03 3.16e-03 1.00e-02 3.16e-02 1.00e-01 3.16e-01 1.00e+00 3.16e+00 1.00e+01,True,1.3933941492309254,1.0008692383603985,0.01588032900295777,0.5707675010149482,13.48709483030166,0.19769774078687646,1.3046321818895432,0.19201812446238609,1.1126376113987433,1.1121926859490117,2317,100,0.5593335726947242,0.0324882011571863,0.5039593982439597,0.6248134350351462
mix_spline,34800.0,35400.0,35100.0,2441,0.6537049884656069,0.05879330237157263,1.409765318722914,True,252.1371223021101,,0.02669 0.00339 0.05018 0.03489 0.10204 0.03040 0.12246 0.00708 0.10013 0.04542 0.00000 0.00000 0.13103,1.00e-05 3.16e-05 1.00e-04 3.16e-04 1.00e-03 3.16e-03 1.00e-02 3.16e-02 1.00e-01 3.16e-01 1.00e+00 3.16e+00 1.00e+01,True,1.595429044433435,1.1921956292566211,0.023957664754374886,0.11940177155121856,20.2922692286332,0.02660640396517413,2.768178123568957,0.005637063724433459,1.3706992770126558,1.3084441389702812,3575,100,0.5757046728442592,0.04941746840027296,0.5014797588904772,0.6955948616311377
mix_spline,35100.0,35700.0,35400.0,2317,0.501640933333281,0.029194336681654,1.9244911078964666,True,152.57046973731835,,0.02258 0.00237 0.02116 0.05605 0.10685 0.02081 0.15328 0.00000 0.07724 0.00000 0.04130 0.00000 0.00000,1.00e-05 3.16e-05 1.00e-04 3.16e-04 1.00e-03 3.16e-03 1.00e-02 3.16e-02 1.00e-01 3.16e-01 1.00e+00 3.16e+00 1.00e+01,False,1.47527737129239,1.12417850207616,0.0232231945883018,0.16168292443158483,17.51810724277931,0.06365730458329345,2.3783581472784427,0.01738992640082623,1.5101248463791042,1.2787994489494952,5373,100,0.5020045282325953,0.030317793312549694,0.4491890775839049,0.5500425456595124
mix_spline,35400.0,36000.0,35700.0,3575,0.6712230780716901,0.04856189161944643,1.9587062827657928,True,352.1865908313375,,0.00000 0.01931 0.06145 0.04562 0.14782 0.00836 0.15589 0.00000 0.05774 0.07224 0.00000 0.08372 0.01908,1.00e-05 3.16e-05 1.00e-04 3.16e-04 1.00e-03 3.16e-03 1.00e-02 3.16e-02 1.00e-01 3.16e-01 1.00e+00 3.16e+00 1.00e+01,False,2.1143638099953193,1.3295730100833576,0.024049686387013547,0.031472636945165444,21.45571365065133,0.018130670790845738,2.8503096492727527,0.0043676684930178235,1.3919282654370249,1.3026241431262706,5736,100,0.6466886822019338,0.03670302624742244,0.5762427386249578,0.7206442590642123
mix_spline,35700.0,36300.0,36000.0,5373,0.7870712364680501,0.037873056903006706,1.9221856575703893,True,1568.0284837146446,,0.00000 0.02129 0.09374 0.07271 0.11957 0.00000 0.15868 0.00000 0.08766 0.04516 0.02879 0.03092 0.12855,1.00e-05 3.16e-05 1.00e-04 3.16e-04 1.00e-03 3.16e-03 1.00e-02 3.16e-02 1.00e-01 3.16e-01 1.00e+00 3.16e+00 1.00e+01,False,2.518689656881451,1.3264776213687761,0.01703975463388241,0.0872912884896705,11.823418389356782,0.2970483203017626,2.8286761388444996,0.00467409722866636,1.3299145319397019,1.314138035020337,4495,100,0.7352476701701255,0.0355324278323709,0.6631708537996345,0.8027279835753798
mix_spline,36000.0,36600.0,36300.0,5736,0.7694565046544586,0.025196943607931167,2.2161488891468224,True,160.74086120054264,,0.00000 0.04614 0.05745 0.12249 0.07007 0.00000 0.17770 0.00000 0.09311 0.00000 0.05002 0.15249 0.00000,1.00e-05 3.16e-05 1.00e-04 3.16e-04 1.00e-03 3.16e-03 1.00e-02 3.16e-02 1.00e-01 3.16e-01 1.00e+00 3.16e+00 1.00e+01,False,2.575712148187127,1.318124421123817,0.01959975958558058,0.024062478118758703,9.931463727112085,0.44652668730153156,2.2895514131969357,0.022047334281635796,1.372792755812257,1.2706692769735342,3717,100,0.7457728584389979,0.03034398909037628,0.6901668158463129,0.800755382901545
mix_spline,36300.0,36900.0,36600.0,4495,0.7578468207502714,0.0346530125178351,1.8052439443005335,True,680.9500666616088,,0.00000 0.05247 0.03440 0.11622 0.07244 0.00000 0.17914 0.01223 0.06244 0.00000 0.08584 0.08353 0.05913,1.00e-05 3.16e-05 1.00e-04 3.16e-04 1.00e-03 3.16e-03 1.00e-02 3.16e-02 1.00e-01 3.16e-01 1.00e+00 3.16e+00 1.00e+01,False,2.333558453851687,1.3197671621621128,0.02161538535272023,0.029544778669062577,4.0924906121828615,0.9430781080797139,2.0552585137234622,0.0398540420971389,1.5116041790781352,1.5025663843757924,3857,100,0.7128156514364872,0.041122777256933335,0.6314375714086685,0.799388091709255
mix_spline,36600.0,37200.0,36900.0,3717,0.7425386552857419,0.03149123164340663,1.5837920460524955,True,712.4240021534248,,0.00000 0.03239 0.08245 0.05069 0.09816 0.00000 0.17489 0.00160 0.05526 0.01652 0.07999 0.15060 0.00000,1.00e-05 3.16e-05 1.00e-04 3.16e-04 1.00e-03 3.16e-03 1.00e-02 3.16e-02 1.00e-01 3.16e-01 1.00e+00 3.16e+00 1.00e+01,False,2.099324897181246,1.2755823821001404,0.01824232747644816,0.16637164644461377,4.969984845866506,0.8931740113169198,2.02555759876768,0.04281014035199461,1.5044438624272283,1.5044276159982128,3500,100,0.7201126852198559,0.03312343020001594,0.6590164682206805,0.7854446437067566
mix_spline,36900.0,37500.0,37200.0,3857,0.7409235140774056,0.031186728623222575,1.6688572060747024,True,127.99892616578617,,0.00000 0.04376 0.10999 0.02196 0.11822 0.00000 0.17652 0.00000 0.07976 0.00000 0.07030 0.12043 0.00000,1.00e-05 3.16e-05 1.00e-04 3.16e-04 1.00e-03 3.16e-03 1.00e-02 3.16e-02 1.00e-01 3.16e-01 1.00e+00 3.16e+00 1.00e+01,False,2.3709015807277307,1.5101862777356492,0.020958068255354845,0.06658334143054156,10.450086486702354,0.4019313745190328,2.0760332720529027,0.0378908738436238,1.2396281435235115,1.2163936676848361,3131,100,0.7260280260611793,0.030706796877773564,0.6646508714573901,0.7837979039747736
mix_spline,37200.0,37800.0,37500.0,3500,0.7018426113233255,0.03152358809787512,1.7398661396773756,True,148.79404413703625,,0.00208 0.03280 0.10613 0.00000 0.15159 0.00000 0.18857 0.00048 0.07079 0.00000 0.06857 0.08084 0.00000,1.00e-05 3.16e-05 1.00e-04 3.16e-04 1.00e-03 3.16e-03 1.00e-02 3.16e-02 1.00e-01 3.16e-01 1.00e+00 3.16e+00 1.00e+01,False,2.273402093651073,1.5098135013897147,0.025776814124198744,0.018769144203475432,28.57935801766714,0.0014570538482902608,1.919691058099329,0.05489693439933022,1.2224350992743307,1.1379348370922016,2371,100,0.6872198800487597,0.035452378247812985,0.6224765454888841,0.7572860054098258
mix_spline,37500.0,38100.0,37800.0,3131,0.6465248068947832,0.056033237516139395,1.8412905914892754,True,915.2385125225409,,0.01105 0.00000 0.08811 0.02973 0.10757 0.02707 0.17386 0.00028 0.04972 0.00000 0.07266 0.06361 0.02286,1.00e-05 3.16e-05 1.00e-04 3.16e-04 1.00e-03 3.16e-03 1.00e-02 3.16e-02 1.00e-01 3.16e-01 1.00e+00 3.16e+00 1.00e+01,False,1.8798366004082583,1.2276585342979989,0.019533258225203354,0.18088318568841444,16.248788975272273,0.09272857755268296,0.35084616436714,0.7257037617283544,1.1934415680227803,1.1522778219938798,2334,100,0.6151807308209387,0.03849966556377948,0.546059255329116,0.698027055308833
mix_spline,37800.0,38400.0,38100.0,2371,0.6337282390581961,0.0407947157515978,1.444585542487149,True,88.88285661791383,,0.00859 0.01242 0.06171 0.05962 0.09366 0.00000 0.15514 0.00000 0.04394 0.00000 0.00000 0.19864 0.00000,1.00e-05 3.16e-05 1.00e-04 3.16e-04 1.00e-03 3.16e-03 1.00e-02 3.16e-02 1.00e-01 3.16e-01 1.00e+00 3.16e+00 1.00e+01,False,1.5309800440096304,1.1568426131603713,0.01605672093154914,0.5683271041054088,11.139032172296423,0.34678925405728284,-0.5524829235763405,0.5806175308494019,1.209685422273849,1.1926517506473462,2876,100,0.6047727629194505,0.048084153953839165,0.5051691970640801,0.6906158126982149
mix_spline,38100.0,38700.0,38400.0,2334,0.6624950989067832,0.03932575295626368,1.3143650761619223,True,97.21403920970116,,0.00176 0.03221 0.04990 0.04384 0.10320 0.00000 0.12159 0.04348 0.08454 0.00000 0.00000 0.18199 0.00000,1.00e-05 3.16e-05 1.00e-04 3.16e-04 1.00e-03 3.16e-03 1.00e-02 3.16e-02 1.00e-01 3.16e-01 1.00e+00 3.16e+00 1.00e+01,False,1.5237796802934225,1.1653705226630675,0.01827377380076045,0.4119728246946961,7.813399736292392,0.6470579974842846,-0.18848486859050634,0.8504965760525711,1.4868694799875486,1.4682879667205362,2850,100,0.6305656886993772,0.04917734935399679,0.53365356674446,0.725211926399159
mix_spline,38400.0,39000.0,38700.0,2876,0.6739722483015943,0.03321227315777681,1.5615784164388733,True,136.0677959446076,,0.00000 0.05020 0.03812 0.05086 0.08638 0.00000 0.12471 0.08745 0.09066 0.00000 0.03780 0.10780 0.00000,1.00e-05 3.16e-05 1.00e-04 3.16e-04 1.00e-03 3.16e-03 1.00e-02 3.16e-02 1.00e-01 3.16e-01 1.00e+00 3.16e+00 1.00e+01,False,1.780166870005285,1.212940806380494,0.018997648347792273,0.24724356191488517,12.24240720454383,0.26916067266775984,0.4372943274974132,0.6618979086480374,1.6255230663777651,1.624623981088626,2530,100,0.6552958305626396,0.03804409265463455,0.5911591114413706,0.7280876082478387
mix_spline,38700.0,39300.0,39000.0,2850,0.7045595836294821,0.028620221124244904,1.4005242809977156,True,116.84551393570561,,0.00705 0.01870 0.07839 0.06306 0.08180 0.00000 0.18375 0.04091 0.06754 0.00000 0.07434 0.08902 0.00000,1.00e-05 3.16e-05 1.00e-04 3.16e-04 1.00e-03 3.16e-03 1.00e-02 3.16e-02 1.00e-01 3.16e-01 1.00e+00 3.16e+00 1.00e+01,False,2.0366358786759493,1.4784912606293996,0.014580354379521987,0.5745527716685568,24.152080545605738,0.007206794633823282,0.04453274452573884,0.9644797515015051,1.6422643980345157,1.6328426388891417,2443,100,0.6866089091489158,0.03804950902925604,0.623103703088933,0.7544530048084217
mix_spline,39000.0,39600.0,39300.0,2530,0.7049210627690942,0.029888161327344974,1.2424726231151535,True,117.3241106793414,,0.00692 0.00292 0.10801 0.03967 0.11419 0.00000 0.18651 0.04314 0.04321 0.00000 0.07171 0.08865 0.00000,1.00e-05 3.16e-05 1.00e-04 3.16e-04 1.00e-03 3.16e-03 1.00e-02 3.16e-02 1.00e-01 3.16e-01 1.00e+00 3.16e+00 1.00e+01,False,2.0774283466059296,1.6383834201005103,0.013006727305396482,0.7802993128923248,30.710564507900823,0.0006548919505304313,-0.612375911363924,0.5402890755612891,1.6027916217547835,1.602549691397071,2624,100,0.6879886742393907,0.035858540622267406,0.6151099442628829,0.7523893397573546
mix_spline,39300.0,39900.0,39600.0,2443,0.6700363543641478,0.02994668171861502,1.3445752017084396,True,352.9854027784626,,0.00000 0.05206 0.06559 0.02525 0.12848 0.00000 0.19112 0.04640 0.03024 0.01065 0.05819 0.06206 0.00000,1.00e-05 3.16e-05 1.00e-04 3.16e-04 1.00e-03 3.16e-03 1.00e-02 3.16e-02 1.00e-01 3.16e-01 1.00e+00 3.16e+00 1.00e+01,False,2.0424968603588844,1.6384444443172905,0.008337777444653284,0.9952593767675191,20.715944484721607,0.023163728377270845,-0.3182002925994444,0.7503330108289974,1.6134334421438266,1.6132526214483334,2548,100,0.657415775138376,0.029912186241472162,0.596379249394358,0.7114473071930507
mix_spline,39600.0,40200.0,39900.0,2624,0.6716407964179536,0.044997429713330934,1.4391329353172215,True,618.1334011087515,,0.01815 0.04349 0.07009 0.01325 0.14289 0.00000 0.16673 0.05839 0.00000 0.02628 0.05671 0.07384 0.00181,1.00e-05 3.16e-05 1.00e-04 3.16e-04 1.00e-03 3.16e-03 1.00e-02 3.16e-02 1.00e-01 3.16e-01 1.00e+00 3.16e+00 1.00e+01,False,2.0884897438162104,1.6129642489683775,0.02171483565221949,0.16586825139839834,25.847455552228297,0.003950857920168963,0.2609423188856875,0.7941369892944454,1.6730210857280097,1.6231746392726603,1914,100,0.6539548637089159,0.035185410388985226,0.5904177355936011,0.7312966035115029
mix_spline,39900.0,40500.0,40200.0,2548,0.718224058307768,0.04816246469580716,1.1943514513921056,True,405.796176153527,,0.04383 0.00000 0.10182 0.00162 0.15261 0.00000 0.11058 0.10614 0.00000 0.00000 0.07003 0.02661 0.10498,1.00e-05 3.16e-05 1.00e-04 3.16e-04 1.00e-03 3.16e-03 1.00e-02 3.16e-02 1.00e-01 3.16e-01 1.00e+00 3.16e+00 1.00e+01,False,2.0754015215535064,1.6292671600775985,0.017618480994535557,0.4029926584656932,40.55829618994719,1.3507503264226884e-05,0.6719657842898988,0.5016054789538327,1.4214354358497334,1.272134998043322,1531,100,0.6553930030151233,0.04621720102545221,0.579909162602498,0.74559720111328
mix_spline,40200.0,40800.0,40500.0,1914,0.6377964073132308,0.05307892164936203,1.1468486319877205,True,196.2123753005283,,0.05185 0.00000 0.09323 0.00000 0.14075 0.01954 0.08002 0.09633 0.00000 0.01358 0.00000 0.03049 0.11199,1.00e-05 3.16e-05 1.00e-04 3.16e-04 1.00e-03 3.16e-03 1.00e-02 3.16e-02 1.00e-01 3.16e-01 1.00e+00 3.16e+00 1.00e+01,False,1.7985204793489125,1.6384995625521592,0.01289662725514057,0.9036483509067993,45.56078671949182,1.7223324560601684e-06,-0.10466271627463394,0.9166434475250728,1.3852966192145943,1.362654461901453,1551,100,0.5608379219114529,0.05440176574644368,0.4770187340303564,0.6633923928555477
mix_spline,40500.0,41100.0,40800.0,1531,0.4918494303875082,0.04718636658013039,1.2966166090810243,True,352.39452010640906,,0.04830 0.00000 0.06403 0.00000 0.11039 0.05104 0.09111 0.00000 0.04541 0.03344 0.04568 0.00245 0.00000,1.00e-05 3.16e-05 1.00e-04 3.16e-04 1.00e-03 3.16e-03 1.00e-02 3.16e-02 1.00e-01 3.16e-01 1.00e+00 3.16e+00 1.00e+01,False,1.2300192559744534,1.293272515532916,0.01710794100743762,0.7546117468434783,13.887158397439322,0.17820116819248175,-0.6703597615671341,0.5026284790883966,1.3362992709417638,1.321131568847532,1858,100,0.48732835410418807,0.03399528167596978,0.4347550424591647,0.560763394137492
mix_spline,40800.0,41400.0,41100.0,1551,0.5295202377337537,0.029757805134615192,1.2160085846059563,True,61.7133655659109,,0.04446 0.00000 0.07284 0.03074 0.08835 0.00000 0.14014 0.00362 0.06331 0.00000 0.08605 0.00000 0.00000,1.00e-05 3.16e-05 1.00e-04 3.16e-04 1.00e-03 3.16e-03 1.00e-02 3.16e-02 1.00e-01 3.16e-01 1.00e+00 3.16e+00 1.00e+01,False,1.327143866612387,1.3774183586519946,0.01592417938011359,0.82032145562167,10.210030570854723,0.42226396832394963,-0.6692310382128164,0.5033481097981563,1.1914414075597337,1.1865860797552426,1745,100,0.5258492375914369,0.037749892434762,0.4579779574353066,0.603567370035039
mix_spline,41100.0,41700.0,41400.0,1858,0.6265857129877892,0.037580425137439276,1.1558519232652686,True,48.0357091944797,,0.03835 0.00000 0.09865 0.00000 0.09395 0.00000 0.13595 0.04462 0.05065 0.00000 0.00000 0.16442 0.00000,1.00e-05 3.16e-05 1.00e-04 3.16e-04 1.00e-03 3.16e-03 1.00e-02 3.16e-02 1.00e-01 3.16e-01 1.00e+00 3.16e+00 1.00e+01,False,1.4861132905365577,1.3557870263789202,0.01793394501562806,0.5821999960428779,14.361805951322319,0.15711888502998597,-0.39079820555742817,0.6959464014672776,1.2758612379004008,1.1988521618498755,1263,100,0.6058938061441032,0.04905306711168936,0.5038860793047891,0.7049295788848047
mix_spline,41400.0,42000.0,41700.0,1745,0.6417203114291655,0.04369245698009713,1.0458231762286962,True,108.14003861383566,,0.02822 0.00000 0.07542 0.00000 0.11408 0.00000 0.15046 0.00000 0.06169 0.00000 0.02813 0.18371 0.00000,1.00e-05 3.16e-05 1.00e-04 3.16e-04 1.00e-03 3.16e-03 1.00e-02 3.16e-02 1.00e-01 3.16e-01 1.00e+00 3.16e+00 1.00e+01,False,1.2776316167276316,1.2100514373072504,0.023953827086138135,0.26509208072190027,16.79597146959774,0.07900229353289762,0.23995030769750833,0.8103687799582888,1.6121650624276664,1.595363888130645,1390,100,0.6180683420897428,0.043835858357735645,0.5345557165876719,0.7024866181522971
mix_spline,41700.0,42300.0,42000.0,1263,0.529443609285104,0.05209982517975369,0.9906967677043944,True,55.2999018894556,,0.05606 0.00000 0.05723 0.00000 0.10058 0.00000 0.12465 0.00000 0.01275 0.03625 0.00000 0.14193 0.00000,1.00e-05 3.16e-05 1.00e-04 3.16e-04 1.00e-03 3.16e-03 1.00e-02 3.16e-02 1.00e-01 3.16e-01 1.00e+00 3.16e+00 1.00e+01,False,0.9587164055930887,1.214400938458744,0.019992360783444685,0.685924609328959,7.575196053979531,0.6702532289406731,-0.3604723467199479,0.718493932711987,1.5146783389195786,1.5080891428876348,1429,100,0.49197298479377266,0.057460147679366545,0.40338746469159226,0.6221295935392813
mix_spline,42000.0,42600.0,42300.0,1390,0.5905219676510192,0.05474290325391534,0.9463611761749162,True,121.69985884968408,,0.05084 0.02577 0.05612 0.00000 0.11504 0.00000 0.16007 0.01570 0.04883 0.00000 0.00000 0.08667 0.03149,1.00e-05 3.16e-05 1.00e-04 3.16e-04 1.00e-03 3.16e-03 1.00e-02 3.16e-02 1.00e-01 3.16e-01 1.00e+00 3.16e+00 1.00e+01,False,1.4512748789635683,1.6111455080549775,0.0189981035662376,0.6899808018455822,16.25837541711271,0.09247113985557605,0.05347029406515646,0.9573571986803725,1.2636061967117311,1.256725178069708,1237,100,0.5555362277596788,0.05116387332849195,0.47376135896771393,0.6491179191964925
mix_spline,42300.0,42900.0,42600.0,1429,0.6119187962421431,0.0496792156205822,0.9241482461250653,True,37.9137422427429,,0.02342 0.03978 0.05941 0.00000 0.11210 0.00000 0.12587 0.10463 0.00000 0.00000 0.10577 0.00000 0.04095,1.00e-05 3.16e-05 1.00e-04 3.16e-04 1.00e-03 3.16e-03 1.00e-02 3.16e-02 1.00e-01 3.16e-01 1.00e+00 3.16e+00 1.00e+01,False,1.402170535584418,1.534370012870697,0.028684192408884146,0.1866782895451612,18.686765216127803,0.04442641318808968,0.9028898053034482,0.36658438182857334,1.5794061371251458,1.5791697514465557,1393,100,0.5893719294310463,0.041065268715256474,0.5094816739345703,0.6597573942200052
mix_spline,42600.0,43200.0,42900.0,1237,0.4988043870905393,0.03309173134649872,1.0335482867577621,True,31.940387011779837,,0.05258 0.00000 0.08054 0.01112 0.05586 0.00000 0.10957 0.06588 0.00000 0.00000 0.12325 0.00000 0.00000,1.00e-05 3.16e-05 1.00e-04 3.16e-04 1.00e-03 3.16e-03 1.00e-02 3.16e-02 1.00e-01 3.16e-01 1.00e+00 3.16e+00 1.00e+01,False,0.9999930513942769,1.2764783342179353,0.020344513455308744,0.6773781669128225,11.153764904275038,0.3456645180487173,-0.5233565597922631,0.6007261480514359,1.941496784368365,1.8566370331799107,1934,100,0.491071190822368,0.041966048652917275,0.4161664718565416,0.561959963596002
mix_spline,42900.0,43500.0,43200.0,1393,0.5783094502038131,0.06254229299046495,0.9792139446630491,True,231.74335531469825,,0.05656 0.00000 0.08568 0.02132 0.09640 0.00000 0.10295 0.06030 0.01831 0.01847 0.00000 0.11479 0.00354,1.00e-05 3.16e-05 1.00e-04 3.16e-04 1.00e-03 3.16e-03 1.00e-02 3.16e-02 1.00e-01 3.16e-01 1.00e+00 3.16e+00 1.00e+01,False,1.4381877173464457,1.595902398782786,0.01822500045930664,0.7366732034467525,11.222754992693128,0.34042881638661676,0.4459249436902701,0.6556514635497173,1.6442939994880095,1.6126276175624459,1833,100,0.5491520866031052,0.04565373885897999,0.46401695928283426,0.6378726750314715
mix_spline,43200.0,43800.0,43500.0,1934,0.7105300920855191,0.040472417357002084,0.9317341133374866,True,176.31958177330492,,0.03334 0.00000 0.09545 0.03614 0.11102 0.06714 0.09254 0.05932 0.04830 0.00000 0.05690 0.00000 0.11037,1.00e-05 3.16e-05 1.00e-04 3.16e-04 1.00e-03 3.16e-03 1.00e-02 3.16e-02 1.00e-01 3.16e-01 1.00e+00 3.16e+00 1.00e+01,False,2.07762575536263,1.9072097345655368,0.01851620206916582,0.5150716048484443,60.544513269040124,2.8584128747857635e-09,1.139571167371267,0.254465003151902,1.368775348505078,1.2668677591995552,1270,100,0.6461240343934017,0.0433788809490458,0.5633161998461628,0.7176181501353734
mix_spline,43500.0,44100.0,43800.0,1833,0.7022799954231974,0.04778779927588745,0.9115093873767103,True,347.5765018806756,,0.00592 0.03932 0.04331 0.06607 0.08033 0.07666 0.07775 0.06903 0.03894 0.00000 0.05256 0.02343 0.12895,1.00e-05 3.16e-05 1.00e-04 3.16e-04 1.00e-03 3.16e-03 1.00e-02 3.16e-02 1.00e-01 3.16e-01 1.00e+00 3.16e+00 1.00e+01,False,1.7518730900458233,1.6350934974222646,0.020929331842713228,0.3928281716043627,65.7531872867977,2.908178100604371e-10,0.20285206085409455,0.8392506650718972,1.5308640715132824,1.3771327270224993,1086,100,0.6380018325299037,0.05490694907431925,0.5346483419859246,0.7463227983602658
mix_spline,43800.0,44400.0,44100.0,1270,0.5028073423690571,0.05131669728189449,1.0526775475503864,True,125.5484011053353,,0.02346 0.01141 0.06521 0.03391 0.10364 0.00000 0.08521 0.04524 0.01230 0.00000 0.05068 0.07176 0.00000,1.00e-05 3.16e-05 1.00e-04 3.16e-04 1.00e-03 3.16e-03 1.00e-02 3.16e-02 1.00e-01 3.16e-01 1.00e+00 3.16e+00 1.00e+01,False,1.0482033244858686,1.298360800249378,0.0118269418966645,0.9934282480250332,18.367183705913167,0.049076752684926,-0.3660765517514199,0.7143079538968559,1.1297053175238654,1.0674215506886324,849,100,0.4803771777981087,0.046710714986818065,0.40207062218537715,0.5784724112748698
mix_spline,44100.0,44700.0,44400.0,1086,0.507227107590534,0.06269141093045344,0.8908694452223415,True,154.0927517513269,,0.03107 0.00000 0.06240 0.04516 0.07644 0.00000 0.14680 0.00000 0.01711 0.07993 0.00000 0.01349 0.03483,1.00e-05 3.16e-05 1.00e-04 3.16e-04 1.00e-03 3.16e-03 1.00e-02 3.16e-02 1.00e-01 3.16e-01 1.00e+00 3.16e+00 1.00e+01,False,0.9906722866141634,1.397345441336429,0.016846508733575183,0.9122937826572427,26.898090133225903,0.0027027731109412123,-0.93246229631192,0.3510976631300352,1.4615214976933506,1.4482449796072572,885,100,0.48480622588659705,0.04176082396095304,0.4222502427378709,0.570820188805612
mix_spline,44400.0,45000.0,44700.0,849,0.4519158310030063,0.04634225650031852,0.7749431072277375,True,200.27940026518104,,0.02467 0.00000 0.02746 0.05092 0.03683 0.03628 0.09743 0.03851 0.07477 0.00412 0.00000 0.06093 0.00000,1.00e-05 3.16e-05 1.00e-04 3.16e-04 1.00e-03 3.16e-03 1.00e-02 3.16e-02 1.00e-01 3.16e-01 1.00e+00 3.16e+00 1.00e+01,False,0.4461131665992997,1.098983635504099,0.0206192017490463,0.8557071497464435,11.743462676324018,0.3025924679352169,-1.0147539614331864,0.3102231245194278,1.525114974403722,1.509500156495261,1021,100,0.42809951411655,0.0444799766756093,0.35198277542861856,0.5159017582251861
mix_spline,44700.0,45300.0,45000.0,885,0.48088899022922116,0.04410502066884736,0.7658099646352964,True,179.58521791238124,,0.02468 0.03840 0.00764 0.05975 0.09499 0.06535 0.01235 0.07827 0.02622 0.00000 0.03759 0.03564 0.00000,1.00e-05 3.16e-05 1.00e-04 3.16e-04 1.00e-03 3.16e-03 1.00e-02 3.16e-02 1.00e-01 3.16e-01 1.00e+00 3.16e+00 1.00e+01,False,0.856373826148717,1.4677158363569338,0.017981190686447435,0.9321401243883456,16.263309845704637,0.09233887308662186,-0.9013247436455919,0.3674156815132398,1.3456780922419713,1.345603961910978,934,100,0.46586483543289653,0.04205969177680963,0.3989297862285611,0.5569215588893701
mix_spline,45000.0,45600.0,45300.0,1021,0.5354988274655822,0.04343454394965143,0.7907412898595855,True,101.60632673333575,,0.04220 0.01214 0.03022 0.05742 0.11424 0.00000 0.09973 0.04524 0.03498 0.00000 0.02432 0.07502 0.00000,1.00e-05 3.16e-05 1.00e-04 3.16e-04 1.00e-03 3.16e-03 1.00e-02 3.16e-02 1.00e-01 3.16e-01 1.00e+00 3.16e+00 1.00e+01,False,1.0693672600577957,1.5377590971092765,0.0201635178043712,0.7929250453050648,20.611922725651212,0.023968208551931026,-0.6908237621299818,0.48967630082037017,1.4185949016193242,1.4121721245898964,1180,100,0.5106900505857432,0.05067712124167275,0.42432197891716095,0.6150420823264459
mix_spline,45300.0,45900.0,45600.0,934,0.47334072064438937,0.05011908416463583,0.8203146229175331,True,29.98123779642416,,0.04230 0.00000 0.06458 0.04066 0.08916 0.00000 0.06289 0.08843 0.00000 0.00000 0.00000 0.08532 0.00000,1.00e-05 3.16e-05 1.00e-04 3.16e-04 1.00e-03 3.16e-03 1.00e-02 3.16e-02 1.00e-01 3.16e-01 1.00e+00 3.16e+00 1.00e+01,False,0.8058953945396093,1.3633486115269131,0.03340831227918817,0.2427208560763643,9.987179037925314,0.44161883545571934,0.15587171730306987,0.8761341391097893,1.3512361564177227,1.303771806703044,1345,100,0.4523043428896391,0.047782693670054895,0.3721472199528654,0.5465520538584276
mix_spline,45600.0,46200.0,45900.0,1180,0.5021316708260031,0.048715439459986555,0.9790068013460054,True,111.61828713748311,,0.02361 0.00000 0.08865 0.00000 0.14617 0.00000 0.10177 0.05478 0.00363 0.01727 0.00000 0.06625 0.00000,1.00e-05 3.16e-05 1.00e-04 3.16e-04 1.00e-03 3.16e-03 1.00e-02 3.16e-02 1.00e-01 3.16e-01 1.00e+00 3.16e+00 1.00e+01,False,1.1011639102366049,1.4248238479930408,0.03209629007507603,0.17201162560324157,14.552667683887135,0.14924171910455825,0.8485264262779066,0.39614486168811525,1.3150361139388418,1.3147500441300701,1219,100,0.4812051867157718,0.04395676611340949,0.41552879876368953,0.5770947918049701
mix_spline,45900.0,46500.0,46200.0,1345,0.5501735516733911,0.04768626439001348,1.0102415475387039,True,143.33560895274363,,0.01352 0.00000 0.05959 0.01980 0.14365 0.00242 0.12314 0.07370 0.00578 0.00000 0.00000 0.10857 0.00000,1.00e-05 3.16e-05 1.00e-04 3.16e-04 1.00e-03 3.16e-03 1.00e-02 3.16e-02 1.00e-01 3.16e-01 1.00e+00 3.16e+00 1.00e+01,False,1.1404426341164677,1.3332229972966745,0.02309365516094597,0.46312152460095835,7.19633296895695,0.7067890229962706,1.6017635678684015,0.10920790221526347,1.5894227277646666,1.5759447359955274,1107,100,0.5211825814557196,0.04937125689012647,0.4434128220283082,0.6318300230407056
mix_spline,46200.0,46800.0,46500.0,1219,0.6457729798410214,0.06675228065785266,0.7270452932364408,True,180.37996634355142,,0.01655 0.01333 0.06816 0.03510 0.08481 0.00000 0.11744 0.07495 0.01524 0.00000 0.00000 0.05016 0.17002,1.00e-05 3.16e-05 1.00e-04 3.16e-04 1.00e-03 3.16e-03 1.00e-02 3.16e-02 1.00e-01 3.16e-01 1.00e+00 3.16e+00 1.00e+01,False,1.0399517081496672,1.331095233884542,0.016676971729491785,0.8810791455570957,12.26850653922856,0.26748824386884146,0.880462061623041,0.3786090487527147,1.2667992974820235,1.2647449738932564,1144,100,0.5515073902071695,0.06596520576849581,0.4393782739434524,0.6654095559724301
mix_spline,46500.0,47100.0,46800.0,1107,0.6424832119338701,0.0672040958169114,0.6466822174944956,True,45.496856612473806,,0.03309 0.03182 0.09700 0.00000 0.08950 0.00000 0.13433 0.00099 0.05085 0.00000 0.00000 0.00000 0.20491,1.00e-05 3.16e-05 1.00e-04 3.16e-04 1.00e-03 3.16e-03 1.00e-02 3.16e-02 1.00e-01 3.16e-01 1.00e+00 3.16e+00 1.00e+01,False,1.2311100581350525,1.618630780642562,0.021915365001148657,0.6539712546421693,10.320396081017652,0.4128477691535268,-0.2547271480229519,0.7989338466530228,1.1370977648280889,1.1397457210786808,1172,100,0.5484610663505722,0.07187670809366305,0.4223034791297048,0.6726870039911832
mix_spline,46800.0,47400.0,47100.0,1144,0.5243293671765383,0.0795033247040968,0.9046688372041877,True,187.02816795331415,,0.03039 0.02010 0.07388 0.00000 0.07923 0.01037 0.12988 0.00707 0.02739 0.04032 0.00000 0.00000 0.10568,1.00e-05 3.16e-05 1.00e-04 3.16e-04 1.00e-03 3.16e-03 1.00e-02 3.16e-02 1.00e-01 3.16e-01 1.00e+00 3.16e+00 1.00e+01,False,0.9235617997096374,1.2782052829860404,0.019611543648604624,0.7633533454929116,20.67390290154448,0.023485783556736143,-0.019730582559105342,0.9842582941706284,1.3471970025123747,1.3427996136140021,1003,100,0.4649116394774984,0.04916625541210222,0.3851382762534409,0.558032651894295
mix_spline,47100.0,47700.0,47400.0,1172,0.4784875624271777,0.05330429357791041,1.0187016409327965,True,449.0789592223409,,0.03491 0.00000 0.07895 0.00000 0.07461 0.00000 0.10987 0.07049 0.02093 0.00259 0.07774 0.00841 0.00000,1.00e-05 3.16e-05 1.00e-04 3.16e-04 1.00e-03 3.16e-03 1.00e-02 3.16e-02 1.00e-01 3.16e-01 1.00e+00 3.16e+00 1.00e+01,False,0.8284061719347094,1.1588688570138979,0.021430680218441966,0.6465956665512295,10.827268095807717,0.3711329149181851,0.13256386440906678,0.8945383121570041,1.4628859082188423,1.460111126756888,1010,100,0.4761528781626882,0.04589828262228044,0.4025630578890877,0.5809991053069786
mix_spline,47400.0,48000.0,47700.0,1003,0.4986002771617125,0.05196370709185654,0.8372293177290698,True,106.28997700983777,,0.04505 0.00000 0.08126 0.00782 0.08247 0.00000 0.08700 0.07540 0.03102 0.00000 0.03105 0.05754 0.00000,1.00e-05 3.16e-05 1.00e-04 3.16e-04 1.00e-03 3.16e-03 1.00e-02 3.16e-02 1.00e-01 3.16e-01 1.00e+00 3.16e+00 1.00e+01,False,0.8675296827075543,1.3537085499617652,0.02786429637926713,0.40995547948639477,8.52419802347472,0.5777730809803822,0.6342365866067006,0.5259264339480407,1.777403941869407,1.7796656789183303,990,100,0.48191219496578314,0.04931196621635749,0.4070194737587064,0.5739498650174512
mix_spline,47700.0,48300.0,48000.0,1010,0.46118102380062115,0.0528118409464259,0.9071134975398643,True,96.50641417438264,,0.02973 0.03770 0.01663 0.02997 0.11788 0.00000 0.14220 0.02465 0.00000 0.00000 0.05276 0.00967 0.00000,1.00e-05 3.16e-05 1.00e-04 3.16e-04 1.00e-03 3.16e-03 1.00e-02 3.16e-02 1.00e-01 3.16e-01 1.00e+00 3.16e+00 1.00e+01,False,1.0034420558035637,1.4826661011844047,0.026777441230707688,0.4559574101130204,10.194983872372855,0.4235565596522556,0.11709816346953589,0.9067822650640758,1.4883752060803375,1.4622317752309104,782,100,0.45729776198474276,0.035549975478643886,0.3916912724711978,0.5213432344393817
mix_spline,48000.0,48600.0,48300.0,990,0.555733022947138,0.06909308935969269,0.7337868779237614,True,135.92591616086665,,0.03949 0.04478 0.03679 0.04237 0.09696 0.00000 0.16349 0.00000 0.01320 0.00229 0.03890 0.00000 0.07748,1.00e-05 3.16e-05 1.00e-04 3.16e-04 1.00e-03 3.16e-03 1.00e-02 3.16e-02 1.00e-01 3.16e-01 1.00e+00 3.16e+00 1.00e+01,False,1.3017836479553353,1.8010083600428461,0.022248174991249647,0.7025009057589431,30.31881050004314,0.0007595743565836753,-0.27014093717666304,0.787051829128331,1.3544037164196987,1.3548747257128715,956,100,0.5050260938947726,0.040030576327441475,0.44148489745493313,0.5798922129699022
mix_spline,48300.0,48900.0,48600.0,782,0.5219684567206886,0.07184506948110496,0.6224553723343756,True,26.359348770209113,,0.04689 0.00000 0.11877 0.00000 0.06237 0.00000 0.09062 0.00000 0.07161 0.00000 0.00000 0.00000 0.13171,1.00e-05 3.16e-05 1.00e-04 3.16e-04 1.00e-03 3.16e-03 1.00e-02 3.16e-02 1.00e-01 3.16e-01 1.00e+00 3.16e+00 1.00e+01,False,0.7667812085872102,1.5018561232580452,0.01741205924988154,0.9684200377476815,14.973829601463766,0.13301889900593128,-0.5863034210268537,0.5576716324948665,1.3846012434686645,1.371221533977827,936,100,0.4343160345119481,0.052570081989827586,0.3412827516874614,0.5595758313069286
mix_spline,48600.0,49200.0,48900.0,956,0.5445209159835105,0.04723303705655588,0.7268729955143122,True,43.609343561495685,,0.03070 0.00000 0.09131 0.00000 0.10904 0.00000 0.11174 0.00000 0.03375 0.05059 0.00000 0.11739 0.00000,1.00e-05 3.16e-05 1.00e-04 3.16e-04 1.00e-03 3.16e-03 1.00e-02 3.16e-02 1.00e-01 3.16e-01 1.00e+00 3.16e+00 1.00e+01,False,0.8397970082597271,1.373968750424472,0.016729640885801034,0.947683805878336,19.6966090766151,0.03225642510902998,-0.38346038228569046,0.7013784397434495,1.1840946313056968,1.1628594392927598,777,100,0.4980229782477476,0.05632501448716141,0.39935714525553123,0.627390155348181
mix_spline,48900.0,49500.0,49200.0,936,0.4797185029430013,0.04877189761183523,0.8115377417590249,True,131.88499508333393,,0.03106 0.00310 0.06556 0.03228 0.08555 0.03279 0.10059 0.00000 0.01832 0.08835 0.00000 0.02211 0.00000,1.00e-05 3.16e-05 1.00e-04 3.16e-04 1.00e-03 3.16e-03 1.00e-02 3.16e-02 1.00e-01 3.16e-01 1.00e+00 3.16e+00 1.00e+01,False,0.8449965292101823,1.4003107079487365,0.02940120831476073,0.38598848696468935,20.079408672382566,0.028510498915296684,-0.15449484825392742,0.877219572951521,1.0846448202801897,1.025670245461805,658,100,0.4810000649821916,0.03974324323265001,0.4094914305733935,0.5555683161418621
mix_spline,49200.0,49800.0,49500.0,777,0.35997704230877076,0.030624421494348283,0.8288316492234058,True,205.6280571646389,,0.02456 0.00194 0.06985 0.02500 0.06920 0.02791 0.03911 0.06579 0.02445 0.01218 0.00000 0.00000 0.00000,1.00e-05 3.16e-05 1.00e-04 3.16e-04 1.00e-03 3.16e-03 1.00e-02 3.16e-02 1.00e-01 3.16e-01 1.00e+00 3.16e+00 1.00e+01,False,0.4403849019928086,1.1818742068413075,0.021453103233316617,0.8591516687867361,6.497993099803091,0.7718342832644451,-0.3484020170041754,0.7275382879563284,0.8584867082643154,0.8415912789849547,619,100,0.37355262382151283,0.03346388661792813,0.3034775722075542,0.4487555134026545
mix_spline,49500.0,50100.0,49800.0,658,0.3083602818064222,0.023192133846752422,0.7584982242856609,True,76.26880936285473,,0.00807 0.03107 0.03511 0.03105 0.06803 0.00000 0.07265 0.06239 0.00000 0.00000 0.00000 0.00000 0.00000,1.00e-05 3.16e-05 1.00e-04 3.16e-04 1.00e-03 3.16e-03 1.00e-02 3.16e-02 1.00e-01 3.16e-01 1.00e+00 3.16e+00 1.00e+01,False,0.1596361305528644,1.0673608544436934,0.021159701326424585,0.9237206364929852,16.76116458332601,0.07981869722688692,-0.3002918073349818,0.7639545818436467,1.2626406065793085,1.2088612143449897,984,100,0.3230206837410519,0.032084299436641074,0.2774408952044466,0.3901088353400581
mix_spline,49800.0,50400.0,50100.0,619,0.4165749592114516,0.061510561334951544,0.6034129262526102,True,35.115442463003006,,0.02165 0.00000 0.03284 0.01280 0.06610 0.00000 0.04265 0.14194 0.00000 0.00000 0.00000 0.09859 0.00000,1.00e-05 3.16e-05 1.00e-04 3.16e-04 1.00e-03 3.16e-03 1.00e-02 3.16e-02 1.00e-01 3.16e-01 1.00e+00 3.16e+00 1.00e+01,False,-0.08005644176321627,0.888767940768334,0.021218193490650794,0.9376071308320844,12.568392951652319,0.2488140317074078,-0.4252413502160421,0.6706607433821964,1.5621328849646596,1.4122624333076808,1170,100,0.38906133099433093,0.056795388434435844,0.3003213940359571,0.5204009040633116
mix_spline,50100.0,50700.0,50400.0,984,0.62589199542448,0.04602089042187159,0.6157297911361129,True,32.034807415456264,,0.02089 0.00000 0.06611 0.02138 0.10182 0.00000 0.01846 0.19447 0.00000 0.00000 0.00000 0.20276 0.00000,1.00e-05 3.16e-05 1.00e-04 3.16e-04 1.00e-03 3.16e-03 1.00e-02 3.16e-02 1.00e-01 3.16e-01 1.00e+00 3.16e+00 1.00e+01,False,0.7694770758686081,1.274780834032501,0.019834137660125095,0.8260818078510246,13.356129810608737,0.20443607484452136,-0.31844910913580665,0.750144291824402,1.7122650443145127,1.6943136518053532,1197,100,0.5897637353686686,0.054572478210148795,0.48972077521564783,0.6804639427206173
mix_spline,50400.0,51000.0,50700.0,1170,0.5495158333418197,0.04096732370732644,0.8778587419961309,True,112.26485071553212,,0.03200 0.00000 0.08228 0.00000 0.11574 0.00000 0.09465 0.08466 0.05006 0.06926 0.00000 0.02087 0.00000,1.00e-05 3.16e-05 1.00e-04 3.16e-04 1.00e-03 3.16e-03 1.00e-02 3.16e-02 1.00e-01 3.16e-01 1.00e+00 3.16e+00 1.00e+01,False,1.136654653746969,1.4688252811713136,0.033610705697230125,0.1390097573587562,7.515240511517301,0.6760706099198289,-0.0864253089374686,0.9311283285751321,1.6338234024366909,1.6102315568621328,1502,100,0.5429436788295309,0.03237596247429628,0.491561254766215,0.6057874376620674
mix_spline,50700.0,51300.0,51000.0,1197,0.5584047312375998,0.0398798680485634,0.8808490705403502,True,38.64908022600779,,0.07904 0.00000 0.05280 0.00000 0.12108 0.00000 0.16820 0.00000 0.10255 0.00389 0.00000 0.03085 0.00000,1.00e-05 3.16e-05 1.00e-04 3.16e-04 1.00e-03 3.16e-03 1.00e-02 3.16e-02 1.00e-01 3.16e-01 1.00e+00 3.16e+00 1.00e+01,False,1.4388093717103514,1.7481653213685246,0.0455770010487766,0.01341212574266471,10.715887587669242,0.3800771424593027,0.50817186077279,0.6113328229762847,1.415696558151956,1.4020076295903503,1582,100,0.5537119472033591,0.03375972141164125,0.49991187316849117,0.6299817222419585
mix_spline,51000.0,51600.0,51300.0,1502,0.6398654272412242,0.03892331301857469,0.9018344415641235,True,16.172333261584818,,0.07047 0.00000 0.06598 0.00000 0.12339 0.00000 0.16473 0.00000 0.05865 0.00000 0.00000 0.15665 0.00000,1.00e-05 3.16e-05 1.00e-04 3.16e-04 1.00e-03 3.16e-03 1.00e-02 3.16e-02 1.00e-01 3.16e-01 1.00e+00 3.16e+00 1.00e+01,False,1.570484414042276,1.652861236934342,0.021434586726784943,0.4884231288211808,10.825519177713206,0.3712723660349553,-0.2134661219164816,0.8309634109179145,1.4968637484138694,1.480329630010123,1255,100,0.611349283221038,0.04944597983028567,0.514487137961409,0.6923720013715816
mix_spline,51300.0,51900.0,51600.0,1582,0.6682831645015395,0.040346865647574164,0.873431710071706,True,89.78402000889503,,0.05510 0.00000 0.08652 0.00000 0.09211 0.00000 0.14269 0.00000 0.06297 0.00000 0.00812 0.22077 0.00000,1.00e-05 3.16e-05 1.00e-04 3.16e-04 1.00e-03 3.16e-03 1.00e-02 3.16e-02 1.00e-01 3.16e-01 1.00e+00 3.16e+00 1.00e+01,False,1.4089113845529324,1.4393958914414795,0.011889601803485278,0.9767838711076914,21.661870939379284,0.016922933849632536,-0.3164695313638191,0.7516461481089187,1.666991564121561,1.6600688628199343,1345,100,0.6433022062504766,0.046606817276140765,0.5483219272109268,0.7234938262956384
mix_spline,51600.0,52200.0,51900.0,1255,0.6254494916761866,0.0632369704983604,0.7833006648001192,True,150.62328500003585,,0.06537 0.00000 0.07277 0.02940 0.06297 0.00000 0.14205 0.00844 0.03140 0.00000 0.00000 0.19721 0.01584,1.00e-05 3.16e-05 1.00e-04 3.16e-04 1.00e-03 3.16e-03 1.00e-02 3.16e-02 1.00e-01 3.16e-01 1.00e+00 3.16e+00 1.00e+01,False,1.2337993434728523,1.4958381471231144,0.019178433748864687,0.7375965838321762,15.023675199349103,0.13120108234557323,0.24576172365709797,0.8058666885197372,1.350002415872734,1.344963551879401,1400,100,0.5725794046735531,0.05179930390517587,0.4768031833966842,0.6670229025164689
mix_spline,51900.0,52500.0,52200.0,1345,0.6369447320497071,0.04128424242958239,0.814646528518077,True,34.95403601521585,,0.05479 0.00000 0.00943 0.13281 0.06648 0.00000 0.16604 0.02006 0.00000 0.00000 0.00000 0.18734 0.00000,1.00e-05 3.16e-05 1.00e-04 3.16e-04 1.00e-03 3.16e-03 1.00e-02 3.16e-02 1.00e-01 3.16e-01 1.00e+00 3.16e+00 1.00e+01,False,1.4910318650225207,1.6838122282027275,0.023494246232872384,0.4411331946580964,19.709984890136457,0.03211819639310456,0.22225154957098037,0.8241180666766303,1.3224887022051313,1.3246709874853015,1391,100,0.6109982621831915,0.05628977580941035,0.5043817140874731,0.7159070759805182
mix_spline,52200.0,52800.0,52500.0,1400,0.6235829915732023,0.04096455654832896,0.8780865696409347,True,16.522500703777695,,0.03676 0.00000 0.00000 0.12741 0.06726 0.00000 0.13620 0.04566 0.00000 0.00000 0.00000 0.21030 0.00000,1.00e-05 3.16e-05 1.00e-04 3.16e-04 1.00e-03 3.16e-03 1.00e-02 3.16e-02 1.00e-01 3.16e-01 1.00e+00 3.16e+00 1.00e+01,False,1.2194314948414313,1.3721336344542276,0.021387452496669346,0.5365866445960588,25.110367252238323,0.005140186315766183,0.2528953144385093,0.8003491103470488,1.5879922513798996,1.5892489243229222,1363,100,0.5863191874471027,0.05764316615666755,0.46610219877398884,0.6787043797486376
mix_spline,52500.0,53100.0,52800.0,1391,0.6416465231346187,0.06579022168997346,0.8264796956784284,True,131.94339313924124,,0.01223 0.01690 0.01772 0.03085 0.17648 0.00000 0.09764 0.05022 0.00000 0.02005 0.08131 0.00000 0.13826,1.00e-05 3.16e-05 1.00e-04 3.16e-04 1.00e-03 3.16e-03 1.00e-02 3.16e-02 1.00e-01 3.16e-01 1.00e+00 3.16e+00 1.00e+01,False,1.187913500804655,1.3470649640973587,0.024879866921421356,0.34961856540817615,40.05430111455278,1.6575690434798435e-05,-0.2499291561138359,0.8026421352633677,1.3637443991227705,1.3626773199344646,1302,100,0.560053652853419,0.05348183661034674,0.4644846518540991,0.6853020164717463
mix_spline,52800.0,53400.0,53100.0,1363,0.5810160791911061,0.09247442190335796,0.95261373832685,True,639.8558717630356,,0.01846 0.01107 0.05408 0.00000 0.17728 0.06594 0.07482 0.03282 0.02473 0.00000 0.05787 0.00084 0.06312,1.00e-05 3.16e-05 1.00e-04 3.16e-04 1.00e-03 3.16e-03 1.00e-02 3.16e-02 1.00e-01 3.16e-01 1.00e+00 3.16e+00 1.00e+01,False,1.4323054975570153,1.6117917210766293,0.017763242968381193,0.7759755247990648,22.156644424018864,0.014326182910935386,0.18161669684506115,0.8558835445856904,1.2107183764559513,1.2126385415884495,1398,100,0.5449541992570152,0.043153592609175916,0.46836651782856215,0.6327292745725467
mix_spline,53100.0,53700.0,53400.0,1302,0.6967418561350459,0.06281067550757928,0.6621091281288868,True,172.64558297972482,,0.03667 0.00000 0.05683 0.00480 0.12883 0.03591 0.06812 0.06992 0.00376 0.00000 0.00000 0.22843 0.06348,1.00e-05 3.16e-05 1.00e-04 3.16e-04 1.00e-03 3.16e-03 1.00e-02 3.16e-02 1.00e-01 3.16e-01 1.00e+00 3.16e+00 1.00e+01,False,1.157275792939211,1.3825486253868429,0.014994652648950946,0.9271831186961657,16.181205979409846,0.09456133858824126,0.6430652376535106,0.5201817697171847,1.3498362714800756,1.3330268347847976,1594,100,0.6432077454320395,0.06022328750159551,0.5301209965588349,0.7523786000411368
mix_spline,53400.0,54000.0,53700.0,1398,0.703477453219629,0.0522665882697967,0.6920444666421126,True,172.1132722168582,,0.03775 0.00000 0.05828 0.00000 0.12391 0.01624 0.08729 0.04378 0.00000 0.00466 0.00000 0.29476 0.03680,1.00e-05 3.16e-05 1.00e-04 3.16e-04 1.00e-03 3.16e-03 1.00e-02 3.16e-02 1.00e-01 3.16e-01 1.00e+00 3.16e+00 1.00e+01,False,1.1029864131942897,1.2571181456166804,0.01659704017023525,0.8296297709670487,22.014286881806367,0.01503198323590933,-0.060344888040470925,0.9518809515765833,1.313686449891492,1.3100139296458606,1525,100,0.6472284970431272,0.0550461471513513,0.539810117946593,0.7411736443690399
mix_spline,53700.0,54300.0,54000.0,1594,0.6129770653714768,0.043140297015352595,1.0308486941236021,True,90.78351564790971,,0.03251 0.02228 0.04105 0.04817 0.10118 0.00000 0.12569 0.02197 0.00000 0.00000 0.06743 0.15269 0.00000,1.00e-05 3.16e-05 1.00e-04 3.16e-04 1.00e-03 3.16e-03 1.00e-02 3.16e-02 1.00e-01 3.16e-01 1.00e+00 3.16e+00 1.00e+01,False,1.319807103494616,1.342734899360602,0.01732151214774208,0.7184111986821855,5.311868785656787,0.8693952842063316,0.23970996386746893,0.8105551100749521,1.550359264185969,1.5514039785011164,1467,100,0.5740032790172678,0.05042247305492333,0.487702866346977,0.6791515402866436
mix_spline,54000.0,54600.0,54300.0,1525,0.6388091261741328,0.04590353565182573,0.9175509887628027,True,143.1587955797292,,0.03576 0.01112 0.00456 0.13236 0.05031 0.00000 0.13587 0.00961 0.03488 0.00000 0.01304 0.21129 0.00000,1.00e-05 3.16e-05 1.00e-04 3.16e-04 1.00e-03 3.16e-03 1.00e-02 3.16e-02 1.00e-01 3.16e-01 1.00e+00 3.16e+00 1.00e+01,False,1.2569916631989793,1.3241716293736134,0.017821613197286812,0.7109528203956799,5.701712522430441,0.8396705832162494,0.4212828715170553,0.6735485362266839,1.6650053901599524,1.638009036282046,1942,100,0.6043535529804419,0.05626254417328407,0.49922981823290286,0.7006793934654058
mix_spline,54300.0,54900.0,54600.0,1467,0.6091339483499582,0.03939146330852085,0.9537447210228739,True,103.65367818756233,,0.02382 0.02317 0.01317 0.05808 0.13825 0.00000 0.16391 0.00000 0.03640 0.00000 0.07111 0.08123 0.00000,1.00e-05 3.16e-05 1.00e-04 3.16e-04 1.00e-03 3.16e-03 1.00e-02 3.16e-02 1.00e-01 3.16e-01 1.00e+00 3.16e+00 1.00e+01,False,1.4570079775577391,1.562962854630904,0.018167745243111377,0.7109929719162102,22.538043862661905,0.012586346206176624,0.017657868105446815,0.9859117917837138,1.6467667062577827,1.5893020025512985,2139,100,0.5926075308817712,0.04625674737661839,0.5023664826798828,0.687073036016716
mix_spline,54600.0,55200.0,54900.0,1942,0.6736546797932638,0.04739211123846821,1.0569635570236093,True,408.36110872564814,,0.00949 0.04750 0.03040 0.00000 0.21801 0.00000 0.13813 0.00843 0.03747 0.00000 0.12107 0.03581 0.02735,1.00e-05 3.16e-05 1.00e-04 3.16e-04 1.00e-03 3.16e-03 1.00e-02 3.16e-02 1.00e-01 3.16e-01 1.00e+00 3.16e+00 1.00e+01,False,1.8425082205646968,1.667964226929573,0.018445460656368873,0.5173719987188359,31.466440828007794,0.0004911771568106387,-0.06468510646586172,0.9484247213045428,1.9307324926044007,1.9306654124569884,2040,100,0.641988947366431,0.036639591259386484,0.5788589049136551,0.7086921154583595
mix_spline,54900.0,55500.0,55200.0,2139,0.7228450827329727,0.04265631684935304,0.9869901279163101,True,73.18957198112318,,0.01211 0.06207 0.02834 0.00000 0.19448 0.00000 0.13172 0.04458 0.02177 0.00000 0.11963 0.00000 0.10814,1.00e-05 3.16e-05 1.00e-04 3.16e-04 1.00e-03 3.16e-03 1.00e-02 3.16e-02 1.00e-01 3.16e-01 1.00e+00 3.16e+00 1.00e+01,False,1.8749238148633631,1.603759760997104,0.020886980238145836,0.30402033206182166,11.874307427756426,0.2935567424067493,0.6245078299759144,0.5322941297548354,1.8258633747417603,1.8261142317213375,2207,100,0.6624943452322759,0.04239419476519378,0.5841663851383079,0.7422745805095164
mix_spline,55200.0,55800.0,55500.0,2040,0.7302865228459096,0.042588657931742456,0.929796763993362,True,47.68536387617657,,0.02853 0.06499 0.04477 0.00000 0.16213 0.00000 0.21180 0.03994 0.00000 0.00000 0.04806 0.00000 0.13008,1.00e-05 3.16e-05 1.00e-04 3.16e-04 1.00e-03 3.16e-03 1.00e-02 3.16e-02 1.00e-01 3.16e-01 1.00e+00 3.16e+00 1.00e+01,False,2.1798981145979286,1.9561226829758132,0.04143148957412668,0.0017643083823407433,22.279270749756286,0.013743413843529314,1.3566245240965398,0.17490054534036847,1.6133208866425797,1.6127216974357845,2351,100,0.6738333989046204,0.0430536877167904,0.60112837076068,0.76074444525645
mix_spline,55500.0,56100.0,55800.0,2207,0.7075981797784255,0.04514865113655584,1.0791414115856366,True,480.3083223256095,,0.03807 0.03230 0.06101 0.00000 0.16883 0.00000 0.20890 0.01872 0.00009 0.00000 0.06114 0.03052 0.08800,1.00e-05 3.16e-05 1.00e-04 3.16e-04 1.00e-03 3.16e-03 1.00e-02 3.16e-02 1.00e-01 3.16e-01 1.00e+00 3.16e+00 1.00e+01,False,2.1428421885196745,1.8403824374790845,0.032836042046587965,0.016762498842769702,17.021144430129343,0.07389741488714607,1.3871601221844252,0.165392942334866,1.657650690013255,1.6621160450710302,2176,100,0.6543985536224209,0.04271153931640721,0.5754230498694163,0.7358468127166261
mix_spline,55800.0,56400.0,56100.0,2351,0.6090031169311527,0.03673988389563958,1.5311093939504266,True,135.5108732088028,,0.04993 0.02415 0.06802 0.00164 0.15436 0.00000 0.14635 0.01461 0.01661 0.00000 0.07993 0.05341 0.00000,1.00e-05 3.16e-05 1.00e-04 3.16e-04 1.00e-03 3.16e-03 1.00e-02 3.16e-02 1.00e-01 3.16e-01 1.00e+00 3.16e+00 1.00e+01,False,1.993603180450682,1.6279367871267587,0.020557902872616385,0.26976015362708416,25.301055347277853,0.004803147415704692,0.7385617158120725,0.4601731786436668,1.4214033935655872,1.4099321943719443,2840,100,0.605606571914149,0.043713307098817177,0.5226410018296306,0.6969978641350109
mix_spline,56100.0,56700.0,56400.0,2176,0.547529632090781,0.04083308582732086,1.6406911566488003,True,422.59798940525985,,0.07050 0.02524 0.04424 0.06545 0.09483 0.00000 0.13331 0.00000 0.02031 0.00219 0.01561 0.07584 0.00000,1.00e-05 3.16e-05 1.00e-04 3.16e-04 1.00e-03 3.16e-03 1.00e-02 3.16e-02 1.00e-01 3.16e-01 1.00e+00 3.16e+00 1.00e+01,False,1.9779305407491337,1.689616587989447,0.021309654247017806,0.2725711097633302,27.189063114848945,0.00243082162540416,-0.27767871926488696,0.7812589979661335,1.63979687165657,1.4806670600192349,4313,100,0.528533297322692,0.041532220652814346,0.4498644556817694,0.6064695253258653
mix_spline,56400.0,57000.0,56700.0,2840,0.6007455092695789,0.035856458520985277,1.8929871263226914,True,432.5002344197148,,0.03664 0.04288 0.00000 0.08061 0.08916 0.05092 0.13485 0.00000 0.02247 0.03864 0.00666 0.09791 0.00000,1.00e-05 3.16e-05 1.00e-04 3.16e-04 1.00e-03 3.16e-03 1.00e-02 3.16e-02 1.00e-01 3.16e-01 1.00e+00 3.16e+00 1.00e+01,True,1.9774210967490036,1.4227914208098982,0.021102415597165747,0.15710656400880263,12.530043157392601,0.25114663348709926,0.05299831706502214,0.9577332486183439,1.646435966840982,1.4217267675753107,6265,100,0.5830123284546264,0.047148593025157684,0.4992987741157645,0.6729089939036418
mix_spline,56700.0,57300.0,57000.0,4313,0.7379713323061624,0.028041843118142465,1.8858507366560433,True,286.9490515885064,,0.01886 0.03832 0.00000 0.09244 0.14446 0.00000 0.18081 0.02716 0.03999 0.02073 0.07255 0.00000 0.10265,1.00e-05 3.16e-05 1.00e-04 3.16e-04 1.00e-03 3.16e-03 1.00e-02 3.16e-02 1.00e-01 3.16e-01 1.00e+00 3.16e+00 1.00e+01,True,2.49916316671085,1.526703825279153,0.014038176552443493,0.35984950919051306,110.84355696947358,3.606124665359987e-19,-0.7115130260676333,0.4767663817317199,,,0,100,0.6879385045970254,0.03789686939808185,0.6244020628048887,0.7572397334926473
mix_spline,57000.0,57600.0,57300.0,6265,0.7814416791846255,0.03145103658543322,2.3786072723178027,True,141.80193893524023,,0.03082 0.02243 0.04057 0.05619 0.14284 0.00000 0.17986 0.04702 0.04021 0.00000 0.11395 0.00000 0.10755,1.00e-05 3.16e-05 1.00e-04 3.16e-04 1.00e-03 3.16e-03 1.00e-02 3.16e-02 1.00e-01 3.16e-01 1.00e+00 3.16e+00 1.00e+01,True,2.8021446535463275,1.4563404414323056,0.013530014460496315,0.19975933051062056,96.40517555832723,2.849229587683571e-16,-0.5565775887034308,0.5778160694790604,,,0,100,0.7381276617068799,0.03457127152211907,0.6778609846302825,0.8134231535483039
