scenario,seed,fitter,n_events,n_hat,se_n,mu_mean_hat,converged,condition_number,alpha_slowest_two,n_true,n_true_within_10s,ks_stat,ks_p,lb_stat,lb_p,dispersion_z,dispersion_p,executions_per_event
near_critical_0.95,0,grid_const,2745,0.9719859253158353,0.01906906759095822,0.1281737760366356,True,46.107186344302555,1.1091028190901185e-13,0.95,0.95,0.013395671237612428,0.7029177252788297,4.156229174357394,0.9400240813583212,-0.4035898094510103,0.6865143806028317,
near_critical_0.95,0,grid_spline2min,2745,0.9691507567692118,0.01935064619931138,0.14114446243529202,True,48.88520079325285,1.1091028190901185e-13,0.95,0.95,0.012929241599817898,0.7433260077077789,4.3332192952878374,0.9310654708830689,-0.47473335159921703,0.6349770428984622,
near_critical_0.95,0,grid_spline1min,2745,0.9665088825396714,0.019452558372841766,0.15323091802267147,True,49.67939359596485,1.1091028190901185e-13,0.95,0.95,0.014552938918928282,0.6009389180256803,3.890582694320152,0.952148002707751,-0.7468732715283315,0.45514006140990804,
near_critical_0.95,1,grid_const,2546,0.9520364914518271,0.020055443550991092,0.20992656992680497,True,35.55861262121495,2.0136306076352374e-13,0.95,0.95,0.022419333313985157,0.15233418767504003,8.953419913902769,0.5365298494772357,-1.470520434073099,0.14142085554622785,
near_critical_0.95,1,grid_spline2min,2546,0.9430986483646079,0.02088957644637607,0.24766302578503774,True,38.11243789292353,2.0136306076352374e-13,0.95,0.95,0.02237123637814642,0.1540173248536606,8.31855296369414,0.597751819003255,-1.4977517559786784,0.1341977594605811,
near_critical_0.95,1,grid_spline1min,2546,0.932191564013999,0.021588620492880628,0.29359206566776774,True,41.84031607219935,2.0136306076352374e-13,0.95,0.95,0.023605062094534335,0.11530858663180121,8.23614566787198,0.6057826201175371,-1.5516246094087014,0.12075207121714862,
near_critical_0.95,2,grid_const,2170,0.9553753321425208,0.02148787422133443,0.16464292094867544,True,32.542478268292996,1.6162608978778816e-13,0.95,0.95,0.019612938291783677,0.369430748694037,5.317770664716672,0.868965268072871,-1.0169140631312281,0.30919431267599984,
near_critical_0.95,2,grid_spline2min,2170,0.9520596022066495,0.021596575070943872,0.17660964752038286,True,34.307380106990095,1.6162608978778816e-13,0.95,0.95,0.0204726073338361,0.3186712495749304,5.96416753743102,0.81826469011679,-1.0968878390188526,0.27269042545811994,
near_critical_0.95,2,grid_spline1min,2170,0.9469647396913244,0.02188060427461445,0.19500165052827237,True,35.790962114109846,1.6162608978778816e-13,0.95,0.95,0.020623305400014558,0.31028725504829624,6.654013029567138,0.7576544741645365,-1.106054787056362,0.2687028065902691,
near_critical_0.95,3,grid_const,2258,0.9475368655818636,0.021283789145937575,0.19781249549664043,True,32.35167549185029,1.5925846800341363e-13,0.95,0.95,0.0287877843900628,0.04646962805634414,3.461221367512964,0.9683987011748798,-0.7361580554568511,0.46163451519130216,
near_critical_0.95,3,grid_spline2min,2258,0.9411310299574477,0.02155080893746236,0.22193500859701568,True,35.81567327658298,1.5925846800341363e-13,0.95,0.95,0.02882910879452305,0.045971256110834746,2.87894094558858,0.984131063937422,-0.6984967932393089,0.48486656261795646,
near_critical_0.95,3,grid_spline1min,2258,0.9347097343983672,0.02184527304931179,0.246113627540866,True,37.12656177667432,1.5925846800341363e-13,0.95,0.95,0.029913743178228258,0.03444909883663594,3.1662468219362063,0.9772364025702518,-0.857017870198674,0.3914350085889782,
near_critical_0.95,4,grid_const,822,0.9054385486405686,0.035486237777534964,0.1291602411975021,True,36.33739361145749,0.006012685642280716,0.95,0.95,0.023619422442685445,0.7394985397042108,20.896206977865027,0.02182906062548068,-0.32416722171671497,0.7458114365577775,
near_critical_0.95,4,grid_spline2min,822,0.8905950160824382,0.03441235772067448,0.14959257922143193,True,33.696446410645734,3.7786392616030096e-13,0.95,0.95,0.02451341749687891,0.6969969642218601,18.468751235170423,0.04755283192898009,-0.5466042750076612,0.5846506314452085,
near_critical_0.95,4,grid_spline1min,822,0.8882892873663829,0.03447245527139233,0.1527558171861989,True,34.142679992721,3.7786392616030096e-13,0.95,0.95,0.02403062278707968,0.7200695466177371,17.115958472643268,0.07183717164765335,-0.5759926613285316,0.5646201419643487,
near_critical_0.95,5,grid_const,1332,0.9221104668845029,0.027495873635393058,0.1728681817188362,True,20.740024058213386,2.8091920001517725e-13,0.95,0.95,0.018842530159266957,0.7241931640472328,11.983660473169431,0.2861515335312757,0.013106753814342034,0.9895426228970486,
near_critical_0.95,5,grid_spline2min,1332,0.9162004066818158,0.027708761764873933,0.18599068725039358,True,22.686796986625776,2.8091920001517725e-13,0.95,0.95,0.020009476956494465,0.6528124575778987,12.13591601876369,0.27606315820102284,-0.09068303490809478,0.9277444512647299,
near_critical_0.95,5,grid_spline1min,1332,0.9069157015447306,0.02804049707569965,0.2066055759407951,True,22.848816708823474,2.8091920001517725e-13,0.95,0.95,0.02150356848225865,0.5616051693722448,13.281548060619391,0.20835339830392713,-0.20501619392300668,0.8375594728324021,
near_critical_0.95,6,grid_const,1093,0.9034074287704807,0.02927703323879434,0.13949801780188292,True,22.14778879942051,2.2972277235222534e-13,0.95,0.95,0.029765657251878186,0.28187633152680336,9.967075478390539,0.4433866142023827,-0.09335846212934819,0.9256187887635876,
near_critical_0.95,6,grid_spline2min,1093,0.8977148404755848,0.029559447312309566,0.15048519796932816,True,23.96194671766982,2.2972277235222534e-13,0.95,0.95,0.029555517361442463,0.28963513488642,8.018231268201706,0.6270560489395052,-0.235253673868185,0.8140118490109027,
near_critical_0.95,6,grid_spline1min,1093,0.8920698553168849,0.0301373638772668,0.16141293549770241,True,24.714278121492892,2.2972277235222534e-13,0.95,0.95,0.030713555605704046,0.24873280974630319,7.8807327420008955,0.6404856282948751,-0.30938943733176194,0.7570253043057049,
near_critical_0.95,7,grid_const,1872,0.9540241355478142,0.02324562015486403,0.15900027905864156,True,27.8954542732382,1.0129697956288577e-13,0.95,0.95,0.01746035661052381,0.6115938547635106,5.750873335919642,0.835741422785774,-1.0211449944682232,0.3071857482945777,
near_critical_0.95,7,grid_spline2min,1872,0.9512646203797811,0.02332977104902825,0.16737806439993816,True,29.305419595036586,1.0129697956288577e-13,0.95,0.95,0.018456020511956495,0.5403261803638342,6.366951394557344,0.7835492476742649,-1.1266287932488692,0.25989946005642084,
near_critical_0.95,7,grid_spline1min,1872,0.9448959634229024,0.02390683929974802,0.18690982424845265,True,31.269907081452647,1.0129697956288577e-13,0.95,0.95,0.019337182859943736,0.4798982195511321,5.87606066831241,0.8255663351670754,-1.1126924952251873,0.2658405198019641,
near_critical_0.95,8,grid_const,1539,0.9444645596201052,0.02535476676114746,0.1353023443738298,True,28.05610695087923,1.9399458288816783e-13,0.95,0.95,0.0417165829913701,0.009163403558244137,11.998817446974885,0.2851356520248495,-0.5358170257995973,0.592085014089218,
near_critical_0.95,8,grid_spline2min,1539,0.9398729521215864,0.025557353758189964,0.1471818252402965,True,30.3348725040693,1.9399458288816783e-13,0.95,0.95,0.04240372846323248,0.007665480394854534,12.431946960744463,0.25718716692690263,-0.821955417299829,0.4111022710533444,
near_critical_0.95,8,grid_spline1min,1539,0.9376792201112191,0.025708120172585523,0.1528441902100844,True,30.446221857067098,1.9399458288816783e-13,0.95,0.95,0.04206912436182764,0.00836458452617517,12.956969966421047,0.22608763747583413,-0.7734907578010292,0.43923199635554677,
near_critical_0.95,9,grid_const,1935,0.9386841113725795,0.02275144171768341,0.1845248691982163,True,88.90909272931212,2.350365064130323e-13,0.95,0.95,0.016458630168471877,0.6646945124550074,2.9743455858014873,0.9820213589139479,-0.681644263443193,0.4954639189100536,
near_critical_0.95,9,grid_spline2min,1935,0.9370824958014125,0.02279380325697042,0.18981247965135534,True,89.08265284250045,2.350365064130323e-13,0.95,0.95,0.015203602737216215,0.7563441415356702,3.6307754436174857,0.9624703068076743,-0.7993732576658024,0.4240740121122316,
near_critical_0.95,9,grid_spline1min,1935,0.9319216162695846,0.023013768715652562,0.20670477485207853,True,88.9693783157507,2.350365064130323e-13,0.95,0.95,0.015314740061181997,0.7484240334812029,2.792774080920897,0.9858888362275728,-0.8887728396493737,0.3741251755174002,
near_critical_0.95,10,grid_const,1895,0.9427900798087308,0.023235487727477803,0.1824800687778142,True,28.816986099442094,1.3771283023042706e-13,0.95,0.95,0.01837151952330185,0.5383975377828712,7.723162672543239,0.655857394717896,0.47439646934282137,0.6352172103028133,
near_critical_0.95,10,grid_spline2min,1895,0.9278913255152381,0.023727790329257228,0.22949071111032243,True,31.101683114966917,1.3771283023042706e-13,0.95,0.95,0.019602022095068616,0.4545832619809772,7.441764037792572,0.683184425496574,0.19037016577575,0.8490190744146611,
near_critical_0.95,10,grid_spline1min,1895,0.9215126962285969,0.02393753239649642,0.24961705273739307,True,32.33689983694135,1.3771283023042706e-13,0.95,0.95,0.019037847418234055,0.49220680106431147,7.095645426847497,0.716385644972066,-0.12561162098326176,0.9000393636082684,
near_critical_0.95,11,grid_const,2112,0.9516142348794199,0.021659607641460896,0.1690373772326349,True,38.627258250504276,1.1788030145123544e-13,0.95,0.95,0.023182617332281608,0.20321072439631993,2.6803082098001845,0.9879796941184041,-1.0688213353538978,0.28515018365867084,
near_critical_0.95,11,grid_spline2min,2112,0.9448876572771364,0.02185033964837685,0.1927638936160914,True,40.85507789357721,1.1788030145123544e-13,0.95,0.95,0.02296493468536351,0.21202056566817373,2.6471532964567746,0.9885534602854851,-1.1626158754111924,0.24498538678228787,
near_critical_0.95,11,grid_spline1min,2112,0.9437386929511913,0.022146274255379773,0.1968196813024449,True,42.790818970605926,1.1788030145123544e-13,0.95,0.95,0.023102775665902603,0.2064086701754989,2.4366993582542174,0.9917664008602929,-1.2100348786716313,0.22626550951569901,
near_critical_0.95,12,grid_const,1055,0.9099998396190551,0.03050194064978824,0.15324135049307552,True,24.393899416132307,3.6260369509104875e-13,0.95,0.95,0.02653784592330166,0.4397860850158526,12.920236013725635,0.22816577534150356,0.08113981589859166,0.935330761552214,
near_critical_0.95,12,grid_spline2min,1055,0.9018134071209427,0.03078840201506134,0.16781763807783198,True,25.87553060037362,3.6260369509104875e-13,0.95,0.95,0.026517253130792562,0.4407731410730107,12.984145683516688,0.22455960094468214,0.08529591652973456,0.9320261378410775,
near_critical_0.95,12,grid_spline1min,1055,0.8985146919681075,0.03104526004203455,0.17368009208602145,True,26.446785122832527,3.6260369509104875e-13,0.95,0.95,0.025863368626480754,0.47272761625752757,12.488636519349924,0.25368338481838826,0.05869047408495655,0.9531986468390056,
near_critical_0.95,13,grid_const,2291,0.959294541690729,0.02083454594606863,0.15676229105939124,True,42.039351152472165,9.16554518405032e-14,0.95,0.95,0.013132315094688596,0.8192817422597596,13.138291431188152,0.21604226846854455,-1.3664452214914835,0.1717992632266847,
near_critical_0.95,13,grid_spline2min,2291,0.9562266707275178,0.020973839062210564,0.16844626668080717,True,39.90017560240141,9.16554518405032e-14,0.95,0.95,0.0128601624004,0.8381956478266095,12.291858863748175,0.26599826381060054,-1.4051409553501617,0.1599793676083201,
near_critical_0.95,13,grid_spline1min,2291,0.9447311688546538,0.02162854405284459,0.21225320841233303,True,44.21963534282081,9.16554518405032e-14,0.95,0.95,0.01269115897398998,0.8495404030680516,11.242690052066312,0.338925530246224,-1.5413872341356694,0.12322256911216939,
near_critical_0.95,14,grid_const,1228,0.9323018138075208,0.028217138115066768,0.13857545966275842,True,22.877778503041913,2.742369835933014e-13,0.95,0.95,0.028609287050256227,0.26226256306572204,8.788226117828696,0.5523128480334294,-0.9171536606931122,0.3590621253581491,
near_critical_0.95,14,grid_spline2min,1228,0.925460957994197,0.028475782466416622,0.15257537439078908,True,24.437174983420253,2.742369835933014e-13,0.95,0.95,0.029492630382072726,0.23122650689477042,6.245140914375332,0.7942641774253878,-0.8910259419120412,0.37291525315957696,
near_critical_0.95,14,grid_spline1min,1228,0.9186448775056166,0.02899900317573067,0.16652435702958937,True,25.96954317810447,2.742369835933014e-13,0.95,0.95,0.030773395066909626,0.19125451202965715,7.089807333655535,0.7169402663647975,-1.0299280277132636,0.30304379260161585,
near_critical_0.95,15,grid_const,2128,0.9646211080138909,0.02175646078603841,0.13126642097189692,True,30.772749525007796,1.7099217767518268e-13,0.95,0.95,0.013711995845243186,0.8131840235873373,3.254477336345072,0.974785217483908,0.1670848840277188,0.8673032596170619,
near_critical_0.95,15,grid_spline2min,2128,0.959884035141004,0.02205714244425009,0.14796573014971715,True,33.37345681469193,1.7099217767518268e-13,0.95,0.95,0.013739562695224361,0.8112766619495233,3.6470325666851444,0.961868596879905,0.2971112218249557,0.7663815972352456,
near_critical_0.95,15,grid_spline1min,2128,0.9577051812159649,0.02203180986523591,0.15556665124859548,True,33.91119504770237,1.7099217767518268e-13,0.95,0.95,0.013348694183437537,0.837680097487113,3.6361589992975443,0.9622716993171577,0.05740202575240607,0.9542249493478774,
near_critical_0.95,16,grid_const,1772,0.961102920900238,0.024220869475792575,0.15289557809195548,True,27.57265923773828,1.8120196656906786e-13,0.95,0.95,0.020403022283446592,0.44608533045564236,8.316196512506334,0.5979813003140695,-0.8568795881289689,0.3915114346436195,
near_critical_0.95,16,grid_spline2min,1772,0.9603379636763871,0.024238441942099564,0.15494264062757346,True,28.853565935433032,1.8120196656906786e-13,0.95,0.95,0.020804111057180413,0.4213818703276193,8.838048791466335,0.5475393441085079,-0.8980253167243905,0.3691720525581399,
near_critical_0.95,16,grid_spline1min,1772,0.9487965267019477,0.02458970605708261,0.18745735552231643,True,30.08609274002936,1.8120196656906786e-13,0.95,0.95,0.0212755050926568,0.39337830000683405,7.931380672283026,0.6355395747550331,-0.8601380859145715,0.3897129290278719,
near_critical_0.95,17,grid_const,2710,0.9609013540494847,0.01929596485669655,0.1759132138326555,True,32.30173191206423,1.2873209047080131e-13,0.95,0.95,0.011110738032353934,0.8877169501765557,12.10046100144423,0.27838929973063997,-0.33585367610286976,0.7369812110360742,
near_critical_0.95,17,grid_spline2min,2710,0.9587646848467704,0.019342193595181505,0.1855784589984604,True,33.91031626264753,1.2873209047080131e-13,0.95,0.95,0.01110546658008546,0.8880502946180411,11.822210577089802,0.29713154077296816,-0.2784789074036797,0.7806447543717234,
near_critical_0.95,17,grid_spline1min,2710,0.9554041360839481,0.019462460231387882,0.20077610798966514,True,34.43027105549233,1.2873209047080131e-13,0.95,0.95,0.011043453593566066,0.8919363042124837,12.391767693611193,0.25969205013052704,-0.3826794716498212,0.7019574371867175,
near_critical_0.95,18,grid_const,1687,0.9351967702480013,0.026519198600477387,0.19207446328021843,True,33.08103077966013,0.0016207675910166063,0.95,0.95,0.019841542057289496,0.5135984213826985,8.676739384266194,0.5630321616845003,0.09644466916843888,0.9231674165818138,
near_critical_0.95,18,grid_spline2min,1687,0.9246568271615279,0.025121340760904613,0.22115703022079292,True,26.974289199691988,2.424129274475458e-13,0.95,0.95,0.019173913011234278,0.5579470053840734,13.804575019761169,0.18209361940435081,-0.18616598090747896,0.8523146008716541,
near_critical_0.95,18,grid_spline1min,1687,0.9196979146813571,0.025319137501101707,0.2349195902680055,True,28.19650661844826,2.424129274475458e-13,0.95,0.95,0.020380255892713528,0.47892899477466977,15.144335786946446,0.12688757379817578,-0.17484015359193525,0.8612052362574802,
near_critical_0.95,19,grid_const,993,0.8957654753827983,0.031930822924261595,0.17734910135124476,True,19.629239948615957,4.411120598870262e-13,0.95,0.95,0.03012575837319656,0.3218945225607065,8.981824230734755,0.533829392624268,-0.23306769157909377,0.8157088424740697,
near_critical_0.95,19,grid_spline2min,993,0.8919127706413309,0.03191317690823914,0.1836378590243241,True,20.288844288352003,4.411120598870262e-13,0.95,0.95,0.029492126566119742,0.3467511070312608,9.163966833543284,0.5166165478082252,-0.20961854660471826,0.8339654031309628,
near_critical_0.95,19,grid_spline1min,993,0.8905100993820032,0.031995466921489885,0.18591662063811115,True,20.36060028011861,4.411120598870262e-13,0.95,0.95,0.029606404894936517,0.342176462505554,9.478484789496852,0.48737337795557134,-0.34902652142783525,0.7270693988819128,
near_critical_0.95,20,grid_const,4466,0.9775114979404141,0.014950882363177253,0.16069510850446767,True,47.52573466061531,5.831531488366456e-14,0.95,0.95,0.010010034160771474,0.7581225619978043,7.590659959218895,0.6687511474381865,-0.32135063137743086,0.7479446910468395,
near_critical_0.95,20,grid_spline2min,4466,0.9748517979054935,0.01508679779206977,0.18054536343473346,True,49.894154381872326,5.831531488366456e-14,0.95,0.95,0.009950057711366776,0.7645615256291426,7.911484627488398,0.6374827088205566,-0.37104458993003453,0.7106043204851062,
near_critical_0.95,20,grid_spline1min,4466,0.9752363655838188,0.015296650065147854,0.17767874525971344,True,51.25404001577197,5.831531488366456e-14,0.95,0.95,0.009960015164202314,0.7634953679913805,7.972254999424522,0.6315471396047734,-0.36399476137835646,0.715861921268433,
near_critical_0.95,21,grid_const,2066,0.9453768270506194,0.021867948592756606,0.16528406012278346,True,27.530069290453802,1.7702637418328057e-13,0.95,0.95,0.021103512221989112,0.3119336014427495,7.162869824049571,0.7099847871927188,-0.9108984407511064,0.36234888732086157,
near_critical_0.95,21,grid_spline2min,2066,0.9433292828525893,0.021939041489694305,0.17260434068544447,True,28.897946956592705,1.7702637418328057e-13,0.95,0.95,0.021727928841696803,0.2794833642718456,7.551136828337365,0.6725889103696784,-0.9035395289820789,0.36623961875448263,
near_critical_0.95,21,grid_spline1min,2066,0.9396218275216003,0.022021694380278723,0.1858757052667567,True,29.426522242571977,1.7702637418328057e-13,0.95,0.95,0.02162084167305589,0.28487014706967284,6.613104071769449,0.761395425804166,-1.145746627140916,0.25190000491387976,
near_critical_0.95,22,grid_const,3292,0.9724385115262595,0.017491898998807175,0.15126271111527176,True,44.06591808844162,9.214465505896179e-14,0.95,0.95,0.014850485026757287,0.45783027045268365,13.783796956213019,0.18308367346952198,-1.0970559548931542,0.2726169325843596,
near_critical_0.95,22,grid_spline2min,3292,0.9669800504632643,0.01787567061891905,0.18120894038262333,True,50.11868340496783,9.214465505896179e-14,0.95,0.95,0.014779333637126524,0.4640023943848397,13.510201164242142,0.1965273337213963,-1.2848080087237608,0.19885938304981388,
near_critical_0.95,22,grid_spline1min,3292,0.9601709005554403,0.018178776511842753,0.21856738968441594,True,51.680564071132714,9.214465505896179e-14,0.95,0.95,0.015404601637718063,0.4112897619335395,12.561682458901668,0.249221022994821,-1.263739387553884,0.20632358291256336,
near_critical_0.95,23,grid_const,1857,0.9502317709713998,0.023143765717168713,0.15356499421373032,True,29.772040144405562,1.5044042683241895e-13,0.95,0.95,0.015582342217767109,0.7518474991763696,7.864711476283929,0.6420498384718817,-0.7382783596088333,0.46034531403819845,
near_critical_0.95,23,grid_spline2min,1857,0.9490002515479231,0.02317542343987777,0.15738494191001245,True,31.317075533341917,1.5044042683241895e-13,0.95,0.95,0.01659801876535505,0.6792794018110904,8.440792185428533,0.5858635257316382,-0.7847777430942666,0.43258389176949286,
near_critical_0.95,23,grid_spline1min,1857,0.9436752408330554,0.023404460425917897,0.1738840306194727,True,32.24960769755398,1.5044042683241895e-13,0.95,0.95,0.016293312127940274,0.7013088218216648,8.263832997018204,0.603083202002001,-0.7701707016064548,0.4411986409379265,
near_critical_0.95,24,grid_const,1613,0.9426385143056164,0.024944194545522415,0.1466898718327083,True,36.61600359284209,2.790268092238879e-13,0.95,0.95,0.017665675018305182,0.6885059213775195,11.908278285224212,0.29124201356955975,0.0356531742761066,0.9715589083058596,
near_critical_0.95,24,grid_spline2min,1613,0.9372671500625261,0.025283545223721192,0.16121888818892513,True,38.33866716438093,2.790268092238879e-13,0.95,0.95,0.015627109621962898,0.8197283333742518,11.721149387564939,0.3041523723181333,0.14469173271120248,0.8849542668072781,
near_critical_0.95,24,grid_spline1min,1613,0.933765591040666,0.025531409625181883,0.17068112589071927,True,39.17402787747868,2.790268092238879e-13,0.95,0.95,0.014971535881929898,0.8570868163935395,11.678437640140489,0.3071537516484638,-0.04620087749595045,0.9631501430826225,
near_critical_0.95,25,grid_const,2727,0.9607260741595138,0.019145463730898277,0.17576367391765307,True,35.595857259848096,8.423218372818925e-14,0.95,0.95,0.01043802742447364,0.924584124516708,10.581682905223563,0.391022902731672,-0.6216324573380246,0.5341835735805809,
near_critical_0.95,25,grid_spline2min,2727,0.9569817724444937,0.01923453947598376,0.19285028901727355,True,38.07850942284259,8.423218372818925e-14,0.95,0.95,0.01089054732707298,0.8992066710556681,8.81220361536564,0.5500141980541758,-0.6913457323773063,0.489348298669374,
near_critical_0.95,25,grid_spline1min,2727,0.9559729914135413,0.01930906947672321,0.19747299186634323,True,39.28125107544865,8.423218372818925e-14,0.95,0.95,0.011387339138248936,0.8671726019266192,8.394116931024463,0.5903989650562494,-0.754229238887214,0.4507115834965252,
near_critical_0.95,26,grid_const,1087,0.922658565581329,0.030201735012597652,0.14011658599685506,True,21.255270135830386,3.5684317928184045e-13,0.95,0.95,0.033921771494426656,0.1601403363400321,14.568188441587132,0.14861583830436584,0.15476463079996122,0.8770068757179946,
near_critical_0.95,26,grid_spline2min,1087,0.9133469878120517,0.030470251110128986,0.15698607894386743,True,23.10303701492987,3.5684317928184045e-13,0.95,0.95,0.036671116903749246,0.10484642622132656,13.428427602617523,0.2006942187418015,0.22033498799941187,0.8256102731494386,
near_critical_0.95,26,grid_spline1min,1087,0.9120870625965858,0.030610491389777148,0.1592686436770236,True,23.69348100585995,3.5684317928184045e-13,0.95,0.95,0.035223308611164905,0.13159077977235012,13.873396626030809,0.17884510289964745,0.1421867529743956,0.8869324950723327,
near_critical_0.95,27,grid_const,2035,0.955112761950491,0.022316269362226377,0.15344775407218872,True,35.42861485966032,0.0006458542134013754,0.95,0.95,0.018047386386763647,0.5154707402485943,9.728370395940944,0.4646388393637575,-1.1644260383081002,0.24425140052482797,
near_critical_0.95,27,grid_spline2min,2035,0.9523954861691942,0.022280607558574344,0.16266465754804899,True,31.290554177450762,1.419013181463523e-13,0.95,0.95,0.01798259833733465,0.5201367640332528,9.252630544562622,0.5083077244860632,-1.2307296182814897,0.21842400666918638,
near_critical_0.95,27,grid_spline1min,2035,0.9473658378776444,0.022646596729489377,0.17971721402773383,True,30.80031407380063,1.419013181463523e-13,0.95,0.95,0.01767464496181989,0.5425415983587876,10.371055873649746,0.40856426608420116,-1.3213243549450562,0.18639323658491547,
near_critical_0.95,28,grid_const,2000,0.9522478458109069,0.022751424214625456,0.16181458255003303,True,73.06500337424156,0.0118343152552827,0.95,0.95,0.021694307913582067,0.2990181325497726,4.838224274419456,0.9017193525871195,-0.8578330918412599,0.3909846340962966,
near_critical_0.95,28,grid_spline2min,2000,0.9491649724527886,0.022942293145372727,0.17206571127452486,True,77.43473231897522,0.012673324024955258,0.95,0.95,0.021745140636248605,0.2964046690759846,4.507107242989837,0.9215853700061667,-0.9148406092632466,0.36027531244629474,
near_critical_0.95,28,grid_spline1min,2000,0.9449921262699281,0.02319961929634213,0.1860744238439699,True,81.592098891906,0.0077011930383885175,0.95,0.95,0.02191472425303531,0.2878025186111175,4.606097235103448,0.9158924891162835,-0.8767666379670949,0.38061340339373684,
near_critical_0.95,29,grid_const,1985,0.9609345579717451,0.022348394622208126,0.12491372126880752,True,41.62877635094352,8.536320276061203e-14,0.95,0.95,0.010433720541962815,0.9806093098745599,9.978673877237233,0.4423662952097702,0.098091656751732,0.9218595125242987,
near_critical_0.95,29,grid_spline2min,1985,0.9601165951605176,0.02252878329301073,0.12762978326088584,True,44.04237160864929,8.536320276061203e-14,0.95,0.95,0.010760442866027911,0.9737455381593053,10.287205344955428,0.41566747021030065,0.07592160728248896,0.9394814663451837,
near_critical_0.95,29,grid_spline1min,1985,0.93867762726815,0.025668807885585766,0.19866625092644447,True,49.865072432149624,8.536320276061203e-14,0.95,0.95,0.010435824061051563,0.9805695568989028,9.057094849790275,0.5266937866723141,0.09842356154559123,0.9215959661025092,
near_critical_0.99,0,grid_const,258,0.9094783201324596,0.06005582397637051,0.03892432114373071,True,13.59242506795363,6.662431135501384e-13,0.99,0.99,0.04183417737636544,0.7409580328275666,14.434966619579702,0.15405970677409928,0.2232823136372712,0.8233157914931789,
near_critical_0.99,0,grid_spline2min,258,0.9045147796768481,0.06012201018729158,0.041058643578695896,True,13.59174719750413,6.662431135501384e-13,0.99,0.99,0.04216634860122581,0.7321992148562552,9.444468060954527,0.49050401456001347,0.006424312837510408,0.9948741752318723,
near_critical_0.99,0,grid_spline1min,258,0.8947192228223816,0.060297017795825775,0.045270733119501465,True,13.743325113387282,6.662431135501384e-13,0.99,0.99,0.042737759126827035,0.7170159443575481,8.47844315897195,0.5822089759556589,-0.06331967728876965,0.949511946992907,
near_critical_0.99,1,grid_const,1612,0.9854348859326154,0.024897593525698147,0.041471038947720425,True,43.27125980667709,0.00382194090805059,0.99,0.99,0.02389737825498628,0.31106726463575596,11.984947312690391,0.28606518481253085,-0.7017797664971572,0.4828165189265904,
near_critical_0.99,1,grid_spline2min,1612,0.973858325028472,0.025304805186574315,0.07192567122779184,True,42.86399251296859,1.192093477298804e-13,0.99,0.99,0.024792503882555605,0.2704795109442998,10.55944986879956,0.39285378777798763,-0.7745805155720795,0.4385875743715181,
near_critical_0.99,1,grid_spline1min,1612,0.971725995319696,0.02534756796758918,0.07761769987218467,True,44.86841514104653,1.192093477298804e-13,0.99,0.99,0.024742398524291942,0.2726453478563158,10.059638831057041,0.4352766453444378,-0.8169343215593712,0.4139659625914508,
near_critical_0.99,2,grid_const,4089,0.9955008032908119,0.01559789241566469,0.016658436627554667,True,77.51875745501297,0.0022565756604963558,0.99,0.99,0.009538846627615089,0.8472476727103675,9.727606910627927,0.4647075661113683,0.0388221674006363,0.9690321711251316,
near_critical_0.99,2,grid_spline2min,4089,0.995072517713701,0.015614778184806527,0.019580804601753994,True,78.30267063963525,0.0030849549428286,0.99,0.99,0.009477106726443668,0.8526980148946316,9.83565619195667,0.4550282543234301,0.03007345373460589,0.9760084720030844,
near_critical_0.99,2,grid_spline1min,4089,0.9937062010820245,0.015677182537065737,0.029020717534476693,False,inf,4.8441534546660616e-14,0.99,0.99,0.00949801563130856,0.8508611413033713,9.96064611326928,0.44395271344209575,0.00012789388690196196,0.999897955442498,
near_critical_0.99,3,grid_const,963,0.9874148334278295,0.03264834085160411,0.050097329401794816,True,21.539870764991957,2.3977938226901534e-13,0.99,0.99,0.01875537499036284,0.8806640219473846,8.32902876586157,0.5967317668570575,-0.39134698959518144,0.6955407701186926,
near_critical_0.99,3,grid_spline2min,963,0.9865202628458,0.03270731234349971,0.05133376421560425,True,22.494762264710996,2.3977938226901534e-13,0.99,0.99,0.019979818440422847,0.8291378133871666,8.270374717612407,0.6024455767520601,-0.3718850331978053,0.7099784490209144,
near_critical_0.99,3,grid_spline1min,963,0.9827910037165317,0.032732316494094825,0.05654918996966102,True,22.395512796238314,2.3977938226901534e-13,0.99,0.99,0.019625101009283275,0.8448341130214085,6.652943172801115,0.7577525077599334,-0.4084454170891024,0.6829466955999546,
near_critical_0.99,4,grid_const,160,0.891450778916245,0.07550594496535647,0.028946458956288328,True,95.71436990009641,1.4554634164995793e-12,0.99,0.99,0.04008932990063771,0.9500901553029589,7.362927253803021,0.6907953630755964,0.19808181426161436,0.8429810530390811,
near_critical_0.99,4,grid_spline2min,160,0.8830342522308696,0.07550479542275641,0.03119086607263052,True,96.47597061207763,1.4554634164995793e-12,0.99,0.99,0.04663842347723257,0.8610052429785909,8.829674708685564,0.5483408923295444,-0.1731132651689733,0.8625623982765966,
near_critical_0.99,4,grid_spline1min,160,0.8756254793681032,0.07572149438912142,0.03316653883673053,True,99.00083953289483,1.4554634164995793e-12,0.99,0.99,0.03951629635814505,0.9555761303409458,7.148781870772374,0.7113283489234176,-0.3852121012669697,0.700080278356233,
near_critical_0.99,5,grid_const,1463,1.0150560065824017,0.027365059576510985,0.029999083156607598,True,88.18679761677402,0.010798794397418912,0.99,0.99,0.023891486162338937,0.36814735468123894,6.371882754825705,0.7831118233975062,-0.19100194217909205,0.8485240715324969,
near_critical_0.99,5,grid_spline2min,1463,1.0085994444476252,0.027414044726125457,0.042113137080032566,True,88.63409896831625,0.005087750325513268,0.99,0.99,0.02398174211417431,0.36358669301418445,6.885378962612147,0.7362197693569204,-0.10255705625899739,0.918314527192443,
near_critical_0.99,5,grid_spline1min,1463,0.9849204806766458,0.03063134005710993,0.0944314308687441,True,93.06673132175419,8.072265465267742e-14,0.99,0.99,0.02354687605406519,0.3858930584676955,7.494356791698088,0.6780943556462377,-0.12464424390346728,0.9008051999369329,
near_critical_0.99,6,grid_const,1254,0.9821532670020751,0.028051391960409653,0.03731277511494496,True,84.09099339433907,0.00020252092037869904,0.99,0.99,0.019688764263265046,0.7081427367508288,5.231073666236379,0.875217077002252,0.45267855550834196,0.6507802234495115,
near_critical_0.99,6,grid_spline2min,1254,0.9817141744707798,0.02803653193168638,0.03823076447925952,True,85.06814779128217,5.552456393977663e-14,0.99,0.99,0.020418229657481413,0.6647774098246759,5.082382717304691,0.8856072123684067,0.4688817379158727,0.63915417046422,
near_critical_0.99,6,grid_spline1min,1254,0.980841027933073,0.028037673955978948,0.0400551592812435,True,85.11685088189813,5.552456393977663e-14,0.99,0.99,0.020460726668845353,0.6622397145144102,5.09047064388287,0.8850530672283654,0.36297015098291613,0.7166271819826942,
near_critical_0.99,7,grid_const,606,0.971354494766269,0.04024220790979226,0.030111711163730667,True,34.55714905632175,2.418874299814073e-13,0.99,0.99,0.030053792524917355,0.6330862901838141,9.42447625271102,0.49234771943508626,0.8231590402955974,0.41041755797902413,
near_critical_0.99,7,grid_spline2min,606,0.9653277057104688,0.04032871353659091,0.036107834411622845,True,36.54226076791614,2.418874299814073e-13,0.99,0.99,0.028284105134304016,0.7063920453262725,8.762335325453265,0.5547976946852123,0.5445066324608797,0.5860928855776284,
near_critical_0.99,7,grid_spline1min,606,0.9636700820520228,0.04033264853558477,0.03776547877152777,True,36.781463518801644,2.418874299814073e-13,0.99,0.99,0.0280288161984924,0.7168552765015737,7.780124966772536,0.6503041152820521,0.3875306071666611,0.698363430419587,
near_critical_0.99,8,grid_const,129,0.8675427748151521,0.08582571654610906,0.028106439432234603,True,18.340130193837588,0.019863698166460116,0.99,0.99,0.05521935634438291,0.8056399846587289,13.042520812485838,0.2213041417222965,-0.6319653319023758,0.5274095310211027,
near_critical_0.99,8,grid_spline2min,129,0.8455406164035768,0.08234257055915072,0.03319616951590627,True,17.34296955195198,1.15281982579803e-12,0.99,0.99,0.05410842003799565,0.8244921952414244,17.6808326883208,0.06059219710501894,-0.46420646694963413,0.642499828367493,
near_critical_0.99,8,grid_spline1min,129,0.838920774870977,0.08248419837292327,0.034619966182117684,True,17.75589227430195,1.15281982579803e-12,0.99,0.99,0.051673426476271045,0.8632642884087008,15.698248954535172,0.10860234578157457,-0.4361648049030853,0.6627171613509928,
near_critical_0.99,9,grid_const,2003,0.9908786188013949,0.02232142350002635,0.03052132379054132,True,72.91031819032398,0.004789007758933456,0.99,0.99,0.013993753691107225,0.8223015107414153,13.87857969751109,0.1786023585510532,-0.056512213804959535,0.9549337658658251,
near_critical_0.99,9,grid_spline2min,2003,0.9882769274688418,0.022365615367705524,0.0391355487706808,True,69.23806188614653,1.0221758189963141e-13,0.99,0.99,0.01387853218006807,0.829833584232649,14.308837897697739,0.15936487846285818,-0.21125617681828293,0.8326873769980199,
near_critical_0.99,9,grid_spline1min,2003,0.9721206915691648,0.02467429472710681,0.09307044778496446,True,77.57689024609743,1.0221758189963141e-13,0.99,0.99,0.014935487618878862,0.7570105906919582,15.70562815038596,0.10837492595712472,-0.23183217747896273,0.8166683637978147,
near_critical_0.99,10,grid_const,349,0.9426429003369476,0.05230013103838913,0.03336271297119825,True,22.188582917057868,3.128617199062233e-13,0.99,0.99,0.06701075260080769,0.08315025661188058,8.421955817477706,0.587693223690628,-0.8810350895694201,0.37829882801378567,
near_critical_0.99,10,grid_spline2min,349,0.9413972244296819,0.05226923763844964,0.034087281123587686,True,22.95924441004789,3.128617199062233e-13,0.99,0.99,0.06397697411725689,0.10998200786463652,8.128537047130996,0.6162831418144868,-1.0760735865629,0.28189434748916997,
near_critical_0.99,10,grid_spline1min,349,0.9398354069291618,0.05228900959505595,0.03499573829925487,True,23.085922041563308,3.128617199062233e-13,0.99,0.99,0.06392307672664455,0.1105168278534614,7.324960772840035,0.694451626616446,-1.132849590791613,0.25727742201777615,
near_critical_0.99,11,grid_const,296,0.9611514151187573,0.05879618919177204,0.03429254900242913,True,11.92758602874966,6.270113182490373e-13,0.99,0.99,0.028422158084846716,0.9650609435494188,7.00177312580061,0.7252775487485748,-0.3395276090719433,0.7342123019635527,
near_critical_0.99,11,grid_spline2min,296,0.9573045154647608,0.059011074340931356,0.036099608316002806,True,12.520314548639814,6.270113182490373e-13,0.99,0.99,0.0280296524722618,0.9691347424367099,6.922283758659339,0.7327609136732322,-0.3045343942084271,0.7607207934764345,
near_critical_0.99,11,grid_spline1min,296,0.951564209450235,0.058961135538151195,0.038482616439875224,True,12.761341868273211,6.270113182490373e-13,0.99,0.99,0.02823362679625885,0.9670585374717395,6.244882434957833,0.7942867255647144,-0.4181625806723565,0.6758282523928143,
near_critical_0.99,12,grid_const,439,0.9514249765085563,0.046823482411777195,0.03554072552408262,True,33.79447820230369,3.364266594287608e-13,0.99,0.99,0.021293723852292,0.9861887994006459,11.814196415656474,0.2976841427524577,-0.2794974020530907,0.7798631314753686,
near_critical_0.99,12,grid_spline2min,439,0.9498968744365668,0.04688409500991543,0.036658786873839964,True,33.80330979903633,3.364266594287608e-13,0.99,0.99,0.02162539158626431,0.9837225478111468,11.902819572025658,0.2916130953667024,-0.3072499138224165,0.7586531559057107,
near_critical_0.99,12,grid_spline1min,439,0.9488469970621497,0.046904411074494154,0.03742694715361151,True,33.80548690585382,3.364266594287608e-13,0.99,0.99,0.024034962576594543,0.9562881471209433,13.55526356907252,0.1942606007925426,-0.3876239339338384,0.698294354406507,
near_critical_0.99,13,grid_const,1502,0.9879688966536744,0.02568230915435166,0.03019839600007951,True,75.84038002345093,6.12831714118374e-14,0.99,0.99,0.01293666471802779,0.9602616528401692,9.268551706456215,0.5068209114107183,0.11207326725697378,0.9107653135029734,
near_critical_0.99,13,grid_spline2min,1502,0.9869410093777407,0.025684343973147554,0.03276994286133095,False,inf,6.12831714118374e-14,0.99,0.99,0.012865044963368044,0.9621217076945817,9.703775919828189,0.46685509882840937,-0.0085151023289253,0.9932060134200874,
near_critical_0.99,13,grid_spline1min,1502,0.9835558718727256,0.02576600081922184,0.04124321080269583,False,inf,6.12831714118374e-14,0.99,0.99,0.013123674937553842,0.9551392537122931,10.450244965760005,0.40191813480159216,0.1106926182026065,0.9118600998274924,
near_critical_0.99,14,grid_const,464,0.956120416091634,0.045698426117632925,0.033921215537775204,True,21.49755926278963,0.0034474906105620706,0.99,0.99,0.026873288827162667,0.881795702291292,8.744368541671403,0.5565236921969894,-0.5091731341245477,0.6106308726913927,
near_critical_0.99,14,grid_spline2min,464,0.9575162095522166,0.045765115133078224,0.03283386809185503,True,21.688081702686123,0.005665923679669647,0.99,0.99,0.02472923900856805,0.9323503334563232,10.79222115293035,0.37393346956159823,-0.3867691114596687,0.6989271464625462,
near_critical_0.99,14,grid_spline1min,464,0.9499889635181165,0.045652795153203696,0.038675201542236984,False,inf,1.7059380234443085e-13,0.99,0.99,0.028370269701026074,0.8386885886297413,10.735330904477788,0.3785065611208972,-0.46827065096140175,0.6395910537480086,
near_critical_0.99,15,grid_const,1339,0.9809286040845533,0.027192108057702655,0.04256106907644584,True,26.755397896879867,1.6710950631965715e-13,0.99,0.99,0.024116427811890273,0.4109300960633734,10.078028227314274,0.4336744948940464,-1.686306181706172,0.09173684100902052,
near_critical_0.99,15,grid_spline2min,1339,0.9776364819231634,0.027253056845698065,0.04990798618761447,True,27.41679028379036,1.6710950631965715e-13,0.99,0.99,0.024731097433678517,0.37975549004211917,9.420385781972012,0.4927252994735253,-1.722527123876929,0.08497407366635494,
near_critical_0.99,15,grid_spline1min,1339,0.9769039784449928,0.027279984300543392,0.05154268950305283,True,27.575657014124474,1.6710950631965715e-13,0.99,0.99,0.024840906478675817,0.37434481133643027,9.727950580748514,0.4646766293407858,-1.6821333913628764,0.09254297669500136,
near_critical_0.99,16,grid_const,588,0.9553824223363617,0.04054931595073826,0.04373644485855054,True,19.907083314208595,2.4471476657642386e-13,0.99,0.99,0.02133448606347879,0.9464945188651948,8.724977980808509,0.5583879469659282,-0.7550940459260562,0.4501925554391051,
near_critical_0.99,16,grid_spline2min,588,0.9515240683094035,0.040623249165430024,0.04751668573634884,True,20.469165986143356,2.4471476657642386e-13,0.99,0.99,0.021617982890170973,0.940711745139475,8.940931451752569,0.537718452841383,-0.7410762918668513,0.4586471836204551,
near_critical_0.99,16,grid_spline1min,588,0.9460029681641425,0.04079034089730905,0.05292666859810785,True,20.532613513755276,2.4471476657642386e-13,0.99,0.99,0.021606787330491012,0.9409467063973496,9.939969405204092,0.44577570272384237,-0.6288481759214326,0.5294484568347677,
near_critical_0.99,17,grid_const,4052,0.9938818984283471,0.015679511768985552,0.04131757928057836,True,106.75389409340733,2.6156482758874436e-14,0.99,0.99,0.011677645535070447,0.6339980082388116,10.027982378642369,0.43804173227708204,-0.1612541275037448,0.8718932512976845,
near_critical_0.99,17,grid_spline2min,4052,0.9937439200579278,0.01568209893134781,0.042249393208878834,True,108.0957636530235,2.6156482758874436e-14,0.99,0.99,0.011662464923368338,0.6356265699080967,9.829381377627262,0.45558774705607785,-0.13758897819906926,0.8905652668000527,
near_critical_0.99,17,grid_spline1min,4052,0.9921662860149002,0.015705623217519643,0.05290368177951795,True,113.40281759239184,2.6156482758874436e-14,0.99,0.99,0.011858194696681396,0.6146604293019264,10.553024705417391,0.39338381931810706,-0.16198643509808988,0.8713165360127055,
near_critical_0.99,18,grid_const,3503,0.9924444971900979,0.016855629521261642,0.044111543921667454,True,102.80966844664236,3.798293435004768e-14,0.99,0.99,0.011499597365391245,0.7386492631477637,11.285195704357124,0.3357346334338478,-0.5312261121037197,0.5952621001811412,
near_critical_0.99,18,grid_spline2min,3503,0.9923368704652381,0.016861827049805968,0.04473990461714439,True,102.62248211060388,3.798293435004768e-14,0.99,0.99,0.011545714423654208,0.7341711828818255,11.437358691772785,0.3244734867049412,-0.5621890066926988,0.5739872506434043,
near_critical_0.99,18,grid_spline1min,3503,0.9854661011338766,0.017948947796720623,0.08485374622950374,True,117.62971963837144,3.798293435004768e-14,0.99,0.99,0.01166808811582093,0.7222240723097149,11.162876271966102,0.34497010296611413,-0.5462680337210668,0.5848817062355331,
near_critical_0.99,19,grid_const,175,0.9036553650249437,0.07267720924110926,0.02834488602276096,True,9.757165541067382,1.2634803136289109e-12,0.99,0.99,0.050438115484402135,0.745302722307448,16.01545179005313,0.09919092883062605,-0.024186114047167393,0.9807041542766954,
near_critical_0.99,19,grid_spline2min,175,0.8985950221409785,0.07269286584278613,0.0297942430686199,True,10.253242839483722,1.2634803136289109e-12,0.99,0.99,0.04525988850101942,0.8497379199749349,15.597034961326177,0.11176346374944947,-0.051257136492407436,0.9591206233021644,
near_critical_0.99,19,grid_spline1min,175,0.8894446856478005,0.07264526854513925,0.032420438005343444,True,10.445107923597337,1.2634803136289109e-12,0.99,0.99,0.04538639224694979,0.847416023361142,14.30411450350461,0.15956644194629233,-0.2497171625659906,0.8028060848004316,
near_critical_0.99,20,grid_const,14114,0.9948682457808579,0.00838895725245332,0.03841867221434186,True,259.9574388222381,1.7496492218049073e-14,0.99,0.99,0.0055042348252592466,0.7837388736911115,8.157795945075316,0.6134268476562774,0.4659566306879577,0.6412465441596167,
near_critical_0.99,20,grid_spline2min,14114,0.9806617302989342,0.011232390723820873,0.37484675007576207,True,308.0987726784433,1.7496492218049073e-14,0.99,0.99,0.005553426933150862,0.7745334116069457,7.9639667432372985,0.632356738767663,0.40005205772759755,0.6891181745652797,
near_critical_0.99,20,grid_spline1min,14114,0.9769340214070519,0.011557970544220192,0.4628418792938359,True,337.6696636671547,1.009259785547368e-12,0.99,0.99,0.005699591792811098,0.7466286909012555,7.891104741542022,0.6394728722655716,0.399990593189893,0.6891634452869424,
near_critical_0.99,21,grid_const,207,0.8490012498075854,0.06394303149428104,0.04326240265363794,True,31.979075504377324,9.178415097945902e-13,0.99,0.99,0.038422449122214763,0.9082475607444934,11.180793392456845,0.3436071783349445,-0.853015144606821,0.3936509057955526,
near_critical_0.99,21,grid_spline2min,207,0.8424656847320585,0.0641133153710852,0.04580712914069203,True,13.00697785459958,9.178415097945902e-13,0.99,0.99,0.04022073781382984,0.8775646706179197,11.821744279262429,0.2971636738928302,-0.6474996154300175,0.5173086433262775,
near_critical_0.99,21,grid_spline1min,207,0.8307873192162111,0.06451193893010443,0.050251688685283485,True,13.690349355909666,9.178415097945902e-13,0.99,0.99,0.041568506972345654,0.8519309602264857,12.41823166950352,0.2580402042778616,-0.8502823252301606,0.39516814078591367,
near_critical_0.99,22,grid_const,210,0.8996181695339623,0.06633165460372077,0.035166616289623844,True,15.938772867200875,9.21880182973341e-13,0.99,0.99,0.036007152455213465,0.9391021343981166,7.572095561930122,0.670554316674113,-0.009971262061544247,0.9920442157849821,
near_critical_0.99,22,grid_spline2min,210,0.8948052307713884,0.06635400856897199,0.036849730740101366,True,15.90619403572704,9.21880182973341e-13,0.99,0.99,0.030931752738823426,0.9843393044288935,8.001590444448318,0.6286815751509639,-0.38259763852808343,0.7020181214607784,
near_critical_0.99,22,grid_spline1min,210,0.8932744527386558,0.06634199282902714,0.037384801080916776,True,15.804577914957287,9.21880182973341e-13,0.99,0.99,0.026790263131513448,0.9972978063843978,8.96794007843005,0.535148870484143,-0.1578673889460661,0.8745612956313771,
near_critical_0.99,23,grid_const,382,0.9484312016771829,0.050119073460736234,0.032832134933101394,True,18.454648464943165,3.919086946779938e-13,0.99,0.99,0.026286562912860634,0.9481332415652636,9.372014414926577,0.49719908908975796,-0.8356628743137754,0.403344586646014,
near_critical_0.99,23,grid_spline2min,382,0.9476656815602117,0.050172628029555265,0.033319516073883955,True,18.591057456363448,3.919086946779938e-13,0.99,0.99,0.0281131438496125,0.9148828041976111,8.861393952101011,0.5453064867694696,-0.7393260888240243,0.4597090111353067,
near_critical_0.99,23,grid_spline1min,382,0.940182795544381,0.05036800343070843,0.03808362017132271,True,18.819320140102043,3.919086946779938e-13,0.99,0.99,0.028300337110665263,0.9109625904970465,8.103359977453955,0.6187414966663949,-0.7100065710108424,0.4777000613704919,
near_critical_0.99,24,grid_const,201,0.8899372552779974,0.06722304232207883,0.036871021989707105,True,9.402547274201297,6.408453809168381e-13,0.99,0.99,0.054043670551907605,0.5809377122931587,8.322798408561761,0.597338405575824,-0.4024457920198137,0.6873559751280106,
near_critical_0.99,24,grid_spline2min,201,0.8881381522264251,0.06723298498751984,0.03747372141330968,True,9.822904907594271,6.408453809168381e-13,0.99,0.99,0.054823756273987126,0.5626397703468922,7.367805565509474,0.6903251261507319,-0.3277368745464572,0.7431106200205608,
near_critical_0.99,24,grid_spline1min,201,0.8830861842504428,0.06726631018513224,0.03916613019463239,True,10.367107318013602,6.408453809168381e-13,0.99,0.99,0.05623992690766054,0.5299034325052162,9.269871796784361,0.5066977059706217,-0.3855246702436184,0.6998487321571671,
near_critical_0.99,25,grid_const,3854,0.9842686993109537,0.01594934886353198,0.0443101272189644,True,66.79385534652597,6.170098300794221e-14,0.99,0.99,0.00869983887260306,0.9299158707121644,9.828686585562956,0.4556497181788983,0.08810473626983982,0.9297934320222642,
near_critical_0.99,25,grid_spline2min,3854,0.9836631877241607,0.015959287135293942,0.048571468835604745,True,68.27776579734685,6.170098300794221e-14,0.99,0.99,0.008627521138166061,0.93411955000905,10.259590352550534,0.41802143403218045,0.04716947239621332,0.9623781579276998,
near_critical_0.99,25,grid_spline1min,3854,0.9836921849932342,0.01597351454478899,0.0483304011566085,False,inf,6.170098300794221e-14,0.99,0.99,0.00866308330524862,0.9320706236296624,10.263465205522584,0.4176906994128468,0.0770392741598996,0.9385923015292698,
near_critical_0.99,26,grid_const,1792,0.989580962104543,0.02352825842721466,0.02860210393746874,True,58.54171033135138,0.0015701283841351456,0.99,0.99,0.025644676346495088,0.1860344346928211,6.522681707462357,0.769606634768297,-1.5109995135213303,0.13078857481794556,
near_critical_0.99,26,grid_spline2min,1792,0.9875582615108227,0.02355110032414662,0.035750294457549604,True,57.160702507529905,5.5199756653433683e-14,0.99,0.99,0.02581817469775466,0.18016697292912687,6.374619367753222,0.7828689598317813,-1.5875410683824935,0.11239015326922973,
near_critical_0.99,26,grid_spline1min,1792,0.9850489718677028,0.02362029593988716,0.04329193196658778,False,inf,5.5199756653433683e-14,0.99,0.99,0.026179324234708257,0.16842017494942152,6.275087959800516,0.7916462721420683,-1.6189551705946235,0.10545690897398144,
near_critical_0.99,27,grid_const,6534,0.9911941008955136,0.012301751476542902,0.02036326114180971,True,452.19623652825913,0.01444570889034581,0.99,0.99,0.006672937677813573,0.9311542889542213,18.89413157107133,0.04162816033908069,-0.481422937703025,0.6302159375513757,
near_critical_0.99,27,grid_spline2min,6534,0.9914602839192523,0.012300817838830412,0.017197066998672184,True,435.0259208537855,0.014763417567527375,0.99,0.99,0.006561951001836708,0.9393229694503769,18.669447274049826,0.044667718883441815,-0.4263523900337768,0.6698510879648379,
near_critical_0.99,27,grid_spline1min,6534,0.9660821609013864,0.0175103997733824,0.2975146712159351,False,inf,0.006796821323282015,0.99,0.99,0.006406519721840059,0.9497714554668116,18.791418490897865,0.04299337526504134,-0.4675913383969254,0.6400768601898159,
near_critical_0.99,28,grid_const,144,0.8449849837785339,0.07808595779464889,0.03754498791192812,True,10.445381169941204,1.4804742353551197e-12,0.99,0.99,0.04476761632190507,0.9225193488933322,11.584680358065928,0.31381313060682364,-0.43096990458750994,0.6664902534268098,
near_critical_0.99,28,grid_spline2min,144,0.8401540646868567,0.07819545775706412,0.0386969697567372,True,10.795058420153099,1.4804742353551197e-12,0.99,0.99,0.052965092096487476,0.7938350611701891,12.216549366097176,0.27082510172488516,-0.4794181122516198,0.6316412108423037,
near_critical_0.99,28,grid_spline1min,144,0.833105724853293,0.07829651444603464,0.04037728651727612,True,11.047753195577938,1.4804742353551197e-12,0.99,0.99,0.05531786660251414,0.7489454164962432,13.449159413870294,0.19963125031720969,-0.5644742025393311,0.5724314520467257,
near_critical_0.99,29,grid_const,1133,0.9564886878358524,0.028854687527651836,0.023852667223465605,True,44.078686357750094,0.0037904745278506224,0.99,0.99,0.023835799720686057,0.53245396108833,11.39498818394038,0.32758372631173,0.2122622962228911,0.8319024084458794,
near_critical_0.99,29,grid_spline2min,1133,0.955707201107197,0.02888108395848649,0.02781119961099167,True,45.90222691722393,0.0008044004829903749,0.99,0.99,0.02389869107277165,0.5290405854707709,11.648101727380928,0.30929777843151984,0.21259377821816905,0.8316438247794677,
near_critical_0.99,29,grid_spline1min,1133,0.9530917412531407,0.02904647072387357,0.03428273929841653,True,43.65217853561423,5.007722219305196e-14,0.99,0.99,0.022373441448131914,0.6137498715987659,11.675624860601738,0.30735211851123734,0.19199626648301357,0.8477451299371912,
power_law_eps0.15,0,grid_const,1868,0.49867975831186906,0.12169152953431465,1.5582262601578227,True,1774.9452037338656,0.21587767292262086,0.7134499693250942,0.44960422969886177,0.016063604953333865,0.7144185679313301,4.055490128759395,0.9448090009275781,-0.2476210758346713,0.8044276023264626,
power_law_eps0.15,0,grid_spline2min,1868,0.3219465635629221,0.08457258507729214,2.110175344178419,True,508.1473811651606,0.014710826862303798,0.7134499693250942,0.44960422969886177,0.014155462930361767,0.8429687092623023,5.5526050405677845,0.8513478164722349,-0.3758343487637383,0.7070400501140894,
power_law_eps0.15,0,grid_spline1min,1868,0.2877359518065862,0.052522348869198134,2.2170238222845233,True,87.14288570545197,6.13225350370686e-13,0.7134499693250942,0.44960422969886177,0.01385745280849865,0.8606548882967381,5.317590657208305,0.868978393055286,-0.3223538741241848,0.7471846237690016,
power_law_eps0.15,1,grid_const,2068,0.47832925747547445,0.07017208488114067,1.7965092156342912,True,479.2489952955187,0.1564929602804903,0.7134499693250942,0.44960422969886177,0.009535469240043573,0.9909724739193821,10.841585929360837,0.36999247112392547,0.05697571850665389,0.9545645375375716,
power_law_eps0.15,1,grid_spline2min,2068,0.4457822882250062,0.07211666774732398,1.9090589603220907,True,532.3529292451472,0.10645527819815088,0.7134499693250942,0.44960422969886177,0.009918169802351606,0.9859028623999867,10.877002140748136,0.3671806924246739,-0.009534735366088325,0.9923924971280736,
power_law_eps0.15,1,grid_spline1min,2068,0.374877043583441,0.049504234613695894,2.1542378057749345,True,99.47245743962688,5.490776079335742e-13,0.7134499693250942,0.44960422969886177,0.01070587427023234,0.9697251051317044,10.476310209806574,0.399743935129527,-0.04223738021650879,0.9663094640327103,
power_law_eps0.15,2,grid_const,1959,0.5246056793555969,0.11642076811450645,1.5487096867340577,True,724.364318390843,0.24922583415181535,0.7134499693250942,0.44960422969886177,0.013271361357601319,0.875831748498176,21.199564080254717,0.01974417851724447,0.6400030720520087,0.5221706021713239,
power_law_eps0.15,2,grid_spline2min,1959,0.43864928763297917,0.1402442215290199,1.829897963622051,True,3703.978074618539,0.18114248958056534,0.7134499693250942,0.44960422969886177,0.015209217236511474,0.7492825002952163,20.733558355508233,0.02303002918199585,0.5788960108962226,0.5626593420169681,
power_law_eps0.15,2,grid_spline1min,1959,0.27213356075047307,0.05453391180162608,2.375472924790492,True,564.8987365140192,5.882302950409183e-13,0.7134499693250942,0.44960422969886177,0.009995754411801783,0.9885869539113473,21.68552510675201,0.016789306390000876,0.3676241983575481,0.7131534688234917,
power_law_eps0.15,3,grid_const,1950,0.38765854519887555,0.11645159253107845,1.9842421176280034,True,561.0264968161229,0.1398672284663351,0.7134499693250942,0.44960422969886177,0.014009780938318173,0.8333389215578452,33.055184145087495,0.0002666298719122948,-0.18771189161715665,0.8511025078186527,
power_law_eps0.15,3,grid_spline2min,1950,0.2557665572533949,0.05325228835935398,2.4178327521806797,True,398.15727739085304,5.902065692538591e-13,0.7134499693250942,0.44960422969886177,0.012975496026459421,0.8935503643889718,30.659642201875492,0.0006676586279332876,-0.2780869729726719,0.7809455955570518,
power_law_eps0.15,3,grid_spline1min,1950,0.20449153500825956,0.032968143496313884,2.585058458492689,True,112.64519709627712,5.902065692538591e-13,0.7134499693250942,0.44960422969886177,0.01026767063973033,0.9850430856055974,28.301516589855645,0.0016150301107347215,-0.039889010669040846,0.9681816123471547,
power_law_eps0.15,4,grid_const,1885,0.48803269557309914,0.07256497596334091,1.6086923116822192,True,876.11790860099,0.22325332918897275,0.7134499693250942,0.44960422969886177,0.011385243071868278,0.965161785801737,2.592183686942598,0.9894632034116259,0.09539852725199095,0.9239982858272875,
power_law_eps0.15,4,grid_spline2min,1885,0.43840792531368517,0.07707159971981581,1.76443998792397,True,972.9099670682232,0.13688761632532162,0.7134499693250942,0.44960422969886177,0.011440455548458628,0.9636408897382747,2.6700851903085794,0.9881586434508649,0.19304062469579272,0.846927152500325,
power_law_eps0.15,4,grid_spline1min,1885,0.407088112449608,0.07928556782596806,1.8627342260743092,True,745.4034959786696,0.08069329003726336,0.7134499693250942,0.44960422969886177,0.012238876621239125,0.9369459059283985,2.6156789844808395,0.9890806375905333,0.12772853952091578,0.8983638038050167,
power_law_eps0.15,5,grid_const,2068,0.337522418989262,0.07491620984396803,2.285147789310783,True,185.59090670250762,0.0783829956619979,0.7134499693250942,0.44960422969886177,0.014364585423899623,0.7813212411384468,2.1194227248571496,0.9953401905716543,0.3040493236542461,0.761090313978068,
power_law_eps0.15,5,grid_spline2min,2068,0.2898361121737073,0.07731772847215419,2.449032864549365,True,99.01389234115553,0.025161810165275023,0.7134499693250942,0.44960422969886177,0.012323751743141154,0.9080327226246462,1.8869734268421159,0.9971352850250119,0.3241296921058366,0.7458398483074665,
power_law_eps0.15,5,grid_spline1min,2068,0.26345937362686955,0.030702878603199858,2.539704822962724,True,13.223059657195469,5.645919425515298e-13,0.7134499693250942,0.44960422969886177,0.012471120856751228,0.9004992445842422,1.5938223895311674,0.998612230544445,0.3394038299775297,0.7343055337425195,
power_law_eps0.15,6,grid_const,2051,0.4354306997540042,0.07746561386480878,1.9307189540740868,True,316.53453544544993,0.14035446242794225,0.7134499693250942,0.44960422969886177,0.008516386935934261,0.9981238142934837,8.71776663707992,0.5590816479346487,-0.1768328088533107,0.8596397174044852,
power_law_eps0.15,6,grid_spline2min,2051,0.38637582241401125,0.08020647490968384,2.0981373515283885,True,354.3673911602956,0.06534569550157542,0.7134499693250942,0.44960422969886177,0.008330307110407498,0.9986678459149663,9.60001533666022,0.4762573577692881,-0.20508826535961555,0.8375031644596418,
power_law_eps0.15,6,grid_spline1min,2051,0.3352142193382181,0.05047132597101741,2.2727789218413883,True,117.84377028066669,5.649323340406013e-13,0.7134499693250942,0.44960422969886177,0.007865964103215939,0.9994933014677112,10.16005870621009,0.4265648799331851,-0.1449832794123242,0.8847240733912131,
power_law_eps0.15,7,grid_const,2020,0.495904061768345,0.10703921741255293,1.6968974586801617,True,141.33809154172053,0.2215896944554041,0.7134499693250942,0.44960422969886177,0.012421092273379508,0.9103587932911715,11.38688518838681,0.32818077761238124,-0.07713531915890379,0.9385158960629278,
power_law_eps0.15,7,grid_spline2min,2020,0.4092542767461256,0.13127584785280588,1.9884164637989776,True,937.4458105133407,0.1385592915490154,0.7134499693250942,0.44960422969886177,0.011366687473824522,0.95389527544201,10.153869433521766,0.4270991702687987,-0.06014112220545615,0.9520432384353991,
power_law_eps0.15,7,grid_spline1min,2020,0.3893814336416174,0.1404918675610187,2.0552599543206864,True,1066.7243969817448,0.12045835686454995,0.7134499693250942,0.44960422969886177,0.011262182967841872,0.9573166249476396,10.486772706195929,0.3988730981274966,-0.06709917656541847,0.9465027494253265,
power_law_eps0.15,8,grid_const,1876,0.3944040823992147,0.136433829919637,1.8937499786853857,True,2965.2362403974334,0.10885847992165112,0.7134499693250942,0.44960422969886177,0.015708563796536956,0.737377802795262,6.0416752798003515,0.8117497921759472,0.33014329086362,0.7412916939084354,
power_law_eps0.15,8,grid_spline2min,1876,0.3849823652441174,0.08203342166740785,1.9232694046140981,True,1172.0264037151012,0.0980088907782655,0.7134499693250942,0.44960422969886177,0.016382800250419438,0.6888442710300917,6.136092646515763,0.8037026130181362,0.3438116452917231,0.7309879418632053,
power_law_eps0.15,8,grid_spline1min,1876,0.2894558902629843,0.05348504500834894,2.221782345813758,True,522.3486936412354,6.146971025056232e-13,0.7134499693250942,0.44960422969886177,0.014223808620942191,0.8369343555278086,6.546388448110508,0.7674617087606186,0.07494859741029458,0.9402556101177997,
power_law_eps0.15,9,grid_const,2090,0.367147402909438,0.04859688530753801,2.204050436446512,True,364.8815252793431,5.551785762467387e-13,0.7134499693250942,0.44960422969886177,0.013663209582298386,0.8248425738218461,9.841266532111257,0.4545282866185256,-0.41640152103938394,0.6771162156209901,
power_law_eps0.15,9,grid_spline2min,2090,0.36596098375088565,0.048581404573597026,2.208185392187398,True,390.98378297321443,5.551785762467387e-13,0.7134499693250942,0.44960422969886177,0.014198410367114445,0.787814790914463,9.640178014935756,0.47260813239010013,-0.4201294224386112,0.6743909098947162,
power_law_eps0.15,9,grid_spline1min,2090,0.3437682177781693,0.047975342487240245,2.2855310873707,True,116.59430744172947,5.551785762467387e-13,0.7134499693250942,0.44960422969886177,0.011915972980950817,0.9244682804703152,10.177874589026223,0.42502888348500023,-0.43699188688933405,0.6621172318648096,
power_law_eps0.15,10,grid_const,1971,0.4064977523414736,0.049064367887492966,1.9522108555319646,True,182.6664279481227,5.882608880766504e-13,0.7134499693250942,0.44960422969886177,0.013053184354147152,0.8857066317280179,14.200043369941644,0.16406100928603765,0.480241182557636,0.6310559064714998,
power_law_eps0.15,10,grid_spline2min,1971,0.3865300070309828,0.04966921423959225,2.017539643759903,True,203.6333257143312,5.882608880766504e-13,0.7134499693250942,0.44960422969886177,0.010784819619033104,0.974055796271755,14.074613145582736,0.16961539758336308,0.3466161081324641,0.728879742779148,
power_law_eps0.15,10,grid_spline1min,1971,0.35635052551836627,0.05119749146188158,2.1163002496216046,True,206.94286234007308,5.882608880766504e-13,0.7134499693250942,0.44960422969886177,0.012143405448017508,0.9298523644615536,13.164805501668559,0.21460280557043496,0.5457489784961279,0.5852384994129891,
power_law_eps0.15,11,grid_const,1979,0.3696803769937347,0.13326087533896583,2.0790703340973047,True,473.0029963789242,0.03487597728367314,0.7134499693250942,0.44960422969886177,0.010395237071480046,0.9816122658676639,6.976893190794433,0.7276245629680671,0.39078208391310665,0.6959583190269554,
power_law_eps0.15,11,grid_spline2min,1979,0.3383192301578292,0.050998200091015126,2.1821405604782,True,211.7123337985764,5.88085851673048e-13,0.7134499693250942,0.44960422969886177,0.010763225761564077,0.9740543655880185,6.8163878954826504,0.7426579148151808,0.4116933993519775,0.6805641636105464,
power_law_eps0.15,11,grid_spline1min,1979,0.3206053382645472,0.05091506193872373,2.2405506132593134,True,212.8531816006862,5.88085851673048e-13,0.7134499693250942,0.44960422969886177,0.008955108941153922,0.9969799278930247,5.73924558873869,0.836674222617493,0.10102973843783115,0.9195268530880087,
power_law_eps0.15,12,grid_const,1952,0.4734798851445565,0.07241730197225008,1.7138804873309672,True,958.1188446728328,0.08164967623817199,0.7134499693250942,0.44960422969886177,0.01359409860809846,0.8585034835596149,8.0911978199102,0.6199291887510341,0.7934443260855084,0.42751899402651095,
power_law_eps0.15,12,grid_spline2min,1952,0.45345742467838357,0.07426157831639195,1.778734460791234,True,1052.3168073491877,0.04166010301376863,0.7134499693250942,0.44960422969886177,0.012778937287771575,0.9032671900516602,8.051926148410255,0.6237647540704309,0.755313012690999,0.450061192710007,
power_law_eps0.15,12,grid_spline1min,1952,0.4018800212716357,0.04776045277320862,1.9461855018088197,True,385.9558074740115,5.866702556623674e-13,0.7134499693250942,0.44960422969886177,0.01572356069475428,0.7138652880275356,8.824890453246335,0.5487989721701115,0.522588855122411,0.6012603978503819,
power_law_eps0.15,13,grid_const,1799,0.6327659934441592,0.09172147973101517,1.0994673205782894,True,315.85728540315915,0.2841776076835073,0.7134499693250942,0.44960422969886177,0.010126831729799446,0.9918830369574714,8.510507500813224,0.5790997344921972,0.37471326213378015,0.7078737279893867,
power_law_eps0.15,13,grid_spline2min,1799,0.3636353343509252,0.05162546495263256,1.9068112443405794,True,195.92699558812257,6.231594343417717e-13,0.7134499693250942,0.44960422969886177,0.009894922463274301,0.9939006036516999,8.038228289855587,0.6251027222778036,0.26626732810541864,0.7900333334758793,
power_law_eps0.15,13,grid_spline1min,1799,0.3336144575024296,0.05251872428264161,1.9969568171631098,True,198.44249242163048,6.231594343417717e-13,0.7134499693250942,0.44960422969886177,0.009748862406602055,0.9949611468204785,8.55012182617578,0.5752625257671058,0.19564050744599984,0.8448915525395213,
power_law_eps0.15,14,grid_const,1990,0.3404847057660087,0.12862629584237326,2.185678595666506,True,272.6291541319251,0.04815057941971138,0.7134499693250942,0.44960422969886177,0.01635896842835205,0.6550477535222472,11.569456921635224,0.31490360977208176,0.22270901930623654,0.8237619812620511,
power_law_eps0.15,14,grid_spline2min,1990,0.28556607265866324,0.033158181552136956,2.36858666789295,True,69.71290100393135,5.844608895054651e-13,0.7134499693250942,0.44960422969886177,0.020681451075533652,0.3574485938506222,11.121222705782236,0.34815199624684207,0.1784523691273718,0.8583677246440296,
power_law_eps0.15,14,grid_spline1min,1990,0.2822199044534831,0.03319893104881906,2.3797001623798577,True,69.84307986034796,5.844608895054651e-13,0.7134499693250942,0.44960422969886177,0.021235991730859327,0.3262021395142055,10.28463361898991,0.4158863859117522,0.17688847398975627,0.8595959922812919,
power_law_eps0.15,15,grid_const,2047,0.4825582900384292,0.12184589955973635,1.7650714715555376,True,2722.3101523189785,0.2638057232141417,0.7134499693250942,0.44960422969886177,0.010460263539147086,0.9768442685598001,14.902096700578017,0.13567221257398518,0.1600609354192992,0.8728330733836388,
power_law_eps0.15,15,grid_spline2min,2047,0.3729850962789648,0.08639560872999363,2.1392601494036785,True,956.3971827820167,0.09340922759873754,0.7134499693250942,0.44960422969886177,0.010069443614675433,0.9842927835997614,16.029771468958998,0.09878332378601797,0.3750737611551335,0.707605610490746,
power_law_eps0.15,15,grid_spline1min,2047,0.333225245776316,0.08857396158530605,2.274920789076295,True,966.4993815260045,0.03600666043078954,0.7134499693250942,0.44960422969886177,0.011384547142404888,0.950708263695462,16.313900498672762,0.09099232682676507,0.28574225348399446,0.7750755397105716,
power_law_eps0.15,16,grid_const,2161,0.38939057759111023,0.07944321106134743,2.1986817086156916,True,584.2701555087737,0.11443301950551663,0.7134499693250942,0.44960422969886177,0.013032014702437422,0.8516638438582922,6.438597356393028,0.7771673346373578,-0.5637672901371257,0.5729125155488575,
power_law_eps0.15,16,grid_spline2min,2161,0.3237420384656113,0.08400946104630937,2.4354709541898396,True,1255.1606743872353,0.002545292471809085,0.7134499693250942,0.44960422969886177,0.014411700380703107,0.7547838990401202,6.4959607390627125,0.7720173815399606,-0.5652279662269438,0.5719187170353438,
power_law_eps0.15,16,grid_spline1min,2161,0.30532258903660886,0.050142258543496326,2.5018637744987147,True,128.16988394301643,5.36672619331441e-13,0.7134499693250942,0.44960422969886177,0.01395688450171112,0.7883649809577418,5.731396574389364,0.8373026796733017,-0.5883805438613717,0.556276894038902,
power_law_eps0.15,17,grid_const,2062,0.534392098879946,0.11352375822395722,1.6074850446079143,True,193.07577164102472,0.29639202333220893,0.7134499693250942,0.44960422969886177,0.010999134613366462,0.9619480241984631,13.278543966026792,0.20851240863944995,0.21435431843973607,0.8302707622808998,
power_law_eps0.15,17,grid_spline2min,2062,0.3021248673672362,0.13994804968882504,2.399901738327572,True,279.71960040695143,0.0556138738677461,0.7134499693250942,0.44960422969886177,0.011511967894920344,0.944546034905532,13.805044122093275,0.18207131699706497,0.32435641772267537,0.7456682111985528,
power_law_eps0.15,17,grid_spline1min,2062,0.23233798981593687,0.033903058624153944,2.638378132668797,True,42.652398443097994,5.661878407437938e-13,0.7134499693250942,0.44960422969886177,0.011215415948517826,0.9550952022427208,15.668399544863572,0.1095264844187433,0.10145963818383368,0.9191855962348032,
power_law_eps0.15,18,grid_const,2108,0.6459659890017873,0.10307042954015057,1.248619229145585,True,809.9013911256193,0.4247598761074295,0.7134499693250942,0.44960422969886177,0.011181070702132478,0.9520756827670229,11.18174772140787,0.3435346814322487,-0.4545090253460506,0.6494624974162957,
power_law_eps0.15,18,grid_spline2min,2108,0.3013531556436783,0.08188439292111094,2.455246318497791,True,109.2827745286875,0.08372725977946902,0.7134499693250942,0.44960422969886177,0.00901295048820161,0.9949562896938948,10.798375651551085,0.3734407488826504,-0.25455571569039026,0.7990662663158459,
power_law_eps0.15,18,grid_spline1min,2108,0.23897798853201105,0.09384401613876392,2.6740283142451076,True,754.3751899524628,0.006909076493416082,0.7134499693250942,0.44960422969886177,0.011164082724984259,0.9526689195062543,10.746749351805951,0.3775860184659993,-0.4169321363534333,0.6767280468128087,
power_law_eps0.15,19,grid_const,1950,0.5173329998593168,0.10250695710823449,1.5688642279053118,True,504.1667751146686,0.14410020159696332,0.7134499693250942,0.44960422969886177,0.013718902426031604,0.8514154465978756,6.813829491425082,0.7428959367621174,-0.46088209936188795,0.6448831952280385,
power_law_eps0.15,19,grid_spline2min,1950,0.4159680180069457,0.11510773470019728,1.8979549178795159,True,567.4584957128592,0.026829205322400428,0.7134499693250942,0.44960422969886177,0.012479191459797645,0.9179348253862836,7.307740100605202,0.696107934909756,-0.37203289482795443,0.7098683578536183,
power_law_eps0.15,19,grid_spline1min,1950,0.3422284599658924,0.0503075171053812,2.1375504414594237,True,355.00473809670495,5.827230261956487e-13,0.7134499693250942,0.44960422969886177,0.011962993289731244,0.9397464113472445,5.600245243282578,0.8476569595513275,-0.6102755038394017,0.5416793210707294,
power_law_eps0.15,20,grid_const,2070,0.46168717029111583,0.12429877348221573,1.8514846327212042,True,655.6300350868976,0.2365187989840117,0.7134499693250942,0.44960422969886177,0.016805105282089894,0.5966066201951521,6.3569825760208705,0.7844326619009546,0.17483409141460185,0.8612099998097693,
power_law_eps0.15,20,grid_spline2min,2070,0.4363529781271126,0.1404269115091831,1.9394721288111285,True,770.5776201224238,0.20588325920068853,0.7134499693250942,0.44960422969886177,0.0180896042426405,0.5014327744963081,6.380567024176928,0.7823408368233803,0.13893716484149998,0.88949980246843,
power_law_eps0.15,20,grid_spline1min,2070,0.18184629095624635,0.058578166480966726,2.822300425437552,True,431.4734591152109,5.600046589448675e-13,0.7134499693250942,0.44960422969886177,0.01630301325082939,0.6349660951245015,7.919202184834029,0.6367290016618182,0.159281320168318,0.8734472372145627,
power_law_eps0.15,21,grid_const,2162,0.4998385443397581,0.06859819251862237,1.8022677217698262,True,91.14514942731532,0.2968535567770718,0.7134499693250942,0.44960422969886177,0.01259489156852922,0.8782983241123881,9.72330891931075,0.46509454581217013,-0.2939904111522026,0.7687652305668347,
power_law_eps0.15,21,grid_spline2min,2162,0.4699953378927938,0.07006935606625984,1.9097851963325478,True,93.8792559093263,0.2669824952813849,0.7134499693250942,0.44960422969886177,0.013520606133330615,0.8189834833483326,9.054947734763239,0.5268969071876903,-0.23313850813681167,0.8156538534854099,
power_law_eps0.15,21,grid_spline1min,2162,0.41221074110703054,0.0808185286819606,2.1179106082549963,True,671.6238855369808,0.17432992088539281,0.7134499693250942,0.44960422969886177,0.008768163215285396,0.9958660810311304,10.530948870683826,0.39520806047675305,-0.2706372150734693,0.7866700701139051,
power_law_eps0.15,22,grid_const,2102,0.43098063774083045,0.12898887423491473,1.9950834452366766,True,2696.8232754099577,0.15009576191290563,0.7134499693250942,0.44960422969886177,0.011964797606427685,0.920654952379657,4.849300563905771,0.9010147331433667,-0.08187873510761913,0.9347431445763775,
power_law_eps0.15,22,grid_spline2min,2102,0.3312054709266064,0.0855505570231548,2.343127303411017,True,991.3656939064439,0.008618953697106479,0.7134499693250942,0.44960422969886177,0.010142631391971912,0.9805854328157229,5.454392060784104,0.8588343279726116,-0.10452400291897265,0.9167535210306923,
power_law_eps0.15,22,grid_spline1min,2102,0.3059769749279892,0.053083970765648726,2.4314617466705495,True,246.20961972180436,5.529719712085608e-13,0.7134499693250942,0.44960422969886177,0.011994708582901525,0.9192502153546737,5.086377130800206,0.8853336951395222,-0.14335125373818186,0.8860127791492887,
power_law_eps0.15,23,grid_const,2051,0.33003353645848443,0.07838756541632791,2.290045099024226,True,85.40543376661667,0.11675439122992282,0.7134499693250942,0.44960422969886177,0.013090883191609004,0.8688987089708758,18.268618151818366,0.05059799000961509,-0.0794862235018091,0.9366458889941948,
power_law_eps0.15,23,grid_spline2min,2051,0.27817279405535866,0.09242322084318925,2.466820141714061,True,633.4203751885166,0.025838011960439274,0.7134499693250942,0.44960422969886177,0.012993823685184869,0.8745776404026031,19.685005367299496,0.0323767860103644,-0.049982932125353555,0.9601359895106168,
power_law_eps0.15,23,grid_spline1min,2051,0.24499954304083266,0.05360271986876149,2.580128149078648,True,94.53272509881636,5.718263029188638e-13,0.7134499693250942,0.44960422969886177,0.01356215040418407,0.8398261227602999,17.667101625954764,0.06084560847757406,0.06716786618842482,0.946448066400327,
power_law_eps0.15,24,grid_const,2039,0.5366501358415839,0.0682276258855093,1.5745677975769405,True,214.20526672397094,0.2906229165519336,0.7134499693250942,0.44960422969886177,0.01242799042531121,0.907161660590923,10.612370684671495,0.3885039217294709,-0.20601785245172724,0.8367769661847588,
power_law_eps0.15,24,grid_spline2min,2039,0.5019660316121917,0.07002907180184963,1.6923889511467989,True,243.04294739985755,0.23791017083277588,0.7134499693250942,0.44960422969886177,0.011288664499203037,0.9547427316199814,10.792445921991549,0.37391546795379704,-0.19985635207096256,0.8415929276815446,
power_law_eps0.15,24,grid_spline1min,2039,0.440642117099636,0.07350163742138774,1.9007037294588962,True,256.1420700189095,0.14379785352570984,0.7134499693250942,0.44960422969886177,0.01240282150477437,0.9084154270271491,11.305639145967893,0.3342069508596302,-0.21526110100858328,0.8295637555866812,
power_law_eps0.15,25,grid_const,2128,0.5592571954388542,0.06603631723487467,1.5674423059360847,True,117.5071319537291,0.41863109724992187,0.7134499693250942,0.44960422969886177,0.01036422142593485,0.974484046677714,4.724279030453223,0.9088192373418708,0.05145080269343019,0.9589663036530991,
power_law_eps0.15,25,grid_spline2min,2128,0.5353319659592671,0.07269588123550196,1.6520033243117582,True,994.0416978885978,0.378933721068493,0.7134499693250942,0.44960422969886177,0.010727654738228731,0.9649466012078074,4.701663658942842,0.9101958521531381,0.06568937037756963,0.9476251353447277,
power_law_eps0.15,25,grid_spline1min,2128,0.46708295110143677,0.0777540749733883,1.8932436591995463,True,1028.46091232086,0.2696141647728254,0.7134499693250942,0.44960422969886177,0.012028949852096071,0.9140719272135445,5.113453829697539,0.8834713813167028,0.16210781186696663,0.8712209545867706,
power_law_eps0.15,26,grid_const,2037,0.3136320759384811,0.04823534862645411,2.3279713663966093,True,46.278721532702754,5.74080548928722e-13,0.7134499693250942,0.44960422969886177,0.013750444577440346,0.8306470921093524,14.41599172194287,0.15484836059241688,0.021651351527809733,0.9827260705210437,
power_law_eps0.15,26,grid_spline2min,2037,0.3023686096193837,0.053247862479854635,2.3663332902159704,True,270.02218629828235,5.74080548928722e-13,0.7134499693250942,0.44960422969886177,0.013643471833851062,0.8375778777770858,14.44498869689263,0.15364450293409898,-0.06565044368530082,0.9476561274520896,
power_law_eps0.15,26,grid_spline1min,2037,0.2726159110617357,0.054032548062149674,2.467676258216328,True,266.89176907899497,5.74080548928722e-13,0.7134499693250942,0.44960422969886177,0.016022862081325973,0.6662535052793026,14.164518897388584,0.16561879670106697,-0.17567049610391128,0.860552815501032,
power_law_eps0.15,27,grid_const,1960,0.44600990226420983,0.07661060495278475,1.809506263709867,True,283.17935354541214,0.21906978416891115,0.7134499693250942,0.44960422969886177,0.010653539159314773,0.9775691931253907,6.524634149659975,0.7694301987039502,-0.18593128119993296,0.8524986510548827,
power_law_eps0.15,27,grid_spline2min,1960,0.42494838216178454,0.07808566790846802,1.8783552040968967,True,312.49154893453385,0.18626426982983768,0.7134499693250942,0.44960422969886177,0.010673567014778174,0.9771514629698064,6.136626836711786,0.8036567477060013,-0.15192060597730267,0.879249555717204,
power_law_eps0.15,27,grid_spline1min,1960,0.4087719489088354,0.0797756573455505,1.9312250622084115,True,320.1152344925511,0.16757715805377943,0.7134499693250942,0.44960422969886177,0.0081501841161149,0.9993623926559374,5.88246848830204,0.8250391357056013,-0.12108557433724552,0.9036232551107757,
power_law_eps0.15,28,grid_const,1949,0.34445785405704205,0.08628350001615899,2.1306188842413545,True,573.3310089691403,0.042808809874022975,0.7134499693250942,0.44960422969886177,0.010783995974276928,0.9754226702681592,7.911175861904792,0.6375128626299977,-0.32862239913510555,0.7424411155074568,
power_law_eps0.15,28,grid_spline2min,1949,0.31557588148102333,0.051935115820948716,2.2240798842258083,True,111.91740742804781,5.997589075597057e-13,0.7134499693250942,0.44960422969886177,0.009431557187675743,0.994511327660681,6.7912181250306665,0.744997274521809,-0.349212815606885,0.7269295456671372,
power_law_eps0.15,28,grid_spline1min,1949,0.2840906503258759,0.05295201656098463,2.3261988415234187,True,114.13819188683044,5.997589075597057e-13,0.7134499693250942,0.44960422969886177,0.009069683887019675,0.996753374204994,6.539622138573958,0.7680744880997212,-0.38681027542229274,0.6988966695724754,
power_law_eps0.15,29,grid_const,1899,0.3942587638472887,0.08091831950908952,1.9171382812234348,True,730.8984352366241,0.12083699815887372,0.7134499693250942,0.44960422969886177,0.012464080364974595,0.925880430125982,12.312242573632867,0.264702649543368,-0.1604473802976037,0.872528668952144,
power_law_eps0.15,29,grid_spline2min,1899,0.35979940724286863,0.08415228250546175,2.0261437941192884,True,819.6715819642733,0.05674486283957413,0.7134499693250942,0.44960422969886177,0.012509924580271725,0.9239033249779727,13.643120151229748,0.18990105348650946,-0.21820633969890588,0.8272683457324397,
power_law_eps0.15,29,grid_spline1min,1899,0.31284721182375025,0.05139407027143647,2.1747016369458594,True,210.03501268790325,6.08780689951757e-13,0.7134499693250942,0.44960422969886177,0.011937314124992993,0.946525870781974,13.386759302383632,0.20284415977300138,-0.16652738582881565,0.8677419332765194,
smooth_mu,0,grid_const,2005,0.952792434445229,0.0316887212597292,0.1584648212365053,True,500.7971733143776,0.5606623226845707,0.3,0.3,0.013678672942476378,0.8421829274367264,6.460372295086099,0.7752165591693176,-0.49717326087655384,0.6190668757086402,
smooth_mu,0,grid_spline2min,2005,0.4350365796249464,0.05000736994057373,1.8879694744834266,True,233.25716075817127,4.4196591309146044e-13,0.3,0.3,0.011823107800064458,0.9387942467350392,4.836322315338641,0.9018400900079107,-0.5200020195071297,0.6030621675284431,
smooth_mu,0,grid_spline1min,2005,0.4000530790155633,0.051050221809119486,2.0048647909946284,True,426.8898480176418,4.4196591309146044e-13,0.3,0.3,0.012341255490646352,0.9163798085622058,4.079534583984342,0.9436877054385722,-0.6562026620470528,0.5116937363048948,
smooth_mu,1,grid_const,2102,0.9497931149905213,0.03686953894638337,0.18627859059557994,True,148.28520194529176,0.7199510641919931,0.3,0.3,0.015380801025944787,0.6965922936786589,5.397423705901131,0.8630994997070793,-0.15131828781613849,0.8797246437964629,
smooth_mu,1,grid_spline2min,2102,0.28781286135467976,0.05289142421337059,2.4954784887269224,True,98.68546533606556,4.346747544310352e-13,0.3,0.3,0.01321362897018466,0.8515979209962585,4.9805531109918215,0.8924732942936507,-0.06774815990018279,0.945986111292769,
smooth_mu,1,grid_spline1min,2102,0.2738290127723113,0.05313543961218567,2.5444395292836557,True,99.15300217242856,4.346747544310352e-13,0.3,0.3,0.014749839998096509,0.7444839411206012,4.535209744962601,0.9199908685484048,0.021624812838482246,0.9827472403750086,
smooth_mu,2,grid_const,1909,0.9550771671328959,0.03296380531902774,0.14707733570829382,True,144.67703582454385,0.6420476480356431,0.3,0.3,0.016698180902592757,0.6552308674491112,7.986328260130079,0.6301724347130396,-0.3032944795047433,0.7616654529013596,
smooth_mu,2,grid_spline2min,1909,0.3329888823071768,0.0538949925857181,2.1229946348110085,True,100.73540216484284,4.5440547898012385e-13,0.3,0.3,0.016374305159661623,0.679079467515597,6.177380325712016,0.8001467861300199,-0.7039454145081301,0.4814667677432726,
smooth_mu,2,grid_spline1min,1909,0.309840093101421,0.05465671344176186,2.1965779898579685,True,104.07570010121903,4.5440547898012385e-13,0.3,0.3,0.015782960179882677,0.7222571533373774,5.39628413669385,0.8631842283395328,-0.6251009748360499,0.5319047881886638,
smooth_mu,3,grid_const,2123,0.9675616390635027,0.03376347433785032,0.12497571353794147,True,145.53317444786796,0.7576350355174574,0.3,0.3,0.008633777913786944,0.9970531798044844,6.312855864747725,0.7883293131011601,0.5008074127105602,0.6165066682171152,
smooth_mu,3,grid_spline2min,2123,0.3105633329949587,0.13976503941712284,2.440181782249761,True,2531.6343090526316,0.06424509727138057,0.3,0.3,0.00747103676125449,0.9997323708942524,7.709754425643221,0.6571637911558375,-0.020886386850667057,0.9833362859760153,
smooth_mu,3,grid_spline1min,2123,0.2805834718932795,0.13384215826952103,2.5461097580249965,True,376.193452462613,0.023232866233902368,0.3,0.3,0.00769375495751301,0.9995373038977052,7.728379325294007,0.6553490384963109,0.038442650062904746,0.9693347562648168,
smooth_mu,4,grid_const,2002,0.9472917472460121,0.03481223136057917,0.1708181802928434,True,300.2443998468272,0.6185169854637771,0.3,0.3,0.01721420644698568,0.5870981408274965,8.690278074094325,0.5617278053060203,0.2530910828574159,0.8001978294595311,
smooth_mu,4,grid_spline2min,2002,0.3734388527950682,0.051479170802094305,2.09143770490834,True,225.59071379779883,4.4361141695906873e-13,0.3,0.3,0.014866370768839565,0.7622544407846245,9.0257001010668,0.5296662924652876,-0.0381933294706666,0.9695335393285195,
smooth_mu,4,grid_spline1min,2002,0.3390392496227293,0.05351532531458247,2.2060885861826796,True,234.66708941614112,4.4361141695906873e-13,0.3,0.3,0.014214623414627536,0.8077884818309364,8.492586541874699,0.5808371515196544,0.19405993059057614,0.8461289559027176,
smooth_mu,5,grid_const,2025,0.955940192265412,0.035061795189014845,0.15613583173844123,True,17.18825134205905,0.6905178076189278,0.3,0.3,0.012337355741321776,0.9136773591208479,2.608790951716302,0.9891937587200628,-1.3678377083659319,0.1713628815040804,
smooth_mu,5,grid_spline2min,2025,0.3406437377205225,0.0824571444179782,2.2250469697810704,True,490.3903110013445,0.016391326214820996,0.3,0.3,0.015246537167990515,0.728214732081033,4.1272543546652125,0.9414237445702921,-1.296015868324045,0.19497001797116154,
smooth_mu,5,grid_spline1min,2025,0.306436684475715,0.05076942411495712,2.340542109452559,True,82.90857884204456,4.579177730058575e-13,0.3,0.3,0.012002092749991755,0.9289653486079053,3.727601779109521,0.9587998240101414,-1.3241022509256053,0.185469088128281,
smooth_mu,6,grid_const,1982,0.9614121376217316,0.033436592490437865,0.12181659108260137,True,47.63910040740293,0.7188874502375179,0.3,0.3,0.011503559131393337,0.9529199107236402,20.364064701082075,0.02599132479796981,-0.8654118833303412,0.38681276096102724,
smooth_mu,6,grid_spline2min,1982,0.28104434922246957,0.052055038902839995,2.374822224943301,True,212.60737178550042,4.5134239554302156e-13,0.3,0.3,0.012962767316145651,0.8886557293869009,19.345658189167366,0.03608569177979015,-0.9161149876300682,0.35960658764316333,
smooth_mu,6,grid_spline1min,1982,0.2500650424909372,0.03329829725210355,2.4772923946312657,True,38.98019243840643,4.5134239554302156e-13,0.3,0.3,0.016869236950306843,0.6192266401284996,18.49160893365095,0.047215873280722395,-0.9326773753215377,0.35098656977935605,
smooth_mu,7,grid_const,2016,0.9523019070464905,0.03305987086323509,0.16031288827610546,True,17.67153963096607,0.7383176412434165,0.3,0.3,0.012327262560147267,0.9154590427679603,14.309765195689435,0.15932533210497404,-0.4013923936867266,0.6881312486158397,
smooth_mu,7,grid_spline2min,2016,0.3417963667545696,0.12789878180271427,2.2107048368636453,True,336.8796154786668,0.07234861109352077,0.3,0.3,0.010544565674266385,0.9767412222266432,14.054821756411902,0.17050567366032854,-0.6357378063169853,0.5249473303880458,
smooth_mu,7,grid_spline1min,2016,0.24307941289934376,0.05331793555660546,2.542471893845432,True,94.39129425769475,4.485480107482941e-13,0.3,0.3,0.012379323819787569,0.9129751413278625,15.172167269481617,0.1259098873431377,-0.6562733024329334,0.5116482920448282,
smooth_mu,8,grid_const,2006,0.9518084076624997,0.03521592438452437,0.1657517655132899,True,18.581888987923012,0.7307900117367747,0.3,0.3,0.010178015259304812,0.9841778135468069,14.858696550612573,0.13729908003637298,-0.5651653964200892,0.5719612707795286,
smooth_mu,8,grid_spline2min,2006,0.2548998458129537,0.05315549878907171,2.4907041709074833,True,89.85735641552459,4.578727393752875e-13,0.3,0.3,0.011183888788924068,0.9609503122089637,18.926098615615437,0.04121144453836899,-0.7309432632091476,0.46481380896786195,
smooth_mu,8,grid_spline1min,2006,0.23653565118590764,0.053929505480629525,2.5521674518737814,True,93.73980597816444,4.578727393752875e-13,0.3,0.3,0.011413085214120877,0.9536584108512914,17.935263782759744,0.05606551735273476,-0.6740079403331386,0.5003062655237631,
smooth_mu,9,grid_const,2117,0.9662672865607109,0.031676131945529776,0.12269284376362471,True,147.56508866089143,0.7210136804629661,0.3,0.3,0.016463730944540178,0.6085163526556677,15.86151243840904,0.10366598711703284,-0.6361297385413834,0.524691863784736,
smooth_mu,9,grid_spline2min,2117,0.2833398778836427,0.052841932435444536,2.5285000257753842,True,97.30381102128578,4.2869551142190156e-13,0.3,0.3,0.016138678051434208,0.6336647518331113,13.128477818073712,0.21657695119752546,-0.9254749297437255,0.3547189185584181,
smooth_mu,9,grid_spline1min,2117,0.2641762458636651,0.053489424102785774,2.5961257260982262,True,99.52667106501222,4.2869551142190156e-13,0.3,0.3,0.017183377709843572,0.553583917406043,12.38470335993579,0.2601343090889945,-0.9179313556274014,0.35865480465311894,
smooth_mu,10,grid_const,2036,0.9510715627975712,0.03330912189568237,0.17347885085071266,True,136.28945000234066,0.6173575208519255,0.3,0.3,0.011781995046472482,0.9368406033271743,7.323845640591286,0.6945589217889242,-0.5500457162712913,0.5822880177422826,
smooth_mu,10,grid_spline2min,2036,0.37129749634895637,0.05124166320321403,2.1376968228935866,True,90.70067055350741,4.352191347512616e-13,0.3,0.3,0.012373273264472018,0.9103210421468649,5.971106924551109,0.8176848429727808,-0.3907322089818994,0.6959951884133395,
smooth_mu,10,grid_spline1min,2036,0.348792347645124,0.052237046709592685,2.2136809047535384,True,94.28939644933197,4.352191347512616e-13,0.3,0.3,0.014104035061647924,0.807247757407141,6.452817584471123,0.7758939493819492,-0.3815509980305126,0.7027944369560511,
smooth_mu,11,grid_const,1938,0.9626589811120132,0.033507950957672325,0.1254397751773587,True,135.0969101944904,0.7471510472752927,0.3,0.3,0.013494844656873478,0.8671677312315551,14.727963994355264,0.14229903560073967,0.2784810409288816,0.7806431168094204,
smooth_mu,11,grid_spline2min,1938,0.2545085702776167,0.05640245687153279,2.409176335394126,True,229.1676328843208,4.649319355883176e-13,0.3,0.3,0.01285305046866747,0.9018519351883589,12.860174871729898,0.23159503169713022,-0.22119868191152284,0.824937735524533,
smooth_mu,11,grid_spline1min,1938,0.2384364860121179,0.05694677228170229,2.460953293248276,True,231.5796857011604,4.649319355883176e-13,0.3,0.3,0.011876227994460226,0.9443911238217797,12.010124650014223,0.28437946657302304,-0.20712429856966025,0.8359127860328172,
smooth_mu,12,grid_const,2007,0.9653007305625654,0.03154461810162017,0.12463177454193183,True,16.562868197708298,0.755780406054102,0.3,0.3,0.01855312885355559,0.4885947062534579,5.607304408509166,0.8471068229822588,-0.0021047583304831608,0.9983206470638107,
smooth_mu,12,grid_spline2min,2007,0.2247785434909619,0.05443952797059221,2.593446322552858,True,96.50272205717366,4.4463708566588244e-13,0.3,0.3,0.016832994478919783,0.6140600540578649,4.864885020766781,0.9000190263522488,-0.10127525741020663,0.9193319569179046,
smooth_mu,12,grid_spline1min,2007,0.2147833893489631,0.03179748122792118,2.6268565370973436,True,9.846570344668194,4.4463708566588244e-13,0.3,0.3,0.018177797689091335,0.5150766949333156,5.017735907056267,0.8899900960026064,-0.07456955476170032,0.9405571984381327,
smooth_mu,13,grid_const,2045,0.9738071979450672,0.029449591576087238,0.10149905207059699,True,130.7262320331595,0.6603270516976013,0.3,0.3,0.013967406742707245,0.8144366665402614,6.45398773480211,0.7757890683600126,1.162242437193776,0.24513700118196247,
smooth_mu,13,grid_spline2min,2045,0.5069771583414747,0.11278716728230669,1.6846684837253765,True,282.66359727998815,0.15512539226666097,0.3,0.3,0.01321360869201893,0.8627221038201438,7.132373818798821,0.7128917560704672,1.0204036001146009,0.30753708717892814,
smooth_mu,13,grid_spline1min,2045,0.31637158546152383,0.05305345303566049,2.331482086058025,True,93.23156099508047,4.35260487345118e-13,0.3,0.3,0.01554731742174742,0.7000190075820074,8.128285300051754,0.6163077207922973,0.9613703427221106,0.33636599061338057,
smooth_mu,14,grid_const,1987,0.9519394211091253,0.035672548116908426,0.14364093353949411,True,335.5538160174352,0.716539719100648,0.3,0.3,0.011461894839212783,0.9538330274034299,6.605584466082312,0.7620813346268175,0.2863345798632315,0.7746218754341383,
smooth_mu,14,grid_spline2min,1987,0.300665830338486,0.055081761178044315,2.3154208422445506,True,255.30556700338352,4.5350209388009377e-13,0.3,0.3,0.012042906496631589,0.9320354117596381,6.408461493174431,0.7798586478903732,0.5913972316169923,0.5542542948529507,
smooth_mu,14,grid_spline1min,1987,0.28999234573123556,0.055237221140120994,2.3508124662921315,True,259.5537780853608,4.5350209388009377e-13,0.3,0.3,0.01127490840945733,0.9597984002236987,6.52629936988276,0.7692796872065354,0.5794194523940336,0.5623061817130011,
smooth_mu,15,grid_const,2001,0.9569796219740039,0.03396599273374107,0.13978284080925465,True,17.847808223295143,0.7205363103502519,0.3,0.3,0.014284856710953253,0.803261633900185,14.788242901766369,0.13997497661343794,-0.5100670216947621,0.61000450828681,
smooth_mu,15,grid_spline2min,2001,0.3504378097199368,0.08564904966516043,2.1653367921668494,True,595.9219867642894,0.10418979673829973,0.3,0.3,0.014390346505708806,0.796035178204128,10.987372261269648,0.35850266867085334,-0.5613574308716122,0.5745538976425326,
smooth_mu,15,grid_spline1min,2001,0.2849651923168912,0.05129153026408324,2.3841128608400486,True,86.81864109974539,4.49805396045846e-13,0.3,0.3,0.014811431017881849,0.7664555235683209,10.77330217859299,0.37545055252559434,-0.5551640461292807,0.5787824587290464,
smooth_mu,16,grid_const,2046,0.9588381256539136,0.03411146839024512,0.13435170172649089,True,27.148319449495627,0.7326860910810599,0.3,0.3,0.010346244395761262,0.9792743700679085,8.611384529803058,0.56933810236613,-0.46829519488835986,0.639573504192041,
smooth_mu,16,grid_spline2min,2046,0.2910624182223265,0.08234518535322827,2.416931008653835,True,109.14963694707531,0.0580955450853671,0.3,0.3,0.01003652185229309,0.9848707908798207,9.678290500711832,0.4691566961994249,-0.1414396234131605,0.887522653927418,
smooth_mu,16,grid_spline1min,2046,0.23666645630883038,0.032334079842027685,2.60265780942782,True,25.360593949304565,4.4508690549452556e-13,0.3,0.3,0.007851632359864524,0.9995201245046059,9.341156390893556,0.5000614146923015,-0.05279611918591192,0.9578943536310633,
smooth_mu,17,grid_const,2086,0.9589346972231368,0.033245425477454925,0.13855345866736032,True,128.79018218957583,0.6476432346778004,0.3,0.3,0.01819047226821413,0.48926887017225884,15.616094496189747,0.11116220949785739,-0.3497119099555391,0.7265549145627811,
smooth_mu,17,grid_spline2min,2086,0.35450204801461366,0.05041364437105079,2.2425284983360947,True,87.19518828226066,4.3846519037517813e-13,0.3,0.3,0.013514788133267563,0.8355186563969563,14.66622945130018,0.14471261464612414,-0.6100941167976627,0.5417994636256653,
smooth_mu,17,grid_spline1min,2086,0.3256131987976233,0.05138190245624567,2.3432251932209556,True,90.31242872329511,4.3846519037517813e-13,0.3,0.3,0.01395143382172126,0.8061061974188942,15.109414038038771,0.12812344529257633,-0.5333608833655518,0.5937837897559749,
smooth_mu,18,grid_const,2046,0.9639869324244441,0.03145939422410894,0.13057851380890598,True,16.185994245130317,0.7211240251244625,0.3,0.3,0.01196018863828796,0.9281185774049302,9.333950586852165,0.5007307282501967,0.9196900098372616,0.3577347746938143,
smooth_mu,18,grid_spline2min,2046,0.2554643937516871,0.03196025583238131,2.5388888046840683,True,9.117986184195306,4.399897426590576e-13,0.3,0.3,0.017213027100598355,0.5732821051295857,11.022551899830347,0.3557637011638165,0.48314356123238583,0.6289938057298321,
smooth_mu,18,grid_spline1min,2046,0.24392029944003127,0.0322909359335543,2.5782531535655995,True,9.280265563688259,4.399897426590576e-13,0.3,0.3,0.018800504638640247,0.4591755101174333,10.410116554276895,0.4052783913616482,0.5742845699096905,0.5657752489526633,
smooth_mu,19,grid_const,1954,0.9595827238312206,0.03444331692688419,0.12148912263500176,True,136.55211833965552,0.7168522337484798,0.3,0.3,0.018528582961510054,0.5075635622558372,5.474054631860321,0.8573489011171348,0.8593931089967148,0.39012367027006867,
smooth_mu,19,grid_spline2min,1954,0.32782261242119576,0.08381784203369452,2.1870276634177976,True,883.1477827642857,0.060914229349597136,0.3,0.3,0.017597902914140928,0.5742898972621786,7.261612426624849,0.7005378071271958,0.8120534456136966,0.41676096472753954,
smooth_mu,19,grid_spline1min,1954,0.3029526384589923,0.08580951126206972,2.2682253642944503,True,895.9885104720898,0.020767441992620244,0.3,0.3,0.01761351435300279,0.5731480286653459,7.2669944767085815,0.7000214633645734,0.8386535317896254,0.401663761447831,
smooth_mu,20,grid_const,1971,0.958705342445326,0.034080020713637804,0.15019375559800874,True,142.23949342535158,0.671671652184774,0.3,0.3,0.012609325303770347,0.9086229118927189,8.978030840474476,0.5341897978942057,-0.46723133022367136,0.6403343805279655,
smooth_mu,20,grid_spline2min,1971,0.3216468233608537,0.05439645604907582,2.2277886867442978,True,93.36632351856436,4.699586901219755e-13,0.3,0.3,0.010978062611254613,0.969372339856647,7.1664857716256325,0.7096397566590691,-0.5056511724777579,0.6131015512607043,
smooth_mu,20,grid_spline1min,1971,0.2843932710766176,0.05601836670345601,2.3502119814572264,True,97.63069401328363,4.699586901219755e-13,0.3,0.3,0.012657291105732993,0.9062692969786326,7.742383771983144,0.6539840949224758,-0.4921301783751517,0.6226273194645469,
smooth_mu,21,grid_const,2009,0.9494258922417258,0.03248048605638033,0.16424099171240863,True,174.66039689217934,0.6639052388284032,0.3,0.3,0.01623281894984452,0.6587522039051212,17.43695526777923,0.06523734331481229,-0.4320528749481806,0.6657029840707075,
smooth_mu,21,grid_spline2min,2009,0.3767144279916387,0.08731995588610263,2.0874053061676916,True,692.8855074056331,0.04351980102586253,0.3,0.3,0.014214946524880312,0.8060945866108176,13.439876275090095,0.20010666722637943,-0.17182119830587733,0.8635780995284814,
smooth_mu,21,grid_spline1min,2009,0.287358005532697,0.05469413790573012,2.3862690950038297,True,130.20551486826685,4.3048373481704517e-13,0.3,0.3,0.01619509522309953,0.6616039626500836,19.39298822268385,0.03554588126176142,-0.21738894879493806,0.8279052428661428,
smooth_mu,22,grid_const,2024,0.9675775365916652,0.03000953217576268,0.10366780336723679,True,35.36161216944623,0.8124394075794906,0.3,0.3,0.012542024800156981,0.9037253292801134,3.927622601989455,0.9505529816615247,-0.8604697869329023,0.3895301311169689,
smooth_mu,22,grid_spline2min,2024,0.16581929034288992,0.03239159667214231,2.8142611579062953,True,29.42384401171984,4.2793457086303614e-13,0.3,0.3,0.013285040632149414,0.8625141656915182,5.295264158580723,0.8706016659552382,-0.9147409772621774,0.3603276268091855,
smooth_mu,22,grid_spline1min,2024,0.15643446228363445,0.032226434738806486,2.8459028295966635,True,29.81049748333701,4.2793457086303614e-13,0.3,0.3,0.01495132234598151,0.7502326042882491,3.999250450031876,0.9473807898391371,-0.9964808764438874,0.31901655423106623,
smooth_mu,23,grid_const,2014,0.9481972836628869,0.03498230574965373,0.1837592875401354,True,132.85783309300152,0.6545073026619774,0.3,0.3,0.014949955648681595,0.7530146906549029,3.438392400021596,0.9691489219262654,-0.26414489784323664,0.7916682685832717,
smooth_mu,23,grid_spline2min,2014,0.33345597912393093,0.05003885985763159,2.2373190638999976,True,89.27429461967067,4.4471535400872615e-13,0.3,0.3,0.0166081710729844,0.6288295703110754,3.7045036675818563,0.9596943903184916,0.2673147440044892,0.7892268356210359,
smooth_mu,23,grid_spline1min,2014,0.30747622164194444,0.05049743202574747,2.3244742052043867,True,91.37464276274969,4.4471535400872615e-13,0.3,0.3,0.016011263863963676,0.6739944934749118,3.6441315579203173,0.9619763989889821,0.04604519551828491,0.9632742272743625,
smooth_mu,24,grid_const,1977,0.9532770751158082,0.03336127573151577,0.15657050251365373,True,157.88342171380586,0.6523929916797351,0.3,0.3,0.013247359474449327,0.8737757372207074,11.673558103695019,0.30749792928622965,0.2731632361665385,0.7847277388985239,
smooth_mu,24,grid_spline2min,1977,0.36170330730624506,0.0515942760044494,2.103228292599232,True,225.69432772913189,4.5222810264805687e-13,0.3,0.3,0.010006076033525046,0.9878499163720825,9.782947208349754,0.45973815043811805,-0.06261602634320265,0.9500722672841463,
smooth_mu,24,grid_spline1min,1977,0.34813023459058057,0.05240190930538408,2.147933753159378,True,229.76341562712352,4.5222810264805687e-13,0.3,0.3,0.009278196081071333,0.995137876284174,9.007913793994836,0.5313526926349086,-0.01120013880225044,0.9910637690026594,
smooth_mu,25,grid_const,2005,0.9661906618777174,0.0347800548928348,0.10708175894191321,True,16.94739360542656,0.74273343384298,0.3,0.3,0.011470809191790304,0.951797329119433,8.684340446115849,0.5622997678939565,-0.771833649894082,0.44021295891956935,
smooth_mu,25,grid_spline2min,2005,0.2524346492499014,0.05392624207421619,2.497840719096427,True,86.6550979269989,4.648388811382167e-13,0.3,0.3,0.011920271156314277,0.9348865431353391,7.920445648743063,0.6366075604326896,-0.783244056833583,0.43348380783757967,
smooth_mu,25,grid_spline1min,2005,0.24571005015179337,0.053886584275616156,2.5203330664108834,True,86.9209543182638,4.648388811382167e-13,0.3,0.3,0.013075732568907261,0.8782980281183757,8.591929022794103,0.5712182128525545,-0.7449311841730379,0.4563133221876364,
smooth_mu,26,grid_const,2024,0.9617578674460932,0.033903473786687725,0.13295171013185023,True,142.066089357225,0.7484780193048788,0.3,0.3,0.013103470755060354,0.8732049225568077,22.135272918320712,0.014430107614205896,-0.4736833794796843,0.6357257072203975,
smooth_mu,26,grid_spline2min,2024,0.2806141813793617,0.05419753551209782,2.4255078917456943,True,93.14571654691898,4.527171303126808e-13,0.3,0.3,0.013686891604930557,0.8375823284261018,20.3715557764977,0.025927916426972234,-0.6016656939204407,0.5473966901642284,
smooth_mu,26,grid_spline1min,2024,0.2324752105529669,0.05589704768139011,2.5881319338931443,True,97.44896038321589,4.527171303126808e-13,0.3,0.3,0.013327515492705777,0.8599595812490471,20.507983321462465,0.024798034079916542,-0.4307517444055841,0.6666488902871859,
smooth_mu,27,grid_const,1910,0.9517506126792923,0.03314066084032442,0.1496417057772104,True,165.48397330997082,0.6421326368702341,0.3,0.3,0.010166220699864448,0.9880145899494485,8.322819119509361,0.5973363888658183,0.760831816143925,0.4467575282795725,
smooth_mu,27,grid_spline2min,1910,0.3825945533525417,0.07947981419339441,1.9651863316477192,True,580.1748290341471,0.03281327288867106,0.3,0.3,0.012832763858601437,0.907419789151724,7.033459975809935,0.7222823963403346,0.3241757420621903,0.7458049862879652,
smooth_mu,27,grid_spline1min,1910,0.3442829710390442,0.052820114074295106,2.0872239620764623,True,118.08285618586223,4.590290290599498e-13,0.3,0.3,0.012348105093019424,0.9292834562358615,7.58295252618998,0.6694998863331091,0.7043203752914605,0.4812332802484577,
smooth_mu,28,grid_const,2024,0.9648140974412605,0.03186552431182825,0.10705097233533496,True,16.83712107805185,0.7375191792156844,0.3,0.3,0.017034693508485632,0.5935572441569,11.490784659189933,0.3205798554607069,-0.9534818599800197,0.3403459828810015,
smooth_mu,28,grid_spline2min,2024,0.2789405600600007,0.05560836682804198,2.431711673228524,True,297.59535513112945,4.300137701233722e-13,0.3,0.3,0.016190012234193862,0.6574503178732057,10.532671075701879,0.39506557119113184,-0.6585482953172946,0.5101858744248564,
smooth_mu,28,grid_spline1min,2024,0.2498557643262538,0.054855711332872606,2.5300353592086235,True,103.61255003445198,4.300137701233722e-13,0.3,0.3,0.015311305259477437,0.7236796441820856,10.506262489156176,0.39725376296110404,-0.6934315866597682,0.48803874545121584,
smooth_mu,29,grid_const,2012,0.9522479218246136,0.03453229251085374,0.14976876822749394,True,17.746865541707795,0.70376845568011,0.3,0.3,0.01537007032730238,0.7226841141265659,10.856953710296809,0.36877077582546935,-0.9364078545525562,0.3490632354111184,
smooth_mu,29,grid_spline2min,2012,0.2848291534447544,0.05234862287189916,2.3977523109191394,True,88.02489575141715,4.447287567680252e-13,0.3,0.3,0.016584958886656814,0.6312037632460201,8.200277041217001,0.6092812617310427,-0.8297470589242908,0.4066818087602857,
smooth_mu,29,grid_spline1min,2012,0.2661844035866226,0.052717757547480724,2.460313527874385,True,89.73475470917866,4.447287567680252e-13,0.3,0.3,0.015632179444302396,0.7031280913054245,8.170728350654516,0.6121646171287043,-0.9350208068297668,0.3497775766758596,
step_mu,0,grid_const,2040,0.9066523531311192,0.04930025886572952,0.37301983539024425,True,309.6595587928718,0.5239084936721425,0.3,0.3,0.01533044133600342,0.7177688185068473,9.994605787355708,0.44096666679030894,0.21896960563044532,0.8266737244052603,
step_mu,0,grid_spline2min,2040,0.4449336012747326,0.04997303503354136,1.8926449513945045,True,225.47376820005385,4.896549869890975e-13,0.3,0.3,0.015701267617736048,0.6898019562658089,9.500510496467317,0.48535071761526294,0.4408938744974462,0.6592898284326275,
step_mu,0,grid_spline1min,2040,0.4011303010911616,0.051389157353802374,2.0407132225512337,True,231.90598568092418,4.896549869890975e-13,0.3,0.3,0.016169848585519897,0.6541637390292216,9.56599539700351,0.4793580260006133,0.33974651465671646,0.7340474294556597,
step_mu,1,grid_const,2041,0.9023881285252005,0.05160013309731472,0.35608814865051736,True,189.98141195715152,0.6245384872629017,0.3,0.3,0.010933455094014777,0.9654783341494919,2.8952966234545356,0.9837817326118259,0.4549463459979062,0.649147839304471,
step_mu,1,grid_spline2min,2041,0.31426172722622325,0.05442033163696114,2.3330296305803997,True,123.92615830720776,4.986511627749069e-13,0.3,0.3,0.010431309483949158,0.9777862746076381,2.7237409067169307,0.9871989842419584,0.7790558360675712,0.4359468241659976,
step_mu,1,grid_spline1min,2041,0.3072039960292254,0.05455041275805828,2.3570284670938966,True,124.79389561840134,4.986511627749069e-13,0.3,0.3,0.011551056262931292,0.9452800438248916,2.383353241182179,0.9924687158778065,0.6221694808664652,0.5338304316165603,
step_mu,2,grid_const,1918,0.9159930959226712,0.04895341652209774,0.29635802380952037,True,70.91135586783952,0.6435904216288962,0.3,0.3,0.009853416354004274,0.9914457890147724,15.14330854997042,0.12692378243939406,0.05029291117087217,0.9598889726890394,
step_mu,2,grid_spline2min,1918,0.32396049711866653,0.05003872586237116,2.16194346497571,True,31.502449113360537,5.217649244012114e-13,0.3,0.3,0.009039797326489213,0.9972309913356602,16.413910059232915,0.0883810052265244,-0.11289146618783483,0.9101166020747367,
step_mu,2,grid_spline1min,1918,0.3173891405853292,0.050197204622157,2.182928883996173,True,31.785440106784307,5.217649244012114e-13,0.3,0.3,0.0094277784696645,0.9950751636034691,16.239153797093074,0.0929879560127923,-0.13501889446712914,0.8925969354990966,
step_mu,3,grid_const,2054,0.8924082807600157,0.0530410766150719,0.3986635071286861,True,34.478401059210746,0.6499096054262995,0.3,0.3,0.015301031330164555,0.716064239670462,7.222101653208423,0.7043240001181071,0.33892802839131236,0.7346639491991397,
step_mu,3,grid_spline2min,2054,0.34205522344265565,0.07866630958677848,2.2544717601466875,True,87.10933358795916,0.1020526107551879,0.3,0.3,0.016928811220884077,0.5921669604035383,6.9309949430879865,0.7319430035915129,0.7203345395270071,0.4713190435368807,
step_mu,3,grid_spline1min,2054,0.27635436115573114,0.0517813473759705,2.477887745387667,True,91.6654983175247,5.090440399924936e-13,0.3,0.3,0.017611711932668084,0.541169578008036,6.231193252228658,0.7954797115271903,0.4269835854611899,0.6693912834768032,
step_mu,4,grid_const,1903,0.9228600678951139,0.05268632232934565,0.29008484365938825,True,345.5707129357997,0.7401140341943994,0.3,0.3,0.013996802019507815,0.8447235942594312,12.721927496032416,0.23963737900571416,0.16026976741899307,0.8726685731031683,
step_mu,4,grid_spline2min,1903,0.38922542040406644,0.13496299188143931,1.947297407819799,True,496.32679315780115,0.13782602930866691,0.3,0.3,0.013271826428692707,0.8862966671414717,14.668265851633882,0.14463245716121273,0.33336646914017803,0.7388576707061727,
step_mu,4,grid_spline1min,1903,0.2415775449572427,0.05706291558731048,2.4071265544167346,True,255.91996777092967,5.371688652009396e-13,0.3,0.3,0.01397880866766521,0.8458207430633835,13.345775078027911,0.20497646099528066,0.1829370030139967,0.8548474485811792,
step_mu,5,grid_const,1987,0.9216047296898159,0.047842408379112134,0.2824224730631371,True,28.14364207850514,0.7222805048591385,0.3,0.3,0.01233878111071246,0.9190617623864514,7.618214901552065,0.6660730701786535,0.2166243516039939,0.8285011064938992,
step_mu,5,grid_spline2min,1987,0.387465488211465,0.12090489706365515,2.032396185811157,True,306.4633184867835,0.11915258970721347,0.3,0.3,0.012366236984889145,0.9177953845133494,7.139130684637215,0.7122481292202596,-0.33165622598329336,0.7401488580262763,
step_mu,5,grid_spline1min,1987,0.2917992043764375,0.08476268963178292,2.345618888083847,True,540.2332388374876,0.024834684077904772,0.3,0.3,0.011283448377607086,0.9595370475609456,6.005176534606266,0.8148281470111189,-0.41742565362993506,0.6763670939448532,
step_mu,6,grid_const,1957,0.8825407166751691,0.054971331430784136,0.3985387857362029,True,305.16978971386817,0.6302048474088247,0.3,0.3,0.013082906735584932,0.8866046309983919,8.296490643301965,0.5999007376778696,0.11554638503803506,0.9080120567094074,
step_mu,6,grid_spline2min,1957,0.32859472250287985,0.0856926526575036,2.189253031259136,True,834.4202269439033,0.009979462774584596,0.3,0.3,0.013226301055657919,0.8787342676168186,6.68404116672047,0.7548986280696613,-0.053410588366494635,0.957404768959476,
step_mu,6,grid_spline1min,1957,0.2959541518505908,0.05424588495788993,2.2957640588268053,True,227.17051777091163,5.268111589546557e-13,0.3,0.3,0.012313970746811287,0.9243624425134229,6.898649660221999,0.7349771586951912,0.2836859532825304,0.7766510603375094,
step_mu,7,grid_const,1970,0.8684900069019083,0.05730235867719417,0.45216993911976155,True,142.95681048328154,0.5423165411122893,0.3,0.3,0.014046924018115636,0.8263917683474272,10.24962662485949,0.4188725269546052,-0.19484280281978433,0.8455160125894609,
step_mu,7,grid_spline2min,1970,0.3887788593234645,0.05107006394348209,2.0071256075133888,True,214.4721514661724,5.317641890009749e-13,0.3,0.3,0.012596815204746925,0.9093859140877851,8.707588300622698,0.5600611112237117,-0.34644172047164956,0.7290107756558335,
step_mu,7,grid_spline1min,1970,0.36111879713426825,0.052808471403637654,2.0979326955762745,True,420.5473912090515,5.317641890009749e-13,0.3,0.3,0.01310596580774065,0.8829991803889602,9.390667791919695,0.49547196569524576,-0.021817910790185763,0.98259320684301,
step_mu,8,grid_const,1947,0.911218212891625,0.052837687079402215,0.3148962543363441,True,270.624230596494,0.7315682809942831,0.3,0.3,0.016688794795428397,0.6438022274674805,9.180003522871559,0.5151101648457839,-0.05031161065565278,0.9598740715231089,
step_mu,8,grid_spline2min,1947,0.2680259826469603,0.05524239746565197,2.3752917884438727,True,224.3244813568708,5.270325329561444e-13,0.3,0.3,0.017291815699807228,0.5990732942579498,10.038190129853898,0.4371491464507413,0.14985688165097547,0.8808775309322757,
step_mu,8,grid_spline1min,1947,0.25452467453866706,0.055155234746963516,2.419086870906339,True,225.70771671334944,5.270325329561444e-13,0.3,0.3,0.018291668573930858,0.526573985063874,9.709133871387925,0.4663718729235513,0.015509830796601105,0.9876254415953923,
step_mu,9,grid_const,2066,0.8741772828288974,0.053710090342354,0.4695259355897528,True,138.90878814452722,0.5384591454182112,0.3,0.3,0.008917409341402727,0.9961702918381368,5.430694549714911,0.8606155375198441,-0.5162630891473722,0.6056706721619125,
step_mu,9,grid_spline2min,2066,0.3742798583804738,0.04807082060554682,2.1561137780780513,True,80.62395793119467,5.085192831421967e-13,0.3,0.3,0.008160610641855387,0.9989871962225847,4.135754261615388,0.9410151044438797,-0.4006011150760833,0.6887138245631242,
step_mu,9,grid_spline1min,2066,0.36804884241669006,0.048226242377034455,2.177532633835816,True,81.09120111533525,5.085192831421967e-13,0.3,0.3,0.008687712949079024,0.9973438554656545,4.128402948417679,0.9413686199931212,-0.3276739616661338,0.7431581929620761,
step_mu,10,grid_const,2078,0.909602219848928,0.05036731189143337,0.33887450532702706,True,181.9955217166878,0.6257955493090636,0.3,0.3,0.009529897858120445,0.990777991735824,14.8842450789433,0.1363394100299042,0.10971928002504197,0.9126320094827296,
step_mu,10,grid_spline2min,2078,0.3168917619300364,0.05139083833712981,2.367342150148372,True,115.00797139440485,4.926856618544462e-13,0.3,0.3,0.01140495039046685,0.9469047414174876,14.907708578369169,0.13546303982961114,0.4333681370645568,0.6647473446656266,
step_mu,10,grid_spline1min,2078,0.3027904577314375,0.05204166255807015,2.4160145110495788,True,116.65453408277308,4.926856618544462e-13,0.3,0.3,0.00905150640518726,0.9951402559765035,13.861587119503158,0.17939918570362914,0.31824493629624717,0.7502991489807758,
step_mu,11,grid_const,2113,0.891735557624068,0.05197393963159227,0.41443296243129213,True,148.10169242339822,0.5367640792919942,0.3,0.3,0.010923273317578974,0.9601965173605906,5.579079425895647,0.8493014664651737,0.017511977760649364,0.9860281774409633,
step_mu,11,grid_spline2min,2113,0.4070100342935979,0.05118077827337913,2.0917253448347903,True,243.74159360265492,4.85383011432065e-13,0.3,0.3,0.013613067803342815,0.8232242601632325,6.063093901010736,0.8099347904127913,0.24263893871668013,0.8082851137019267,
step_mu,11,grid_spline1min,2113,0.3891484338755645,0.05114048442114634,2.15435016238832,True,244.40079082787483,4.85383011432065e-13,0.3,0.3,0.013792002270242132,0.8109983185729134,5.706810903594546,0.8392648840446595,0.05937816028899987,0.9526509079258708,
step_mu,12,grid_const,2031,0.8928331949799799,0.048243351156884565,0.3909098413033083,True,144.76736347522598,0.5710707864821993,0.3,0.3,0.015792549539766,0.6855105184210437,6.759506507769313,0.7479371883293714,-0.38133930436098434,0.7029514923732314,
step_mu,12,grid_spline2min,2031,0.37685717532911184,0.04997455570996916,2.1112194498090577,True,88.5254690578389,4.939830639967274e-13,0.3,0.3,0.01636227691573519,0.6422421198206738,5.9607956636212185,0.8185461923565205,-0.6032073597127228,0.5463707522679513,
step_mu,12,grid_spline1min,2031,0.3338729652030357,0.051544048799572265,2.2563539578398206,True,92.20466727301476,4.939830639967274e-13,0.3,0.3,0.016116370872192032,0.6609359633705691,5.019294132583144,0.8898854281499299,-0.4612451117221204,0.6446227596048527,
step_mu,13,grid_const,1914,0.8849597530433909,0.05638450464217512,0.3899338839825863,True,157.18121961584416,0.6904792121707779,0.3,0.3,0.016058774430586426,0.7006788622126163,9.57868311788466,0.47820061512696177,-0.6326705598244788,0.5269487989483682,
step_mu,13,grid_spline2min,1914,0.2373897799897319,0.05478312852594237,2.433694081958073,True,95.33341490120216,5.484366989060491e-13,0.3,0.3,0.013841836028852833,0.8516980344673726,7.602718391066711,0.6675794195494376,-0.4462010918934119,0.6554519942723332,
step_mu,13,grid_spline1min,1914,0.22666973746849778,0.05476375731725882,2.46780723116199,True,95.18061946106454,5.484366989060491e-13,0.3,0.3,0.013325733121365257,0.8813329360561991,8.181345080843958,0.6111285283834234,-0.5013917525157338,0.6160954430515219,
step_mu,14,grid_const,1961,0.9183532317498747,0.049099744102298976,0.2893351188357875,True,144.46890977633004,0.6865275629636767,0.3,0.3,0.013681923604645818,0.8513350533544638,4.173173401312714,0.9391968204968167,-0.10578093752361951,0.9157561615737396,
step_mu,14,grid_spline2min,1961,0.3041980079926252,0.05467311051605215,2.275078223916435,True,228.3646133037395,5.145615088017717e-13,0.3,0.3,0.013302640973476276,0.8736801283583417,5.4620715487873595,0.8582549808067205,-0.1021717725680806,0.9186203327071477,
step_mu,14,grid_spline1min,1961,0.2836365365770721,0.05572537706298693,2.3421762433543045,True,233.62108054949803,5.145615088017717e-13,0.3,0.3,0.012833845200604599,0.8990131217011397,4.123267984984624,0.9416148324146247,-0.06520119026652778,0.9480138134518227,
step_mu,15,grid_const,2062,0.9281757823365562,0.04278853188944887,0.2755495313237422,True,28.310785002867878,0.6247365900222973,0.3,0.3,0.011462909787045672,0.9463834659227011,4.565032358280936,0.9182799503261071,0.1136709190779751,0.90949866628081,
step_mu,15,grid_spline2min,2062,0.32218798311675595,0.030538950646924544,2.330259727713452,True,33.70664497539543,4.705462979170856e-13,0.3,0.3,0.011199780404010151,0.9556143181530922,2.3959807626933167,0.9923063858728101,-0.021285598260570054,0.9830178321608628,
step_mu,15,grid_spline1min,2062,0.3152294801698355,0.030692418234380243,2.3541530532258528,True,33.9466059703349,4.705462979170856e-13,0.3,0.3,0.01164398697864033,0.939420031483574,2.690451715803073,0.9878003332130829,0.1180492561507154,0.9060286299359629,
step_mu,16,grid_const,2099,0.9199411068355754,0.04798185604972659,0.32299629176876243,True,184.00302514970892,0.6588622754636332,0.3,0.3,0.019291202236162208,0.41030364194102675,14.839449790525162,0.13802578607197385,0.09178709722939359,0.9268671957033155,
step_mu,16,grid_spline2min,2099,0.5067062365420265,0.11907510248233322,1.7383393962471239,True,350.1339356745618,0.1890863923336284,0.3,0.3,0.01678804064894157,0.5890490167438623,14.780043116545594,0.14028923729928205,-0.02428833573930886,0.9806226171195286,
step_mu,16,grid_spline1min,2099,0.3242560027937648,0.051134721107684016,2.364367048554607,True,121.41224479935615,4.791101109588351e-13,0.3,0.3,0.01856209539619713,0.4592130023128316,14.435619780500307,0.15403261875047064,-0.2510760102076705,0.8017553430242245,
step_mu,17,grid_const,2100,0.8909380023932183,0.052419741824597334,0.4093513596389933,True,35.50842100251167,0.6707492209041542,0.3,0.3,0.01563941077247255,0.6772516911365961,8.094172804375672,0.6196386595451768,-0.022845055209688107,0.9817738685304702,
step_mu,17,grid_spline2min,2100,0.23624734830850155,0.030936764707192355,2.6734861632714124,True,8.848348972087596,4.933717300422221e-13,0.3,0.3,0.01146722895624197,0.9422595321058488,6.7773944911256905,0.746279868291257,-0.3133217492395732,0.7540362279235004,
step_mu,17,grid_spline1min,2100,0.2330328551661057,0.0310390093979263,2.6847320928252945,True,8.87115464481249,4.933717300422221e-13,0.3,0.3,0.012045833856670018,0.9170914506065693,6.839353739801219,0.740518926947921,-0.33130725979447695,0.740412408159087,
step_mu,18,grid_const,2015,0.8900067862761434,0.05189154106819174,0.4048505808593682,True,148.6752169390857,0.6421024568893802,0.3,0.3,0.010643341718993282,0.9746071405830853,6.0700420926354814,0.8093446650628834,0.32770542442398776,0.7431344015914574,
step_mu,18,grid_spline2min,2015,0.29616082693635776,0.051283259993186996,2.3655267996333262,True,93.47125554783639,5.145700480883476e-13,0.3,0.3,0.009057210289836193,0.996001850594191,6.306201052287441,0.7889149999233287,0.4869313213244613,0.6263070017648696,
step_mu,18,grid_spline1min,2015,0.2743976389625612,0.0521856777337412,2.4383829955187846,True,95.43440747551138,5.145700480883476e-13,0.3,0.3,0.009328963819176694,0.9941057616935183,7.671000725669169,0.6609377443096804,0.6688274941265525,0.5036055260175258,
step_mu,19,grid_const,2026,0.8950105988481112,0.047664393390497314,0.38334282942395415,True,134.0184613544177,0.5852059968935045,0.3,0.3,0.021295696495922722,0.31270029802316923,9.084607407295266,0.5240933218288683,-0.6956412736913381,0.48665351155092895,
step_mu,19,grid_spline2min,2026,0.3500589054971311,0.049550396016554234,2.1958265922298836,True,84.74726137031803,4.932504374237604e-13,0.3,0.3,0.02080288571503147,0.3398584181281823,9.375518198712179,0.4968744916670763,-0.62403663247994,0.5326035276238212,
step_mu,19,grid_spline1min,2026,0.3427915533968614,0.049619192535049164,2.220293671412741,True,85.17037559376523,4.932504374237604e-13,0.3,0.3,0.022248786724790415,0.26453301863502665,9.57332805682444,0.4786889722859614,-0.6610650565319629,0.508570593455844,
step_mu,20,grid_const,2100,0.9051912464764721,0.05082252344143232,0.36373369819844653,True,158.07325944391246,0.6790192807859632,0.3,0.3,0.014104974578690865,0.7920697450024776,8.578495685205208,0.5725171003224246,-0.3597890266808985,0.7190049098772835,
step_mu,20,grid_spline2min,2100,0.35643787686710726,0.14981627481226711,2.2540779456115216,True,2676.391420696215,0.07417660021282511,0.3,0.3,0.01670901869948549,0.5947838291050174,8.371430424938366,0.592605245213801,-0.3741256841736048,0.7083108107669216,
step_mu,20,grid_spline1min,2100,0.2738439122613337,0.053877204494369106,2.542217881282273,True,97.88521461855326,4.887690153363537e-13,0.3,0.3,0.017124043930190624,0.5632440646542749,8.942480612608314,0.5375709670951743,-0.2339707951050133,0.8150076515635527,
step_mu,21,grid_const,2072,0.9060424273006566,0.05012158083418337,0.35749130261707507,True,147.07802209818735,0.5716259404190446,0.3,0.3,0.013225338804982778,0.8567568569587993,8.008526579433882,0.6280040304776869,-0.0652596296987219,0.9479672846267392,
step_mu,21,grid_spline2min,2072,0.429355610402127,0.11361029480049595,1.9755776699317027,True,269.33839187233775,0.04515426726986479,0.3,0.3,0.021356536843197937,0.29686809232703726,8.24490970235967,0.6049280356075181,-0.32831618815756763,0.7426726055683023,
step_mu,21,grid_spline1min,2072,0.3704546284527115,0.0496890934372206,2.176378072716995,True,87.79351903519849,4.929829834272969e-13,0.3,0.3,0.021026373364260387,0.31446412927429035,8.45335961531171,0.5846432683238756,-0.4343727768262855,0.6640177631257707,
step_mu,22,grid_const,2010,0.9056436060921483,0.05037547127734823,0.3303135571379607,True,32.04225046305261,0.6577471109574526,0.3,0.3,0.020345702879147665,0.3712105065966129,10.333778510199854,0.41171383840339687,0.453173531464013,0.6504237902563634,
step_mu,22,grid_spline2min,2010,0.3041057567058478,0.051874157133309125,2.3308618001496106,True,91.06739924980891,5.020050309782754e-13,0.3,0.3,0.019912333205171995,0.39768321722721833,11.640716856455763,0.3098212585383336,0.5138225334033549,0.6073760721726109,
step_mu,22,grid_spline1min,2010,0.2680306654802969,0.05213545684723431,2.4518775791104264,True,93.06155605693075,5.020050309782754e-13,0.3,0.3,0.021433735437023704,0.30984122438425254,11.138830350991698,0.34680467786827024,0.14047693287396731,0.8882831766584085,
step_mu,23,grid_const,1986,0.8839388323968123,0.05323830632708853,0.402497019837229,True,307.9310365220432,0.5431737274903875,0.3,0.3,0.009373996982894428,0.9942813079319105,14.528726320384346,0.1502114621025502,-0.21515071951682738,0.8296498112493841,
step_mu,23,grid_spline2min,1986,0.3947235090354374,0.05026938872325625,2.0040182748935034,True,214.91977767510812,5.171011612617589e-13,0.3,0.3,0.01229031620578952,0.9214105154088837,15.945724148301432,0.101196685730285,-0.4423447397802367,0.6582397604622835,
step_mu,23,grid_spline1min,1986,0.38274485199300173,0.05095964053636149,2.0436217766614586,True,218.86909371561822,5.171011612617589e-13,0.3,0.3,0.01227455349002976,0.9221212781919833,15.597180919696552,0.11175884871294517,-0.4355570507771714,0.6631581378847902,
step_mu,24,grid_const,2011,0.8778510837210687,0.05169920593656262,0.4326389520899236,True,38.25036845943554,0.6330066171581005,0.3,0.3,0.013083968878594643,0.8767294834314084,7.4677994110235355,0.6806658430888626,-0.04056259906174788,0.9676446012272014,
step_mu,24,grid_spline2min,2011,0.32053292612583356,0.08314591202671608,2.278161662201347,True,609.1187101720172,0.05999177807411361,0.3,0.3,0.013807671733043841,0.8326447294270332,6.562883192782151,0.7659659651269433,-0.36147970040973015,0.7177408772889937,
step_mu,24,grid_spline1min,2011,0.3005802473756631,0.08363612090938947,2.3447082524346463,True,620.258787418806,0.023976935857357353,0.3,0.3,0.013547686170074402,0.8491137470558116,6.326945036443575,0.7870876151938863,-0.3418862259428495,0.7324365158314075,
step_mu,25,grid_const,2069,0.9139500445761235,0.04934366712107243,0.3431421967672206,True,31.112154077076816,0.6696500181383516,0.3,0.3,0.007625817221653786,0.9996897658800009,6.013525615166927,0.8141256028509977,0.3551636253413643,0.7224670133738386,
step_mu,25,grid_spline2min,2069,0.4502938702719825,0.120826520279546,1.9079714056467731,True,311.80006038862314,0.15196026604355134,0.3,0.3,0.009435401090777784,0.9920183575529417,5.390773254632033,0.8635936416451531,0.3739676295297833,0.7084283995931536,
step_mu,25,grid_spline1min,2069,0.3113476477207268,0.05080598463694273,2.377074672744647,True,83.84084305139127,4.913097881733964e-13,0.3,0.3,0.00892625096800731,0.9960800789652475,5.77998642928821,0.8333966247014188,0.28664261140521213,0.7743859836937123,
step_mu,26,grid_const,1974,0.905000036683532,0.050468303297055185,0.33758488008434817,True,154.96509200088772,0.6802628251252009,0.3,0.3,0.015392922462496794,0.7317484660547326,11.929481574124647,0.2898037718295518,0.506988293037011,0.6121630328241165,
step_mu,26,grid_spline2min,1974,0.27997769448696264,0.05561060358659762,2.3697158602193507,True,276.6852111794238,5.170815641670853e-13,0.3,0.3,0.012873288523205462,0.8947888405852831,10.559525008435408,0.3928475917174208,0.4061848125095912,0.6846068123959821,
step_mu,26,grid_spline1min,1974,0.265236292167322,0.05615993857748881,2.4181046734527687,True,280.86338737686043,5.170815641670853e-13,0.3,0.3,0.014002826679809455,0.8283297478019839,10.771773831754896,0.375573269866414,0.418579656883269,0.6755233595408212,
step_mu,27,grid_const,1963,0.8876907531874183,0.049932897614103446,0.392315425902691,True,130.55323567489816,0.5877179108699581,0.3,0.3,0.018918753831619783,0.4776386601880126,10.708907856480488,0.38064189293426426,-0.16509892516557895,0.8688661189959161,
step_mu,27,grid_spline2min,1963,0.36852802827099895,0.05010929311118942,2.068017966444055,True,78.06583648983103,5.159197127222165e-13,0.3,0.3,0.024357758438341315,0.19141515491021466,10.339992163634781,0.4111879198961213,0.18496975187265188,0.853252760665242,
step_mu,27,grid_spline1min,1963,0.3481238669163035,0.050444064282161125,2.134552373663003,True,79.79742937255662,5.159197127222165e-13,0.3,0.3,0.021479853909471158,0.3208664571518838,11.764297143733309,0.30114094614527,0.017354982456538295,0.9861534225360226,
step_mu,28,grid_const,2001,0.878085540121712,0.05631789303228717,0.4218963373648429,True,161.55567772193785,0.5785059600346957,0.3,0.3,0.014872033837765919,0.762113043752235,12.988003646316207,0.22434332007006855,0.32889888253718047,0.7422321189760828,
step_mu,28,grid_spline2min,2001,0.33237803697239554,0.052276243771836324,2.2270408798648886,True,97.95607831013574,5.211670401954887e-13,0.3,0.3,0.014200870898569085,0.8089559134292034,11.899197316411522,0.29185951867228854,-0.1128904194919664,0.9101174319124491,
step_mu,28,grid_spline1min,2001,0.31735239380476765,0.052990926428239486,2.2771163547149382,True,99.62074466910003,5.211670401954887e-13,0.3,0.3,0.014880631460114868,0.7614954335346257,11.508855180197065,0.31927001197727456,-0.061053890417371005,0.9513162907197353,
step_mu,29,grid_const,2011,0.9259189840595736,0.046028143430720835,0.27818680442195454,True,26.34012198216038,0.6843543173551762,0.3,0.3,0.019364706079607608,0.4324003347609041,18.331041567899412,0.049629663776855557,-1.2662784748358695,0.2054134005587619,
step_mu,29,grid_spline2min,2011,0.3782354370094286,0.13063365765568402,2.088088683811091,True,341.863929361449,0.08858177567101946,0.3,0.3,0.01877874822646336,0.47171016308807456,18.412478538087438,0.048391738077316115,-1.1224378977802625,0.26167629852730834,
step_mu,29,grid_spline1min,2011,0.2921858963441416,0.05055953593027145,2.3726650636208726,True,82.5832821398118,4.919492300151329e-13,0.3,0.3,0.018774082252185076,0.472030322956844,17.92267231594655,0.05628214332128563,-1.2078358496514054,0.22711040891861367,
burst_mu,0,grid_const,2554,0.8665156402613898,0.027916729603304342,0.5692304319758376,True,634.6842118519637,0.3485448357544362,0.3,0.3,0.012334119082044404,0.8272422271090099,18.727312075124676,0.04386609278274764,0.1881462372468825,0.8507620161789939,
burst_mu,0,grid_spline2min,2554,0.8637239358633487,0.0285807661249071,0.5811126942810716,True,680.3812615207025,0.3435881146950011,0.3,0.3,0.012172090777803568,0.8390212969998877,19.21852730673097,0.0375732540547629,0.157058682743167,0.8751985997769726,
burst_mu,0,grid_spline1min,2554,0.8660698973099514,0.030417152948243042,0.5711108913130878,True,713.0204737967656,0.36031247965276186,0.3,0.3,0.012737458510055255,0.796681686605463,18.68957242223487,0.044387410387997615,0.1528972084428039,0.8784793373663079,
burst_mu,1,grid_const,2667,0.8664702943321727,0.027555985104741436,0.5979981950633395,True,81.52121447032775,0.20681150889975086,0.3,0.3,0.014676993837409558,0.6084068044568596,13.412386947726512,0.2015197230278579,0.34481300094412076,0.7302349584982101,
burst_mu,1,grid_spline2min,2667,0.8632395499361497,0.02855725361846507,0.6123328363885913,True,96.60108652684313,0.20131883682974622,0.3,0.3,0.01484451188854563,0.5939341405344197,13.102299793678919,0.2180082490419506,0.35979754414555226,0.7189985398626684,
burst_mu,1,grid_spline1min,2667,0.8466341831550149,0.03205418507860299,0.6860007792839768,True,109.30381705160056,0.1683001655577652,0.3,0.3,0.014837774460007502,0.5945148661463007,13.488195313252971,0.1976418729700255,0.3132642600211245,0.7540799009128727,
burst_mu,2,grid_const,2562,0.8724366906513767,0.027808594044998847,0.5419422795170413,True,125.35143684759082,0.2765139395578202,0.3,0.3,0.01218265960071574,0.8368974347940754,7.74778242889699,0.653457828847172,-0.2837168308750474,0.7766273953610889,
burst_mu,2,grid_spline2min,2562,0.8668287542520954,0.028748619130196704,0.5659243576797641,True,141.79839648658935,0.26712083302253653,0.3,0.3,0.012660015703863908,0.8011546324033363,8.018604635924843,0.6270195774941375,-0.2775011274775349,0.7813953402000188,
burst_mu,2,grid_spline1min,2562,0.858159782455393,0.031857903334829324,0.602993637619782,True,155.00868280750592,0.25433171241774327,0.3,0.3,0.01188525694210732,0.8578116120315182,8.288824648310278,0.6006476239326264,-0.26753934386284955,0.7890539257563817,
burst_mu,3,grid_const,2709,0.8684435332155043,0.027192968760209803,0.5897946864708283,True,278.9830607646384,0.20750725182558585,0.3,0.3,0.020223324588251212,0.2149244676643156,8.80389881943431,0.5508100696197935,-0.8532580600999436,0.3935162123754786,
burst_mu,3,grid_spline2min,2709,0.8663294594894241,0.02753205168621978,0.5993580993309963,True,307.4813678575508,0.20549673289390646,0.3,0.3,0.020225448439666283,0.21482451559920734,8.947772078998323,0.5370672911516351,-0.8424093470112998,0.39955886286001796,
burst_mu,3,grid_spline1min,2709,0.8639440049168577,0.0293333302378932,0.6101263234678862,True,325.55057273151044,0.20801847758930347,0.3,0.3,0.020454048415945336,0.204272533654957,8.694094805673815,0.5613602165543379,-0.8101294484643232,0.4178657807189391,
burst_mu,4,grid_const,2513,0.8703068690414177,0.028053246271590282,0.5382768034889218,True,404.8086576669197,0.2535749859059963,0.3,0.3,0.014232567810154417,0.6831687446329477,15.810354054142222,0.10519145539328413,-0.16799986368911407,0.8665833863151364,
burst_mu,4,grid_spline2min,2513,0.8689859877369369,0.02845794514370456,0.5438288316797087,True,435.49238951749714,0.25186889648257677,0.3,0.3,0.014602656119631297,0.6519079987472065,15.698447914709856,0.10859620861740775,-0.17957571395385133,0.8574856721697898,
burst_mu,4,grid_spline1min,2513,0.8568261428256708,0.03223921862716484,0.5949680897536228,True,471.2744372104985,0.23230388745529224,0.3,0.3,0.011926730252634132,0.8627325690569582,15.548069894204296,0.11332096855654906,-0.17692528945411012,0.8595670738657314,
burst_mu,5,grid_const,2591,0.8599276572176029,0.027102149035820814,0.6105648667512287,True,265.26901409209665,0.15046764984318795,0.3,0.3,0.015127674844039374,0.5881696185046528,8.562328132922485,0.5740811418618638,0.5721916603502781,0.5671921367694411,
burst_mu,5,grid_spline2min,2591,0.8574234171546875,0.028130091402584736,0.621341233512797,True,302.2623794341386,0.1459068952823665,0.3,0.3,0.014862844609591253,0.6107067620158022,8.701303348752539,0.5606661160112549,0.4818224603163366,0.6299320725443495,
burst_mu,5,grid_spline1min,2591,0.8407221106606659,0.031465070073283335,0.6932326584103881,True,337.1531620063252,0.10772879599834066,0.3,0.3,0.014618326838224088,0.631636389574227,8.451186678268245,0.5848542244875574,0.4459679022351487,0.6556204318231338,
burst_mu,6,grid_const,2464,0.8611298548362964,0.02891991729837084,0.5701539137941241,True,530.3510527894111,0.27514876760560464,0.3,0.3,0.019544057215676203,0.29950783696808225,16.08487640177111,0.09722835760128241,0.15776627988087433,0.8746409705913505,
burst_mu,6,grid_spline2min,2464,0.8565292896468365,0.02967506821835056,0.5890534058444247,True,575.9244134136192,0.26556263075760494,0.3,0.3,0.019145826445380154,0.32293997486991755,15.736903851896095,0.10741559789639699,0.14738639233513737,0.8828270455698277,
burst_mu,6,grid_spline1min,2464,0.8322107795613316,0.0342198746720812,0.6889466442265556,True,620.6457131507291,0.225249569165586,0.3,0.3,0.02119312900315312,0.2153136865432942,16.62823095850382,0.08300580982375001,0.06363493765784245,0.9492609118791384,
burst_mu,7,grid_const,2591,0.8501429896761936,0.02781565975228574,0.6446273848421804,True,525.3482306900052,0.11230110037129855,0.3,0.3,0.01415031311418291,0.6718062213368301,6.428534254952647,0.7780671355025505,1.4902754307303183,0.13615182990149613,
burst_mu,7,grid_spline2min,2591,0.8484937289925942,0.02809665132719747,0.6517692213726731,True,568.0879625554869,0.10890172253513412,0.3,0.3,0.014872565809634697,0.6098766841633154,6.456814167957971,0.7755356734604644,1.4567264021500743,0.1451919187436634,
burst_mu,7,grid_spline1min,2591,0.8367691971277342,0.03225085116582801,0.7025609582834142,True,627.345576192307,0.07906668415978557,0.3,0.3,0.014348630489616432,0.6547861702569777,6.263455583363541,0.7926644422550065,1.4920712590358527,0.13568046549317797,
burst_mu,8,grid_const,2551,0.8665992159765232,0.02781336683975727,0.5658360333423192,True,271.8300528091667,0.29286004246557346,0.3,0.3,0.01176421249956397,0.8676563229546884,13.614299477970794,0.19132248344088013,-0.5133566490223148,0.6077018641268882,
burst_mu,8,grid_spline2min,2551,0.8638273889844095,0.028365293224731185,0.5776265797983973,True,309.9361320029093,0.28751134154650104,0.3,0.3,0.010971513366839741,0.9151951205224844,13.41538032367807,0.2013654711838559,-0.5012851825234261,0.6161704319806897,
burst_mu,8,grid_spline1min,2551,0.853927787800433,0.03199063100063415,0.619736785089039,True,337.8820630750554,0.2721525923176581,0.3,0.3,0.0115093338179946,0.884037965031322,13.694952457439076,0.18736593401894133,-0.4720685243119133,0.6368778782371631,
burst_mu,9,grid_const,2595,0.883035677623049,0.027621499073088106,0.5067186044672937,True,286.8239994200407,0.41472016237947257,0.3,0.3,0.012659783588297002,0.7948888801222935,16.559764386046723,0.08469075242572825,-0.32613169194905883,0.744324720014591,
burst_mu,9,grid_spline2min,2595,0.8797210429078585,0.028437057264035306,0.5210400215102068,True,425.07067561948014,0.41010700049362486,0.3,0.3,0.012018859926506198,0.8431360731983402,16.552707058346506,0.08486613425993657,-0.33166913205643583,0.7401391115426343,
burst_mu,9,grid_spline1min,2595,0.8649709781324455,0.03309085434642051,0.5847565354473274,True,469.12387602206127,0.38557221921841606,0.3,0.3,0.013057848400674366,0.7629570205447975,17.562730703915964,0.06280320109633035,-0.25536723914019305,0.7984394715075259,
burst_mu,10,grid_const,2594,0.8678571950420793,0.02735822982045809,0.5697935991580917,True,363.29954403573015,0.27559271471948205,0.3,0.3,0.015138070964771266,0.5865494379765135,15.293845954351967,0.12171035495871549,-0.9860634492889281,0.32410197823881526,
burst_mu,10,grid_spline2min,2594,0.8648697391304965,0.02798509271223488,0.5827215261965535,True,395.2141393645585,0.26983366496330713,0.3,0.3,0.014844300119314702,0.6115599643964612,15.335090934136131,0.12031423014652845,-0.9755274838105255,0.3292986755206492,
burst_mu,10,grid_spline1min,2594,0.8596802084598955,0.030442217464230523,0.6051748454088465,True,417.4818419496571,0.2626677443688492,0.3,0.3,0.01509763350714588,0.5899790786992314,15.678675568880514,0.10920757550878693,-0.9849091371633977,0.3246687047886171,
burst_mu,11,grid_const,2659,0.8715107270032881,0.026401641179933013,0.5670384399457393,True,528.2174313348867,0.22079750616830024,0.3,0.3,0.014763072076658168,0.602868619555839,8.699591334669826,0.5608309452702229,0.4862912248298844,0.6267607000044617,
burst_mu,11,grid_spline2min,2659,0.866307133354206,0.026992041582288198,0.5901217193171743,True,569.0263531605153,0.211954405277357,0.3,0.3,0.014214120036558975,0.650493475640805,9.317406516325729,0.502268731839231,0.45637797342147896,0.6481182021804315,
burst_mu,11,grid_spline1min,2659,0.8567802192793144,0.03029950303382271,0.6323773100750643,True,613.354843286452,0.19437113194527172,0.3,0.3,0.013753271417669688,0.6905127946404015,9.943410073842141,0.4454720956074164,0.4653746162431512,0.641663208795002,
burst_mu,12,grid_const,2716,0.8677296604118305,0.028167385889290766,0.6023596124043425,True,285.37917908811704,0.3644511798097366,0.3,0.3,0.013172780966397735,0.7283570210688797,18.069612895823578,0.0538006630357849,-0.8627343107713509,0.3882835632631233,
burst_mu,12,grid_spline2min,2716,0.8663211852025954,0.029098849287319,0.6087279662857221,True,320.3902385556327,0.36204168508761303,0.3,0.3,0.012958004260695821,0.746703842998817,18.005796631377006,0.05486593925566188,-0.8661443240573716,0.3864110209268711,
burst_mu,12,grid_spline1min,2716,0.8551475774929058,0.03297955560620699,0.6592510646613918,True,353.489723136817,0.34222230333103953,0.3,0.3,0.012890204621863799,0.7524419862744557,17.970910607351026,0.05545632517207526,-0.842194286863708,0.39967921118143623,
burst_mu,13,grid_const,2646,0.865752213013829,0.027310622729365,0.5968908283605296,True,533.5383932454173,0.20602926296586976,0.3,0.3,0.0102057136076176,0.9430281507967789,20.039952882913536,0.02887705760366355,0.7041806515436634,0.48132027880241424,
burst_mu,13,grid_spline2min,2646,0.8634966116612328,0.027988103775609473,0.6067934865815101,True,586.5426977488404,0.20191518853471233,0.3,0.3,0.010635689363016787,0.9225273851396536,19.500755458091806,0.03434443058709044,0.6747269484481578,0.49984925996483487,
burst_mu,13,grid_spline1min,2646,0.8397669977393807,0.03229575332078268,0.710981195083924,True,637.3301686052374,0.15728074201580602,0.3,0.3,0.011317479771461025,0.8830511912673421,19.965848983708707,0.029577358979207106,0.60273848905099,0.546682672479726,
burst_mu,14,grid_const,2567,0.8518906353164895,0.028381060453481433,0.6329557321295157,True,559.6976162040793,0.23319558937377455,0.3,0.3,0.010844574391582831,0.9200890818765348,18.8621741987815,0.0420486064610379,-0.3577965720057939,0.7204955561268673,
burst_mu,14,grid_spline2min,2567,0.847489855209941,0.02940567015806474,0.651815047211423,True,605.2951538843181,0.2244225997528974,0.3,0.3,0.011173390313047843,0.9020820543184535,19.17130569773725,0.03814002072705584,-0.36799932429405036,0.7128737380278176,
burst_mu,14,grid_spline1min,2567,0.8391876506959217,0.03257381737430639,0.6873961414744447,True,648.4464877460515,0.20620214691912128,0.3,0.3,0.010968884529944989,0.9135049612612612,19.567515827215576,0.033619065195976676,-0.359975424464859,0.7188655117517571,
burst_mu,15,grid_const,2595,0.8656921478411663,0.02771662548851479,0.5821603143201378,True,549.5386719165058,0.2548369904508267,0.3,0.3,0.012568180938204443,0.802047734811293,9.636807707278283,0.472913886784901,-0.0018842764721789102,0.9984965657842211,
burst_mu,15,grid_spline2min,2595,0.8634203392170672,0.0282414750266157,0.5919745111107817,True,594.8081013742295,0.25621366371742643,0.3,0.3,0.013142562881892306,0.7560115227704378,9.51884885501572,0.4836693531734315,-0.013398348854550886,0.9893099841473658,
burst_mu,15,grid_spline1min,2595,0.8502992862967167,0.0323909939825328,0.648721071102791,True,640.2299533666514,0.22994014685966752,0.3,0.3,0.012357409970785938,0.8182072782087957,9.477887526178078,0.4874282743203544,0.0012322018138423623,0.9990168454457327,
burst_mu,16,grid_const,2606,0.8603026706541155,0.02824573436089338,0.6038509167779399,True,368.28566974954833,0.2073099904120357,0.3,0.3,0.014051634881968367,0.676798614401467,5.349236486546914,0.8666618581378762,-0.32460497285511924,0.7454800630896248,
burst_mu,16,grid_spline2min,2606,0.8605295341638721,0.028441464530644684,0.602864863759599,True,399.3554872889475,0.20779379737626566,0.3,0.3,0.013987853378913617,0.6822761812787586,5.22720151707893,0.8754930193241921,-0.3681075835097782,0.71279301648642,
burst_mu,16,grid_spline1min,2606,0.8490697576630454,0.031932155373811555,0.6527027865422629,True,432.7234901969524,0.19809672066923262,0.3,0.3,0.015134486840606476,0.5839034526933614,5.337344260549404,0.8675345402518683,-0.3958758823784127,0.6921965937529637,
burst_mu,17,grid_const,2733,0.870266034017604,0.027592773370529726,0.5896133934422395,True,383.5250337753705,0.31363705759272464,0.3,0.3,0.013751583000243595,0.6742573301166209,10.504346812881343,0.3974127631294776,-1.0619183150344906,0.2882727697267692,
burst_mu,17,grid_spline2min,2733,0.8690472570780533,0.027978636584984718,0.5951524185690937,True,420.21987155955924,0.3099950147137201,0.3,0.3,0.014448060459121087,0.612912079365663,10.60145725610375,0.3893986559091284,-1.058511984617958,0.2898220898631909,
burst_mu,17,grid_spline1min,2733,0.8630585249443753,0.03108408071796898,0.622417681849918,True,451.5460493164994,0.3017109497104316,0.3,0.3,0.013980319031965616,0.6540982250473343,10.767179723709845,0.3759422952375092,-1.025120770803051,0.3053062060433419,
burst_mu,18,grid_const,2672,0.8663043124377157,0.028080134164683815,0.6007037296572719,True,578.8653059287896,0.33202173462839707,0.3,0.3,0.008852417598217976,0.9837101788186791,9.523333859860847,0.4832585158482111,-0.40582691702107127,0.6848697795866433,
burst_mu,18,grid_spline2min,2672,0.8661116423551674,0.028482471716201965,0.601562539134221,True,624.7418474241437,0.3319586083998847,0.3,0.3,0.009071893698242461,0.9790492394791412,9.576491585397521,0.47840044688441474,-0.3808384657216831,0.7033231147569694,
burst_mu,18,grid_spline1min,2672,0.862349446421462,0.03079642227447597,0.618274689222835,True,649.5985777447847,0.32492232091252826,0.3,0.3,0.009782728409592933,0.9579944259680006,9.65535353124256,0.47123249683315704,-0.38371161889615274,0.7011922000159361,
burst_mu,19,grid_const,2718,0.8763179813533801,0.027074374731159093,0.5563155111303821,True,308.1428408897494,0.3450475028095756,0.3,0.3,0.01198623961930756,0.8251007424096185,9.883477724612822,0.4507750667430285,0.18760675547411723,0.8511849301776141,
burst_mu,19,grid_spline2min,2718,0.8723833280676597,0.027608832963216683,0.5741679225528509,True,336.21205010879186,0.3389875183295319,0.3,0.3,0.011072876394116915,0.8890810084655045,9.825387835407408,0.45594400077751096,0.16995088168373826,0.8650487653230259,
burst_mu,19,grid_spline1min,2718,0.8713459179853166,0.030003291584579764,0.5788699319611463,True,355.2775409220593,0.3396742071366955,0.3,0.3,0.01128434592449179,0.8753840058730197,9.758380150237981,0.461941153815036,0.1796775456153332,0.8574057225362097,
burst_mu,20,grid_const,2624,0.8701110914262624,0.0270372971726581,0.5704464752662494,True,272.6658181450289,0.30694035442562634,0.3,0.3,0.018473689304304486,0.3280297060478051,14.258774124455803,0.16151196906920698,-0.5809695429553354,0.561260980819792,
burst_mu,20,grid_spline2min,2624,0.8667927495095061,0.027747186748174626,0.5849245541502915,True,305.6270293467842,0.300686865849106,0.3,0.3,0.017891762108189546,0.36605174720070144,13.435364273404698,0.20033806295097414,-0.5695334167105138,0.5689941996416841,
burst_mu,20,grid_spline1min,2624,0.8633650317533571,0.03019141630186724,0.5998946089707101,True,326.2088162107314,0.2977594275938785,0.3,0.3,0.018495791424041563,0.32663996104236737,13.986513649438027,0.1736076514347965,-0.6094778292775679,0.5422077638627532,
burst_mu,21,grid_const,2553,0.8582096540442616,0.028721020530058605,0.6045285568798657,True,275.4507847465385,0.2487029863782246,0.3,0.3,0.010136700999308745,0.9532109041060217,9.906930138025768,0.44869628559457153,-0.602610368927582,0.5467679208246168,
burst_mu,21,grid_spline2min,2553,0.8577033713456413,0.02910765446015357,0.6066834636366415,True,306.2739667141234,0.2489525911022733,0.3,0.3,0.009605979480523996,0.9707665957889992,9.580835252777884,0.4780044109008188,-0.6150721312236778,0.5385070857499905,
burst_mu,21,grid_spline1min,2553,0.846502430018216,0.032545003674941904,0.6542634788856806,True,329.41323041604363,0.2270328216318657,0.3,0.3,0.010064356107962191,0.9559120686596511,9.698870251616079,0.4672977333358175,-0.5861971046223715,0.557743067181435,
burst_mu,22,grid_const,2694,0.8640223933321024,0.02695011992335039,0.6068396655513113,True,276.0088856758579,0.2384740972973573,0.3,0.3,0.015377152560761664,0.5419963506212533,10.008501118725246,0.4397477678843217,-0.5600114033644915,0.5754716595840172,
burst_mu,22,grid_spline2min,2694,0.8598224015975374,0.02766464558575408,0.6257593318045033,True,306.60708602283717,0.2299833070243103,0.3,0.3,0.015409387046009804,0.539280265344022,10.06036363623801,0.4352134404525508,-0.5518459560309007,0.5810538982526539,
burst_mu,22,grid_spline1min,2694,0.8562615787498724,0.030492065040902565,0.6417862762651652,True,336.1657100567418,0.22416474580450896,0.3,0.3,0.015469955302245153,0.5341903142278291,10.336743309220918,0.41146285418039696,-0.5023570745993823,0.6154163681276502,
burst_mu,23,grid_const,2616,0.8647958572561549,0.02734063455366929,0.5878533395556965,True,125.55866517707638,0.21290347834578163,0.3,0.3,0.013711010282304537,0.7037280227399388,16.42663832598014,0.08805342884568698,-0.09280196236798278,0.926060891996534,
burst_mu,23,grid_spline2min,2616,0.8600888539989865,0.02821799205675321,0.6084145759152821,True,141.8469050378998,0.20454220573517054,0.3,0.3,0.013324406024952218,0.7364874392882623,16.080662690841308,0.09734650328384353,-0.11315154710090188,0.9099104086876268,
burst_mu,23,grid_spline1min,2616,0.8496424339524813,0.0310976479685155,0.6540386170771313,True,154.95715660280595,0.18797846207871613,0.3,0.3,0.01444188125240825,0.6408376921282668,15.831103468495696,0.10457041004419791,-0.16639327249700384,0.8678474679258132,
burst_mu,24,grid_const,2614,0.8539330005914288,0.029036759432587753,0.6383523240612965,True,136.82258669285292,0.2266083520774164,0.3,0.3,0.010105048632796376,0.9498078479161475,8.892172658727883,0.5423665242926263,0.11857184122578093,0.905614575382478,
burst_mu,24,grid_spline2min,2614,0.8493150033084413,0.02972797241640985,0.6584678617208252,True,151.8397741593867,0.21933948368716397,0.3,0.3,0.009052408331976791,0.9816474418479587,9.116653796660584,0.5210697090264943,0.07223223168778109,0.9424170949816335,
burst_mu,24,grid_spline1min,2614,0.8423422888939268,0.032496311426153175,0.6888457924968551,True,164.49065151709183,0.20661368316000542,0.3,0.3,0.009864326885510533,0.9589119588175892,9.502854895464198,0.4851356335609267,0.07587439312056958,0.939519029448818,
burst_mu,25,grid_const,2625,0.8761452849622621,0.027034779230295722,0.5432270007328227,True,349.810375712102,0.30365357554238787,0.3,0.3,0.012480044535972179,0.8033338271849817,6.233555025980448,0.7952740522611081,-0.3774920168836496,0.705807995935586,
burst_mu,25,grid_spline2min,2625,0.8757523309330201,0.02765036208001945,0.544948530624876,True,382.9086732928705,0.30461360534425697,0.3,0.3,0.013145100890389894,0.7495815679821234,6.393577185440365,0.7811842096294246,-0.3970863721662958,0.6913037690201032,
burst_mu,25,grid_spline1min,2625,0.8667448772650942,0.031036459294367415,0.584295976976638,True,412.33268396487216,0.29047651757564824,0.3,0.3,0.012136241366766165,0.8295350358882854,6.8066672354863265,0.7435619972987606,-0.4017798713355605,0.6878460370908583,
burst_mu,26,grid_const,2625,0.8615271750725034,0.027738246270533996,0.6059432425510868,True,522.3757128183345,0.18001589026475703,0.3,0.3,0.011731369544843884,0.8585826423035835,17.01339858842524,0.07406802847425642,0.9153098062776065,0.36002901250139174,
burst_mu,26,grid_spline2min,2625,0.8604488801473834,0.02805884783291342,0.6106596214558898,True,569.1180775775597,0.17950846731605355,0.3,0.3,0.011234696597733462,0.8910265639794954,17.239441834735942,0.06923081974928154,0.9082165851170011,0.36376380325190616,
burst_mu,26,grid_spline1min,2625,0.8404032565486114,0.031983117379947315,0.6982422608080777,True,152.71066991515272,0.13387915261487424,0.3,0.3,0.011439779108380455,0.8780925425511633,17.08014466739265,0.07260928726956686,0.9275787469672078,0.35362612638234214,
burst_mu,27,grid_const,2558,0.8603886008653451,0.027417667785358497,0.5903995774329771,True,1100.0804602470737,0.19279068432943405,0.3,0.3,0.012708298934430096,0.7981774824153971,8.052293343721786,0.6237288882116763,0.2635381054250209,0.7921358573550152,
burst_mu,27,grid_spline2min,2558,0.8567781145512513,0.02788990575122129,0.605850400632951,True,1157.2466799578795,0.18375280694168744,0.3,0.3,0.012584367209313052,0.8077261721578409,8.175812278534423,0.6116684608574887,0.2997962245032255,0.7643325953553103,
burst_mu,27,grid_spline1min,2558,0.8391859695082028,0.0319701070476048,0.6811132855417834,True,243.32493406132411,0.14489748401545546,0.3,0.3,0.012094454077885564,0.8438860293252635,8.314271946311386,0.5981687304445126,0.3233078652356135,0.7464620980024328,
burst_mu,28,grid_const,2663,0.8653029139512626,0.027245978842216065,0.5995669554105995,True,92.27599405286098,0.18120695969907855,0.3,0.3,0.009698657327831928,0.9615474097143885,6.580338896113173,0.7643801378521724,0.07298243183889579,0.9418200975860977,
burst_mu,28,grid_spline2min,2663,0.8582230119265575,0.02813871446099039,0.6309610378831798,True,105.7274703780105,0.16885982731098953,0.3,0.3,0.00934622390122361,0.9724781872309719,6.652174579595308,0.7578229292843821,-0.006231177350232916,0.9950282719699994,
burst_mu,28,grid_spline1min,2663,0.8431123994368513,0.03109088599794081,0.6979696389133342,True,116.67593799792544,0.14510097994099544,0.3,0.3,0.008729268759691572,0.9862336793411525,6.504903832865736,0.7712113640476247,-0.038621630519455954,0.9691920564963867,
burst_mu,29,grid_const,2561,0.8672825714083918,0.027656365000774067,0.5724550035174262,True,134.93046384930216,0.2527174325770473,0.3,0.3,0.01212260662581044,0.8413795945635113,8.904802950027848,0.5411613918680891,-0.5087006824194369,0.6109620439974531,
burst_mu,29,grid_spline2min,2561,0.8681184760211742,0.02798205908715024,0.5689063455762058,True,149.2224158086886,0.2551668291349577,0.3,0.3,0.012090093636519916,0.8436951681486387,8.857149032162475,0.5457123072396628,-0.5243155528291942,0.6000590811607973,
burst_mu,29,grid_spline1min,2561,0.8625818221020282,0.030491381364935566,0.5924874569442864,True,160.7428703607798,0.25142387354306933,0.3,0.3,0.013019602124276664,0.7729872070432953,9.643048117156253,0.47234782574323597,-0.5310943263969007,0.5953534156523403,
slow_component_const_mu,0,grid_const,2077,0.8373419234553372,0.043044884599579114,0.5655079170377163,True,79.17043686155571,0.11245587341959637,0.9,0.7896361676485673,0.013770304478943896,0.8205094917376533,11.87390074168619,0.2935845313826691,-0.4353070192489931,0.6633395906075861,
slow_component_const_mu,0,grid_spline2min,2077,0.7886505101648569,0.0503419805749408,0.7336055168469358,True,93.92343104803247,0.06619252873093262,0.9,0.7896361676485673,0.014104554742037978,0.7975443918911096,10.774372620567739,0.3753646166489472,-0.5452183706620449,0.5856033382179049,
slow_component_const_mu,0,grid_spline1min,2077,0.7635519355659137,0.05599767045423651,0.8202494329640414,True,106.38718151445636,0.04071989759833212,0.9,0.7896361676485673,0.014771627594239112,0.7493979534765427,10.852220127447405,0.3691468195602965,-0.5206515062237141,0.6026095619544558,
slow_component_const_mu,1,grid_const,2390,0.8685273120675913,0.04414491504265787,0.5316274285757098,True,801.89447855209,0.2503290788123305,0.9,0.7896361676485673,0.01126000448604042,0.918913074510895,4.75519412598918,0.9069198897951124,0.455745231935723,0.6485731917455225,
slow_component_const_mu,1,grid_spline2min,2390,0.7612095790369064,0.05747815301195692,0.9554725072206619,True,939.6660198502011,0.17402934469090864,0.9,0.7896361676485673,0.010829674663114797,0.9390339933698103,6.5039537080537615,0.7712970357358834,0.4336846333944322,0.6645174668971694,
slow_component_const_mu,1,grid_spline1min,2390,0.7636925817673879,0.06253720178618476,0.9467348435706703,True,153.61693122272592,0.1579742091303751,0.9,0.7896361676485673,0.010654018193282544,0.9463224867494394,6.80344684460046,0.7438613444107501,0.4095834598476747,0.6821115322082475,
slow_component_const_mu,2,grid_const,2633,0.8769050281069488,0.03840380029610361,0.5374946003045933,True,104.64508446556175,0.20292433652884517,0.9,0.7896361676485673,0.01408211601005635,0.6679488378346106,4.0080697685006,0.94698220675613,0.23092960250147004,0.8173694927476729,
slow_component_const_mu,2,grid_spline2min,2633,0.7871283030231925,0.04873584480574417,0.9335006190263522,True,123.82068537683915,0.10974249483340603,0.9,0.7896361676485673,0.013978414942115325,0.6769116994788447,3.5345187108554175,0.965913295163583,0.0413277543051897,0.9670346072308347,
slow_component_const_mu,2,grid_spline1min,2633,0.6894645533624684,0.04423168376598072,1.3644576139126205,True,305.8040896900313,0.015557904192458121,0.9,0.7896361676485673,0.01416162833546264,0.661070050360661,4.7083186533980586,0.9097918852091843,-0.0388510748868308,0.9690091236758014,
slow_component_const_mu,3,grid_const,2063,0.857407557861448,0.04429024415697046,0.48730676506805004,True,94.86800973925803,0.2405227600634617,0.9,0.7896361676485673,0.010160710759964331,0.9820234093823291,12.36590105856644,0.2613141143948667,-0.11904153516081521,0.90524244942057,
slow_component_const_mu,3,grid_spline2min,2063,0.77672033979152,0.05778304790330383,0.7652978029953971,True,120.92097413102138,0.15210693140068726,0.9,0.7896361676485673,0.010669879148679284,0.9709763653449383,12.00923025567395,0.2844392285386071,-0.18692848586455293,0.8517167043499362,
slow_component_const_mu,3,grid_spline1min,2063,0.6112190599108976,0.03769619113631967,1.3354145634889787,True,57.96714484787522,4.433392064354509e-13,0.9,0.7896361676485673,0.01160741953236602,0.9407564539378466,11.510003508051051,0.3191868970524028,-0.17409202508588414,0.8617931405573518,
slow_component_const_mu,4,grid_const,2418,0.8511129301517686,0.044475862647608576,0.6196234595572553,True,150.81339155629374,0.18567096016989043,0.9,0.7896361676485673,0.01633633962787584,0.5333236094179341,8.598158789510054,0.5706160515326965,-0.5498936332714106,0.5823923313425076,
slow_component_const_mu,4,grid_spline2min,2418,0.7213528460690386,0.06100203731368567,1.1298167644003825,True,1046.0071811198559,0.06127516718293617,0.9,0.7896361676485673,0.017690830381320355,0.43065424031083277,7.257462540765312,0.7009358429701236,-0.8690581350906247,0.38481533375712595,
slow_component_const_mu,4,grid_spline1min,2418,0.716995982068123,0.058813529531697106,1.1487218884533343,True,178.75327068801968,0.06208733012595856,0.9,0.7896361676485673,0.018112950203344746,0.4010081512907503,7.464882670095573,0.6809481181832298,-0.8032923935145637,0.4218057533945797,
slow_component_const_mu,5,grid_const,2146,0.9085938532661915,0.03136504010864504,0.33516831542888337,True,79.15555171446213,0.21730410020663826,0.9,0.7896361676485673,0.012775813918403156,0.8703312897426281,12.463700647441849,0.2552202039690864,-0.11670023245166096,0.9070976060656402,
slow_component_const_mu,5,grid_spline2min,2146,0.8529840347940818,0.0438765190494884,0.5313018014523438,True,650.1895301400298,0.18010693648610002,0.9,0.7896361676485673,0.013341203919511269,0.8344829310559654,12.036492153246405,0.28262164215253266,-0.21239693075398897,0.8317973800611262,
slow_component_const_mu,5,grid_spline1min,2146,0.8560277402045439,0.05394282732671927,0.5216607716408398,True,126.4855368391369,0.1768324072441431,0.9,0.7896361676485673,0.012748108240807077,0.8719928527328373,12.041849732279806,0.2822654199890211,-0.24470717534109934,0.8066831718155624,
slow_component_const_mu,6,grid_const,1773,0.9205945046985746,0.04214029086423281,0.2183134650189578,True,601.1881415785293,0.34270155103063676,0.9,0.7896361676485673,0.018095672741296892,0.6005218359961857,11.343842321969015,0.3313643566806886,0.09779355107784965,0.9220962283326767,
slow_component_const_mu,6,grid_spline2min,1773,0.8496346859500723,0.04902845211964829,0.4314285082771426,True,695.0886188353568,0.26846504603626575,0.9,0.7896361676485673,0.016730256649582304,0.6972547613048573,12.110550572521799,0.2777259140949934,0.09468192075273044,0.9245674786054693,
slow_component_const_mu,6,grid_spline1min,1773,0.6343451084273058,0.05276836154820818,1.0775832511729437,True,255.1228554240389,0.05334493052193656,0.9,0.7896361676485673,0.015352757675530432,0.791449183568936,9.76063215916584,0.46173900536331924,-0.00781781006925735,0.9937623535854211,
slow_component_const_mu,7,grid_const,1594,0.905617698483378,0.0440301200742463,0.2675061165402001,True,74.41119205168235,0.3282253469794976,0.9,0.7896361676485673,0.015547101753499049,0.8298008510546002,9.197250720619753,0.5134918069359516,0.5342364965999947,0.593177921487281,
slow_component_const_mu,7,grid_spline2min,1594,0.8397864683274511,0.053088076466898344,0.4394594578078379,True,88.2363648969092,0.2626140334076859,0.9,0.7896361676485673,0.014961650368648716,0.8623548946978132,9.212381664159551,0.5120735181931206,0.3212416893959986,0.7480272414038925,
slow_component_const_mu,7,grid_spline1min,1594,0.5446277837720283,0.042149168236732544,1.2115941141367292,True,47.23591611130006,5.784000639083831e-13,0.9,0.7896361676485673,0.014227853125384105,0.8988741531921375,9.767372008403898,0.4611342575944197,0.4528805384539464,0.6506347654687249,
slow_component_const_mu,8,grid_const,1380,0.8072670394840482,0.05265678042522722,0.45364894136502,True,72.73372052400288,0.21622564310879663,0.9,0.7896361676485673,0.013944612078721108,0.9477742868752496,14.427667281830503,0.15436269480307754,0.32701525713666707,0.743656345562459,
slow_component_const_mu,8,grid_spline2min,1380,0.6129147017982053,0.039358310943091036,0.8929188385860594,True,45.28524744725471,6.530411635599933e-13,0.9,0.7896361676485673,0.015342713212373682,0.8963023417084018,13.883161913573726,0.1783879765089624,0.3875663574705336,0.6983369694578918,
slow_component_const_mu,8,grid_spline1min,1380,0.5854729432290653,0.04060110474273116,0.9557488364444057,True,46.921540376761946,6.530411635599933e-13,0.9,0.7896361676485673,0.012935409710092216,0.9727811627309237,12.533308732824391,0.2509473752565551,0.4842824675432806,0.6281854168979906,
slow_component_const_mu,9,grid_const,1755,0.7614833899962037,0.055637569129779456,0.6924485298165496,True,91.79136467488225,0.08334500352423567,0.9,0.7896361676485673,0.018960448035322486,0.546996702259336,7.233980095751939,0.7031865526220084,-0.6433072547766209,0.5200247497695035,
slow_component_const_mu,9,grid_spline2min,1755,0.6793858387011437,0.03464210339789502,0.9349922901186429,True,45.944802407170755,5.491014777635476e-13,0.9,0.7896361676485673,0.01999390407713908,0.47825030680683656,7.31367483526524,0.6955372745453055,-0.9020040922717787,0.36705469387347256,
slow_component_const_mu,9,grid_spline1min,1755,0.6541326752010509,0.035805025589249855,1.0090404342818031,True,46.967443768491115,5.491014777635476e-13,0.9,0.7896361676485673,0.02148073693249053,0.38744783815466244,8.026626947307193,0.6262359434154356,-0.9704944245547389,0.33180010268278726,
slow_component_const_mu,10,grid_const,1836,0.8263117701663083,0.04932971098465845,0.5339552694695665,True,89.28024493687575,0.11722308101489966,0.9,0.7896361676485673,0.018927362855338414,0.5201530420224985,8.803086491169159,0.5508879335333784,-0.16654261827297678,0.8677299469165838,
slow_component_const_mu,10,grid_spline2min,1836,0.7180772065982178,0.04462533643006662,0.8639940129451935,True,223.55044501906568,0.026111908825993842,0.9,0.7896361676485673,0.017816834344202448,0.5981740587293484,10.818661771341407,0.3718194527963531,-0.11871106193415844,0.9055042723682468,
slow_component_const_mu,10,grid_spline1min,1836,0.6974302017096549,0.03608531519513665,0.9270672123722435,True,49.919080294768484,5.299517217981393e-13,0.9,0.7896361676485673,0.017863682068682774,0.5948208865956347,10.602078314529594,0.38934770642816113,-0.00337294024640834,0.9973087881557444,
slow_component_const_mu,11,grid_const,2431,0.9266659827428312,0.03210572408312662,0.29710985946283186,True,130.02135798180456,0.31705964720602164,0.9,0.7896361676485673,0.013999585897654376,0.7218656108604129,12.70453760742885,0.24066377801760275,-0.3485163307066124,0.7274524515533278,
slow_component_const_mu,11,grid_spline2min,2431,0.7565889653757408,0.058171753722566215,0.9855328164254612,True,1039.2377783220768,0.13520842955030826,0.9,0.7896361676485673,0.015367456232944332,0.6086055599927576,10.832103002724963,0.3707475661817518,-0.6552795007656659,0.5122878165479128,
slow_component_const_mu,11,grid_spline1min,2431,0.5798309151306106,0.03965550630310742,1.7013757790754318,True,74.04751590701326,3.2146498211714077e-13,0.9,0.7896361676485673,0.012962874319052298,0.8035634694828169,11.347233763538759,0.3311127795152301,-0.556677304764369,0.5777479258038807,
slow_component_const_mu,12,grid_const,1819,0.7954570358906685,0.05515431073686978,0.6434168693307413,True,89.85966485257632,0.20196474868664843,0.9,0.7896361676485673,0.012978582204709044,0.9152162841481034,5.257555848234718,0.8733223000455739,-0.6721078431047744,0.5015150437993772,
slow_component_const_mu,12,grid_spline2min,1819,0.7297331145369486,0.06425783775416925,0.8367769254071237,True,109.26850238511301,0.13572171548096182,0.9,0.7896361676485673,0.01553746827222624,0.7659863834642471,5.01597450331909,0.8901083532294211,-0.7312119019150055,0.46464973147953637,
slow_component_const_mu,12,grid_spline1min,1819,0.6473891945578014,0.08554185698701587,1.0786067422417696,True,163.7367914878265,0.046643532909098236,0.9,0.7896361676485673,0.014864503226959758,0.8106079607803277,4.826033745338103,0.9024919117779504,-0.6388293022192809,0.5229339837508538,
slow_component_const_mu,13,grid_const,2007,0.9407731817543568,0.029307654284139707,0.20171672171228708,True,94.52649476543981,0.3973050792210722,0.9,0.7896361676485673,0.015713071394139716,0.6985185598651383,6.734944355370985,0.7502084325353098,-0.3091456239601637,0.7572107548992489,
slow_component_const_mu,13,grid_spline2min,2007,0.6319943424764035,0.07246889796250529,1.231742222377523,True,144.5586070417057,0.08476267039658308,0.9,0.7896361676485673,0.017446461406472158,0.5682650894445909,7.6572437854240665,0.6622767027355764,-0.18080790013198206,0.856518361908051,
slow_component_const_mu,13,grid_spline1min,2007,0.5377901644173856,0.04252320078799823,1.5460763900952765,True,64.98374131856889,3.422610654886389e-13,0.9,0.7896361676485673,0.017273311012196507,0.5811058420030477,8.080186518637142,0.6210045647971209,-0.312670673837591,0.754530878089601,
slow_component_const_mu,14,grid_const,1571,0.8580647497554177,0.047279416116572576,0.3527578256405617,True,75.3033909013388,0.25877254778293624,0.9,0.7896361676485673,0.01692559024918125,0.7523336025451082,14.989810187354834,0.13243380037882346,0.34326727780067096,0.7313973954310601,
slow_component_const_mu,14,grid_spline2min,1571,0.7291604601453844,0.06864958275205177,0.7008935336744885,True,716.6099856501911,0.15307233875492957,0.9,0.7896361676485673,0.015197239000341811,0.8555683661884848,14.345686945959228,0.15779959451430833,0.5054023418478927,0.6132762743647118,
slow_component_const_mu,14,grid_spline1min,1571,0.6027452833020667,0.03949589551943859,1.0393121985720977,True,46.93276770579991,5.734140749753058e-13,0.9,0.7896361676485673,0.015524541124253971,0.8375022023559877,15.470936103022115,0.11581231266455684,0.4500767672170654,0.6526550882288097,
slow_component_const_mu,15,grid_const,2247,0.7588245310628355,0.06239138051524532,0.890780996354738,True,880.2814823828096,0.18786209573857293,0.9,0.7896361676485673,0.01445463144807671,0.73001447989152,5.69241457902364,0.8404093854062344,0.24417025928969438,0.8070989597038214,
slow_component_const_mu,15,grid_spline2min,2247,0.6619938727953038,0.04853061913348027,1.2569946104725855,True,295.823983461934,0.09999425636180173,0.9,0.7896361676485673,0.013893182123039777,0.7731214099160084,5.374336624955067,0.8648115036893528,0.01850548348464699,0.9852356031273514,
slow_component_const_mu,15,grid_spline1min,2247,0.6138714975693654,0.05171657632900825,1.4388379104317963,True,298.23144910770066,0.03393521699277434,0.9,0.7896361676485673,0.015121914335468944,0.6772337414747673,4.4814963673146915,0.923023460973744,0.002687916165806646,0.9978553557730417,
slow_component_const_mu,16,grid_const,2353,0.9050519246092519,0.038326525871929085,0.3675344713709638,True,730.1249797934149,0.3265375420985555,0.9,0.7896361676485673,0.03340399177164158,0.010244484181578133,6.756528212981945,0.7482128642520829,-0.9883967545519547,0.3229583763481604,
slow_component_const_mu,16,grid_spline2min,2353,0.8729840056806993,0.04737486504364019,0.4936809753327634,True,883.5650093547833,0.2936682433698106,0.9,0.7896361676485673,0.03353172840182572,0.009839461345293251,8.240566624394978,0.6053515172151266,-0.8753150023231259,0.38140253341334407,
slow_component_const_mu,16,grid_spline1min,2353,0.7147975386839975,0.08357975765448449,1.1141884584852089,True,1248.1521177987574,0.17288264804602002,0.9,0.7896361676485673,0.035806693993965855,0.0046749532205222185,8.3559961901191,0.5941068751595153,-0.9789629293214974,0.3275982965618962,
slow_component_const_mu,17,grid_const,1805,0.8540622433673748,0.04516111720224444,0.43863074016535764,True,107.36299354623395,0.24484484520986213,0.9,0.7896361676485673,0.016243871502816476,0.7211961794067757,16.00560304857039,0.0994721191078014,0.34011141638368775,0.7337726246995295,
slow_component_const_mu,17,grid_spline2min,1805,0.8339587147610179,0.053198153057816264,0.498967560044193,True,126.13314760551239,0.2232157459550277,0.9,0.7896361676485673,0.016560248011758483,0.6988089310538097,17.164895539647283,0.07079396745853275,0.20715796608414075,0.8358864934117138,
slow_component_const_mu,17,grid_spline1min,1805,0.6001609543765927,0.039864635144417286,1.2009628083959807,True,70.15189157207102,4.974038270005239e-13,0.9,0.7896361676485673,0.016044344025522128,0.7351795996239945,18.495361747914608,0.0471607593202627,0.17969656685624655,0.8573907888239377,
slow_component_const_mu,18,grid_const,2274,0.8975538413285157,0.04241752095863961,0.4131503418024607,True,112.8976285141356,0.31720781434231804,0.9,0.7896361676485673,0.010172814892558057,0.9708044109711207,15.295110887739686,0.1216673328859626,0.15963521927435112,0.8731684337700243,
slow_component_const_mu,18,grid_spline2min,2274,0.8605419721034031,0.05279881873685997,0.5519075710347136,True,131.5935865811873,0.29847204869690774,0.9,0.7896361676485673,0.009438323016269179,0.9862773812111387,16.120213104205188,0.09624248505029796,0.14732643153273367,0.882874370761471,
slow_component_const_mu,18,grid_spline1min,2274,0.5593559965570392,0.03910388306137573,1.6738541454611777,True,65.78687240634395,4.228968079044997e-13,0.9,0.7896361676485673,0.010746104441199333,0.9528678418587178,17.064373506866396,0.07295163913794782,0.22355602893985868,0.8231027814946841,
slow_component_const_mu,19,grid_const,1766,0.7909349126401286,0.050347423636642054,0.6160110289027865,True,75.91606733611158,0.13159899903521882,0.9,0.7896361676485673,0.024352285485604086,0.24184183997168074,5.9076746249703165,0.8229594298700481,-0.5752614714064348,0.5651144745841505,
slow_component_const_mu,19,grid_spline2min,1766,0.7301428469552759,0.05904562948490516,0.7949061421748044,True,92.01806637825548,0.06604765658405376,0.9,0.7896361676485673,0.0232542590190129,0.2907156251630092,6.676564594280737,0.7555855644536287,-0.641909210158819,0.5209321337992545,
slow_component_const_mu,19,grid_spline1min,1766,0.6588337051491382,0.0354355631747672,1.0047256294944873,True,45.04300731646329,5.249828073586533e-13,0.9,0.7896361676485673,0.022022444624715753,0.35341994502696794,7.152743715553862,0.710950622565505,-0.6966886789298996,0.48599764524253075,
slow_component_const_mu,20,grid_const,2311,0.8445153226541146,0.04261803446421992,0.5994163483293098,True,225.34336977097212,0.161352243575242,0.9,0.7896361676485673,0.012486059104659164,0.8593964840424619,6.0744669069271815,0.8089685156838615,-0.4180193783684804,0.6759329490255188,
slow_component_const_mu,20,grid_spline2min,2311,0.7669945064679006,0.05223639851261963,0.8977231075233653,True,253.17990435427384,0.080232836293973,0.9,0.7896361676485673,0.011493031282783839,0.9167482391566609,6.363168079617524,0.7838846499688198,-0.28788555157411216,0.7734343471139526,
slow_component_const_mu,20,grid_spline1min,2311,0.6953847172642614,0.03435712515776986,1.1732702845908496,True,170.10595679665238,4.083080355911974e-13,0.9,0.7896361676485673,0.011442347204687509,0.9192761246170991,6.711385797933128,0.7523819594772828,-0.34231988707495753,0.73211017092496,
slow_component_const_mu,21,grid_const,2013,0.8476352825466675,0.04381644535710163,0.503969569219489,True,620.3657303231348,0.26097301424346464,0.9,0.7896361676485673,0.010637310936448596,0.9748637579001188,8.691848009370215,0.5615765983516667,-0.5422159024735551,0.5876697814837961,
slow_component_const_mu,21,grid_spline2min,2013,0.7384459731350554,0.04287465300938285,0.8766675278724249,True,248.7505733857593,0.20073796953145104,0.9,0.7896361676485673,0.011469590022938514,0.951057011226371,8.053905341746479,0.6235714365656287,-0.5772914554766891,0.5637425847951312,
slow_component_const_mu,21,grid_spline1min,2013,0.7210513560389774,0.06948757742066514,0.935143453107587,True,927.3041947180653,0.1795733709291053,0.9,0.7896361676485673,0.011090967035429972,0.9631322899552904,9.006769373428579,0.531461258073304,-0.4382796305647262,0.6611835899835701,
slow_component_const_mu,22,grid_const,3072,0.8953099010163448,0.037625403595537066,0.5664023538688674,True,193.73674706717293,0.22802340493404494,0.9,0.7896361676485673,0.0098588144182013,0.923418490659446,7.146446208418066,0.7115509916635272,0.08812020927234746,0.929781134184259,
slow_component_const_mu,22,grid_spline2min,3072,0.7163739850051708,0.045020369992726565,1.4589623151133249,True,402.4878176897405,0.06982503626203058,0.9,0.7896361676485673,0.008797064434827973,0.969671610905616,5.122555103155949,0.8828421897014205,-0.03841886451861601,0.9693537203739371,
slow_component_const_mu,22,grid_spline1min,3072,0.6656403071690404,0.03476824700203247,1.7170489386262922,True,138.06008786086284,3.142455286653291e-13,0.9,0.7896361676485673,0.008634220336617093,0.9745519937258084,6.194293721850676,0.7986838491344466,-0.11828377709676878,0.9058428111576987,
slow_component_const_mu,23,grid_const,1466,0.7933681055867972,0.0549539865299509,0.5049826082034281,True,91.52175991611408,0.17976087549937722,0.9,0.7896361676485673,0.014375540425317745,0.918029260310531,5.141273853142306,0.8815430623463761,-0.19661253036355594,0.8441307641990901,
slow_component_const_mu,23,grid_spline2min,1466,0.7459378067088285,0.05969028579214749,0.6206802688232094,True,103.05260735091541,0.12928785238623913,0.9,0.7896361676485673,0.014461781220225567,0.9145655092656657,5.376759154589914,0.8646323138342578,-0.2880217422446378,0.7733300956515641,
slow_component_const_mu,23,grid_spline1min,1466,0.6076647688824153,0.03853607922744631,0.9580608960177509,True,55.48459199892283,6.469733983840794e-13,0.9,0.7896361676485673,0.013946806599322958,0.9341045184435819,6.173041569347099,0.8005214839680812,-0.22720822116751027,0.8202618352930195,
slow_component_const_mu,24,grid_const,1597,0.8222078370951462,0.051568878708165754,0.4704042075550353,True,102.08817811263293,0.14771106071206092,0.9,0.7896361676485673,0.02077214446480663,0.48956337249489623,11.524260119168474,0.3181562285343801,-0.5323767144978586,0.5944651093763876,
slow_component_const_mu,24,grid_spline2min,1597,0.769707748352877,0.06291564920296062,0.6112460722099511,True,122.20116135872988,0.08498324539127332,0.9,0.7896361676485673,0.01961219557419136,0.5639788765242264,12.223384444832725,0.2703844146377471,-0.4304197527414427,0.6668903291924395,
slow_component_const_mu,24,grid_spline1min,1597,0.6689672309680518,0.03715989946351551,0.8808922711364926,True,69.5458943642804,6.028722326742258e-13,0.9,0.7896361676485673,0.017142246688473084,0.7291908049939055,12.47531948047661,0.25450326999653394,-0.3653647389235244,0.7148391588000539,
slow_component_const_mu,25,grid_const,2772,0.9190809605191744,0.03503252137120108,0.3753106072774462,True,109.32424348579426,0.24631476178196232,0.9,0.7896361676485673,0.014435710389449824,0.6050345456894926,3.9653084312679954,0.9488984077004411,0.17001203703010145,0.8650006702813777,
slow_component_const_mu,25,grid_spline2min,2772,0.7555934625333006,0.05831787547309938,1.1273460778171172,True,144.79734144012127,0.07843834055869314,0.9,0.7896361676485673,0.014502056682830833,0.5991888385432319,4.709787129442818,0.9097026200313099,0.43906738686322816,0.6606127093275921,
slow_component_const_mu,25,grid_spline1min,2772,0.6524655409484728,0.03547602084324839,1.6024723516240804,True,72.07702805133118,3.4653085627883614e-13,0.9,0.7896361676485673,0.01672578126747895,0.4155422180357349,4.706077117222043,0.9099280545444393,0.2537881160627983,0.7996592549439686,
slow_component_const_mu,26,grid_const,2652,0.944119627414727,0.024657648421055365,0.22512585832217535,True,737.5582562316415,0.2690615817593415,0.9,0.7896361676485673,0.013975483865403926,0.6728354661596618,6.236184570650165,0.7950449949794027,0.5339250397121741,0.5933933972509828,
slow_component_const_mu,26,grid_spline2min,2652,0.7288891662924847,0.06459367347523164,1.191094069529767,True,1007.9672809157651,0.06565754976195681,0.9,0.7896361676485673,0.012848568350651901,0.7686285133748467,7.470442062870688,0.6804100683316101,0.560276717499611,0.5752907056482042,
slow_component_const_mu,26,grid_spline1min,2652,0.6724762063491235,0.0360112776388381,1.4436420546662192,True,70.41975706441654,2.906654036345295e-13,0.9,0.7896361676485673,0.013594300770420509,0.7057702722611829,6.231672681216451,0.795437969234087,0.4785224714944756,0.6322783841857296,
slow_component_const_mu,27,grid_const,2064,0.9033608128185896,0.03829942618879156,0.331292738775486,True,85.62386019221299,0.3371107942830637,0.9,0.7896361676485673,0.01773251495271083,0.5291689524393476,4.811081478322847,0.9034352714372293,-0.4212740374462043,0.6735549862697819,
slow_component_const_mu,27,grid_spline2min,2064,0.6349269103876559,0.07466347332250624,1.2569292427656382,True,877.4959309484467,0.06520732940142919,0.9,0.7896361676485673,0.015133846113597915,0.7258684351689022,3.5649288156541146,0.9648476233713303,-0.5244005682349894,0.5999999613873808,
slow_component_const_mu,27,grid_spline1min,2064,0.5754737054754193,0.03747363368384239,1.4616098635712682,True,53.11138542147207,4.266710554944166e-13,0.9,0.7896361676485673,0.016341991697517988,0.6337858917003429,4.812854178368527,0.9033236726808063,-0.45182774072507065,0.6513930835122784,
slow_component_const_mu,28,grid_const,2354,0.8537434595944802,0.05095926088998489,0.567661360869639,True,858.7852243458394,0.27697645566278056,0.9,0.7896361676485673,0.016013077379428697,0.5764514901029854,6.299619214195573,0.7894937496843026,0.4919559003614643,0.6227505192456128,
slow_component_const_mu,28,grid_spline2min,2354,0.7984896485574946,0.05917057275213155,0.7857743446634177,True,1001.5001389476935,0.2484455541931423,0.9,0.7896361676485673,0.015186546808188983,0.6436403680634877,6.466261419283962,0.7746880898144668,0.48860240282096057,0.6251232115678066,
slow_component_const_mu,28,grid_spline1min,2354,0.7558679120754869,0.07076395511239125,0.9540197313217665,True,1151.5393757849095,0.20310506070853815,0.9,0.7896361676485673,0.016821722975737474,0.5126593849081273,7.331704255303921,0.6938026688512419,0.4833077470022104,0.6288772401933573,
slow_component_const_mu,29,grid_const,2231,0.9074162005812609,0.035930303836170595,0.3750946773530235,True,94.70489864544645,0.18886305572934073,0.9,0.7896361676485673,0.017169534183283708,0.5207757955217447,7.424108699250339,0.6848909576073354,-0.7194618738268197,0.4718563853784078,
slow_component_const_mu,29,grid_spline2min,2231,0.7892890619301869,0.051436259475917956,0.7989310118062274,True,115.44689949397579,0.07266703258351907,0.9,0.7896361676485673,0.016597471619458015,0.5646810651652192,7.752536819607136,0.6529943281071158,-0.6752681081430713,0.4995054420399653,
slow_component_const_mu,29,grid_spline1min,2231,0.6839494768156268,0.03495243895569633,1.1803132629760202,True,63.942812175883866,3.472009571890832e-13,0.9,0.7896361676485673,0.014955861586098018,0.6946820779627662,6.737231580548931,0.7499971538047493,-0.6814510346274663,0.4955861398155217,
sweeps_unmerged,0,grid_const,2890,0.7363838018960671,0.02578091326858883,1.269850237588487,True,40.19841165105544,3.7042229194272604e-13,0.6,0.6,0.3285559511663121,2.204171053667378e-278,40.74898024386577,1.2499109900094947e-05,6.173112832910276,6.695839005731228e-10,1.4791666666666667
sweeps_unmerged,0,grid_spline2min,2890,0.7263094305604727,0.026059920246693773,1.318356321575525,True,46.098738908139744,3.7042229194272604e-13,0.6,0.6,0.3285559507952706,2.2041743235957458e-278,41.51644940719808,9.139445285275539e-06,6.1445748087109395,8.017799610931749e-10,1.4791666666666667
sweeps_unmerged,0,grid_spline1min,2890,0.7232872202096068,0.026254861209574203,1.332906724274187,True,46.37868679212391,3.7042229194272604e-13,0.6,0.6,0.3285559507937077,2.204174337369476e-278,41.953222878273706,7.643756774530021e-06,6.1413819718704525,8.180659986604877e-10,1.4791666666666667
sweeps_unmerged,1,grid_const,3315,0.7453453839257839,0.024473971715773753,1.4078810652579539,True,43.261503046242424,3.1912509222492237e-13,0.6,0.6,0.3461317986817241,0.0,40.833194541797525,1.2077768547630816e-05,8.246701675488694,1.6282623079216597e-16,1.5204731574158326
sweeps_unmerged,1,grid_spline2min,3315,0.735847758203471,0.0245942999872872,1.460333032196987,True,49.02902865355919,3.1912509222492237e-13,0.6,0.6,0.34613180049312436,0.0,43.27019901969321,4.44919224248182e-06,8.1394950823649,3.9692972220278973e-16,1.5204731574158326
sweeps_unmerged,1,grid_spline1min,3315,0.7293583452427307,0.0249690976717157,1.4961717714871987,True,50.122694585723444,3.1912509222492237e-13,0.6,0.6,0.3461317996842687,0.0,41.94474131623124,7.670357581909372e-06,8.150604199352692,3.6211047505227036e-16,1.5204731574158326
sweeps_unmerged,2,grid_const,2674,0.7022414047787021,0.025922072829619173,1.3213946464562856,True,39.88959903578891,3.7312238932337294e-13,0.6,0.6,0.31360583413549403,3.3774914534160394e-234,19.07809728390072,0.03928186788334291,5.608384239244605,2.0422422548414276e-08,1.465282505105514
sweeps_unmerged,2,grid_spline2min,2674,0.6944978648097055,0.026377499570905974,1.3560629918173135,True,45.64579037334871,3.7312238932337294e-13,0.6,0.6,0.31360583389579444,3.377494298354932e-234,17.580434435811014,0.062467210759201156,5.608033332920966,2.0463862099749326e-08,1.465282505105514
sweeps_unmerged,2,grid_spline1min,2674,0.6860258708636375,0.02677399460969824,1.394028450053634,True,46.65532331243146,3.7312238932337294e-13,0.6,0.6,0.31360583377524837,3.3774957290892173e-234,18.156122293756738,0.052386496363541465,5.457743978582009,4.822222905183496e-08,1.465282505105514
sweeps_unmerged,3,grid_const,3257,0.7486107820019432,0.048319982301216605,1.3636647371658122,True,128.063088099686,0.028531101020451387,0.6,0.6,0.32774567866615717,4.351277966875e-312,40.56829807272416,1.3452669789598766e-05,6.778781395771937,1.2119373960810257e-11,1.4886540254895866
sweeps_unmerged,3,grid_spline2min,3257,0.7201075554495483,0.025663143426993787,1.5186026498262732,True,51.147880086174425,3.24243067803989e-13,0.6,0.6,0.32774567842745383,4.351282634234e-312,39.275882180386326,2.2713852986535833e-05,6.842671977034301,7.772950197639641e-12,1.4886540254895866
sweeps_unmerged,3,grid_spline1min,3257,0.7145565204988061,0.025644063247159087,1.5487494068984977,True,51.01875255449223,3.24243067803989e-13,0.6,0.6,0.32774567777227,4.35129544503e-312,38.50541972740931,3.098256716459863e-05,6.737549324515191,1.6108026865676985e-11,1.4886540254895866
sweeps_unmerged,4,grid_const,2801,0.7020098276084275,0.05334260678781051,1.3921514982508527,True,127.25142824153365,0.008557436846432504,0.6,0.6,0.3211537159236247,1.5963410528536919e-257,17.528117151790592,0.0634648099968749,5.393370933712414,6.914799933450771e-08,1.4612926136363635
sweeps_unmerged,4,grid_spline2min,2801,0.6727165888620467,0.0277726848714013,1.5286038370370114,True,47.911374545095505,3.810465940894485e-13,0.6,0.6,0.3211537149004364,1.5963472247210723e-257,17.80773958874767,0.058294707067131316,5.5278244721523375,3.242261977368829e-08,1.4612926136363635
sweeps_unmerged,4,grid_spline1min,2801,0.6600340377287026,0.028049351531347702,1.5877458522092889,True,48.47845641493402,3.810465940894485e-13,0.6,0.6,0.32115371531055287,1.5963447508975237e-257,17.638096539774065,0.06138404601288183,5.533773018113533,3.134145142006603e-08,1.4612926136363635
sweeps_unmerged,5,grid_const,2825,0.6938437741046029,0.02568267103462521,1.4407358141314246,True,38.7230436619098,3.6702143377240893e-13,0.6,0.6,0.3322234612160986,2.1353364751559638e-278,40.2226690063037,1.5481074881627893e-05,5.610274398964442,2.0200605563942085e-08,1.488059199461823
sweeps_unmerged,5,grid_spline2min,2825,0.6802273425370615,0.02613523796020213,1.5048931926687692,True,44.93377175294657,3.6702143377240893e-13,0.6,0.6,0.33222346230912986,2.135327239975105e-278,39.56977096695767,2.0169959045614004e-05,5.481202080532836,4.22445617923275e-08,1.488059199461823
sweeps_unmerged,5,grid_spline1min,2825,0.6766800828823689,0.026192326958389855,1.5216057807597918,True,45.02737290461396,3.6702143377240893e-13,0.6,0.6,0.3322234627753959,2.1353233004375197e-278,37.75351473445701,4.1889525472395304e-05,5.459172006221375,4.7836015939119094e-08,1.488059199461823
sweeps_unmerged,6,grid_const,2749,0.6756860249270645,0.027577778397699867,1.4847725091476807,True,61.30601943654493,3.8336821523662193e-13,0.6,0.6,0.3145031072761459,3.663130893603279e-242,23.386587053737458,0.009406142491780047,6.415119548912668,1.407123960397419e-10,1.477832512315271
sweeps_unmerged,6,grid_spline2min,2749,0.6650525235484855,0.027824688227689635,1.5335735872936562,True,68.67161687278042,3.8336821523662193e-13,0.6,0.6,0.3145031071837898,3.6631321196428486e-242,23.15359327538408,0.010193619678108314,6.276061845011121,3.472561024057672e-10,1.477832512315271
sweeps_unmerged,6,grid_spline1min,2749,0.6585302375112533,0.027847226965695235,1.563506525846738,True,68.47096797309663,3.8336821523662193e-13,0.6,0.6,0.314503107192656,3.66313200194292e-242,22.475901798512922,0.01285548261628498,5.9759297701074185,2.2878155105411388e-09,1.477832512315271
sweeps_unmerged,7,grid_const,2587,0.6636040199769565,0.027667907156943904,1.451092630161654,True,37.36194251968153,4.0940689258810234e-13,0.6,0.6,0.33072034290139374,1.261686303768036e-252,33.54544901610687,0.0002204552964071867,5.883752243619463,4.0106808079536306e-09,1.4911764705882353
sweeps_unmerged,7,grid_spline2min,2587,0.658701442836962,0.027838323028079773,1.4722311941413968,True,42.321572804757665,2e-12,0.6,0.6,0.3307203429367445,1.2616861429664432e-252,34.02115249023041,0.00018318055588001917,5.827032554125053,5.642160957901759e-09,1.4911764705882353
sweeps_unmerged,7,grid_spline1min,2587,0.6535130299063562,0.02787674848942069,1.4946018673164294,True,42.53622078198782,4.0940689258810234e-13,0.6,0.6,0.3307203428023888,1.261686754116038e-252,34.94423467456392,0.0001276309212774482,5.6707453933529965,1.4217756028509037e-08,1.4911764705882353
sweeps_unmerged,8,grid_const,2877,0.6687354661225916,0.027684479622121498,1.5877944166132367,True,45.007511265388494,3.7585983358451995e-13,0.6,0.6,0.32621837981421575,4.1499451547550026e-273,30.333870341166243,0.0007552645420551899,5.920295657035098,3.213633639591748e-09,1.5073959408324733
sweeps_unmerged,8,grid_spline2min,2877,0.6613846996018344,0.027834314425963576,1.6230663717419442,True,50.61429214941571,3.7585983358451995e-13,0.6,0.6,0.32621837978784474,4.14994558691431e-273,30.92004118439148,0.0006048323140703776,5.8861270773521035,3.953503768385751e-09,1.5073959408324733
sweeps_unmerged,8,grid_spline1min,2877,0.6474595409677166,0.028124524245910377,1.689881370452747,True,51.16071891090147,3.7585983358451995e-13,0.6,0.6,0.3262183793990992,4.14995195755057e-273,30.243663954005566,0.0007814403158632297,5.920773003397266,3.2043188957464504e-09,1.5073959408324733
sweeps_unmerged,9,grid_const,3050,0.7172255046144407,0.05806351276362086,1.4354895622693182,True,164.0854804651083,0.026856413286959313,0.6,0.6,0.33196510764121756,4.735483446565789e-300,43.21124955188795,4.558612275048603e-06,8.073189607969217,6.848513040175691e-16,1.4927868852459016
sweeps_unmerged,9,grid_spline2min,3050,0.6944181756017328,0.06268517227919196,1.5517935916980794,True,191.59537957606975,0.002404805592774827,0.6,0.6,0.33196510814863134,4.735473190615339e-300,42.611459338469814,5.834778733621138e-06,8.146468708371733,3.7470565924358344e-16,1.4927868852459016
sweeps_unmerged,9,grid_spline1min,3050,0.674332943752361,0.027698730111463548,1.6540632028089721,True,54.0158805891571,3.551335357065664e-13,0.6,0.6,0.33196510929986045,4.7354499218208255e-300,40.983742361370545,1.1359196291654164e-05,8.003269360780171,1.2115850552192502e-15,1.4927868852459016
sweeps_unmerged,10,grid_const,3053,0.7379254781975998,0.043773403795816755,1.3356097479613982,True,106.05946891615336,1.3407828635672256e-05,0.6,0.6,0.3375318442565029,9.018642949046e-311,32.15606994266483,0.0003771464209325786,7.253027672528869,4.0755677366225764e-13,1.4920486435921423
sweeps_unmerged,10,grid_spline2min,3053,0.7346248975714473,0.025018974274299974,1.3523902472246496,True,44.910335986970125,3.314206595073661e-13,0.6,0.6,0.33753184435471173,9.0186390941176e-311,31.22220699313998,0.0005391385791486033,7.266970491496325,3.6763907379422594e-13,1.4920486435921423
sweeps_unmerged,10,grid_spline1min,3053,0.7143260607688592,0.02573867798238987,1.4555976320551924,True,46.629954975401326,3.314206595073661e-13,0.6,0.6,0.3375318426701572,9.018705217089e-311,32.004270169566624,0.0003997820852956942,7.371393350500035,1.6885381726529096e-13,1.4920486435921423
sweeps_unmerged,11,grid_const,3258,0.7583917404997159,0.024207609001349446,1.3080300237413276,True,41.69403677186834,3.118922087860431e-13,0.6,0.6,0.31353277205502167,4.214218531603645e-285,23.142209302406698,0.0102336580544869,5.527356205524595,3.2509248359336565e-08,1.4613225202744853
sweeps_unmerged,11,grid_spline2min,3258,0.7557812695773408,0.024344304091203646,1.3222481046046863,True,47.46447134272019,3.118922087860431e-13,0.6,0.6,0.3135327730050675,4.214201394349286e-285,22.275270951545263,0.01376206376160698,5.502563731816475,3.74307850305404e-08,1.4613225202744853
sweeps_unmerged,11,grid_spline1min,3258,0.7438622174735788,0.02501208564306501,1.3871540321421423,True,48.894492418111085,3.118922087860431e-13,0.6,0.6,0.3135327732305868,4.21419732636418e-285,21.48340337209124,0.017963870934578543,5.5566223275355515,2.7504498497290644e-08,1.4613225202744853
sweeps_unmerged,12,grid_const,2869,0.6687147404123663,0.027978977067135563,1.5802546608490233,True,162.53795603813865,3.7728512102410844e-13,0.6,0.6,0.33200593942248796,2.4025503706176195e-282,24.299731822804677,0.006843341031276023,6.287996082678201,3.2159002522979127e-10,1.471981320880587
sweeps_unmerged,12,grid_spline2min,2869,0.6568660145202339,0.028226598822684017,1.6371632369274811,True,178.3504235810423,3.7728512102410844e-13,0.6,0.6,0.33200593848023696,2.4025594610054926e-282,24.675848125828026,0.005994988671008212,6.357423428804632,2.0516588222768331e-10,1.471981320880587
sweeps_unmerged,12,grid_spline1min,2869,0.6498857037776787,0.02815897635438575,1.6706818523657234,True,61.356030491311195,3.7728512102410844e-13,0.6,0.6,0.33200593898174025,2.402554622736904e-282,25.53534877074783,0.00441802730462799,6.458854989562253,1.0549814169904894e-10,1.471981320880587
sweeps_unmerged,13,grid_const,2844,0.7166118838223358,0.02602886454148699,1.3486063181158625,True,39.77858361647856,3.7038043858985815e-13,0.6,0.6,0.3271919429299494,1.2351045158292475e-271,31.946733424051445,0.00040870423980432204,7.081226383525184,1.4288425993786558e-12,1.4841269841269842
sweeps_unmerged,13,grid_spline2min,2844,0.7074322107673277,0.026259618416126885,1.3919405173718573,True,45.90949452922489,3.7038043858985815e-13,0.6,0.6,0.3271919440097974,1.2350992922956743e-271,32.41265418886688,0.00034170253045687346,6.860071278745436,6.882619759781378e-12,1.4841269841269842
sweeps_unmerged,13,grid_spline1min,2844,0.6990466047938299,0.026546722703701457,1.4315161095749012,True,46.53211748582981,3.7038043858985815e-13,0.6,0.6,0.32719194187920053,1.2351095986232827e-271,32.40195135578974,0.0003431136148257262,6.638265671881774,3.1739541921452796e-11,1.4841269841269842
sweeps_unmerged,14,grid_const,2800,0.712855381326577,0.02582977375246291,1.34001997959807,True,38.6143309910736,3.7610174818166883e-13,0.6,0.6,0.3501825891078364,1.8828721944959074e-307,37.781807604037155,4.1417837359875876e-05,7.546700197892278,4.4642462937758336e-14,1.5373689550219818
sweeps_unmerged,14,grid_spline2min,2800,0.7065796685148364,0.025959131533447723,1.3693105360133144,True,43.70581905622574,3.7610174818166883e-13,0.6,0.6,0.35018258903713556,1.88287274826446e-307,37.70624068159675,4.2689489622065145e-05,7.5897765841709885,3.204575435008801e-14,1.5373689550219818
sweeps_unmerged,14,grid_spline1min,2800,0.6960311800690098,0.02610515762637735,1.4185431497079455,True,43.9379917651161,3.7610174818166883e-13,0.6,0.6,0.3501825892856116,1.882870802061736e-307,36.72558146909359,6.312410436747557e-05,7.60095715964545,2.939484165145312e-14,1.5373689550219818
sweeps_unmerged,15,grid_const,3212,0.7107261459942068,0.025069043649640927,1.548007756560047,True,39.69840230089641,3.322999936821701e-13,0.6,0.6,0.31584483748813796,2.446631153732988e-285,29.994782147664203,0.0008583262649229506,6.451073621570022,1.1106052764870448e-10,1.4525455688246387
sweeps_unmerged,15,grid_spline2min,3212,0.7017602866785246,0.02533997374891774,1.5960354965281887,True,45.35652593117486,3.322999936821701e-13,0.6,0.6,0.3158448392297731,2.4466130262602234e-285,28.72733623964572,0.0013791440118345526,6.405504217875921,1.4987324184311162e-10,1.4525455688246387
sweeps_unmerged,15,grid_spline1min,3212,0.6944518252744519,0.025635467141827663,1.6351880580001703,True,45.875822255208625,3.322999936821701e-13,0.6,0.6,0.3158448398685924,2.446606377266186e-285,27.457833164648807,0.002203255967791045,6.356269708833361,2.0671195651401176e-10,1.4525455688246387
sweeps_unmerged,16,grid_const,2925,0.7727749142167133,0.04751284520326261,1.104211069100634,True,114.78849781239266,0.07851564564955736,0.6,0.6,0.3164233017962853,7.334109613018181e-261,27.55285509097285,0.002127843868497749,6.10301800427322,1.040841123607152e-09,1.4577557755775579
sweeps_unmerged,16,grid_spline2min,2925,0.751300680966917,0.049537080202027975,1.20926882338584,True,127.66748331072304,0.054250020073028975,0.6,0.6,0.31642330185311973,7.334107994934812e-261,28.132071974989376,0.0017193968887712395,5.969994012741136,2.3726229392866997e-09,1.4577557755775579
sweeps_unmerged,16,grid_spline1min,2925,0.6992180892571042,0.026769963353175146,1.4640344593905503,True,49.48341209833251,3.5601509198584926e-13,0.6,0.6,0.31642330211592223,7.334100512918991e-261,28.730212542007664,0.0013776704524695212,5.797662348632496,6.724567099563706e-09,1.4577557755775579
sweeps_unmerged,17,grid_const,3332,0.6887161001677107,0.025440291296301078,1.7267173893506929,True,46.64890057622902,3.232782873925665e-13,0.6,0.6,0.3272675448251447,2.614724e-318,28.64627691816776,0.001421306336095409,6.477344716724525,9.335076135358112e-11,1.4832384566729917
sweeps_unmerged,17,grid_spline2min,3332,0.6810539150305036,0.025831442368348688,1.7693242165549472,True,53.32487484365653,3.232782873925665e-13,0.6,0.6,0.3272675447373928,2.614724e-318,28.907385941966748,0.001289790572929904,6.424402930496273,1.3238810752390515e-10,1.4832384566729917
sweeps_unmerged,17,grid_spline1min,3332,0.6728334565711902,0.026333178375619437,1.8150347568705874,True,54.41756237100114,3.232782873925665e-13,0.6,0.6,0.32726754481468723,2.614724e-318,27.723973158553804,0.001998291350838749,6.4649858989182585,1.0130825587019676e-10,1.4832384566729917
sweeps_unmerged,18,grid_const,3161,0.7533741085993975,0.035151806851864205,1.2992074480787046,True,247.07527777901367,0.08584730433337831,0.6,0.6,0.3437071808240104,0.0,48.81786247692334,4.3985218416571474e-07,8.443667546001114,3.0753304546047524e-17,1.5213554535827745
sweeps_unmerged,18,grid_spline2min,3161,0.7343678297196726,0.03705118255539161,1.3991192307654419,True,281.2035242528265,0.054862463591855815,0.6,0.6,0.3437071810190636,0.0,49.81563301853951,2.8857335675899197e-07,8.482165125484144,2.2104156129465762e-17,1.5213554535827745
sweeps_unmerged,18,grid_spline1min,3161,0.7066640400739518,0.0400053478840376,1.5447240796040285,True,306.2125924612169,0.007049003527311422,0.6,0.6,0.3437071806182725,0.0,50.74773991691474,1.9439197621122453e-07,8.594607286944568,8.355003591646601e-18,1.5213554535827745
sweeps_unmerged,19,grid_const,3284,0.727059918317435,0.04750091463537404,1.4944649398996959,True,121.7285790344253,0.029440822955203765,0.6,0.6,0.3256598361309978,1.3980216712029e-310,35.40651298833991,0.00010640697376598757,7.307594568260008,2.719669135458929e-13,1.4753793744193249
sweeps_unmerged,19,grid_spline2min,3284,0.696039248290899,0.025042863944465643,1.6640080715899865,True,46.405107370261064,3.20391926873707e-13,0.6,0.6,0.3256598361723731,1.39802141096983e-310,35.8285898437924,9.007992069134906e-05,7.13789370063709,9.477187314679694e-13,1.4753793744193249
sweeps_unmerged,19,grid_spline1min,3284,0.6909497387920818,0.02518237541339016,1.691834651342526,True,46.727617461262746,3.20391926873707e-13,0.6,0.6,0.32565983610008,1.3980218656633e-310,36.867695378457945,5.965454507887742e-05,7.152461276996336,8.523558047128745e-13,1.4753793744193249
sweeps_unmerged,20,grid_const,3264,0.7194857263530382,0.02564602670870337,1.5249425423801484,True,44.59563685646798,3.228874076792172e-13,0.6,0.6,0.3230620000367096,1.1391135939684238e-303,30.497895371729008,0.0007098401032392739,7.760026302217957,8.491177377779595e-15,1.4926600117439812
sweeps_unmerged,20,grid_spline2min,3264,0.7077026153256422,0.025964756966668286,1.5891010962912595,True,51.1936436036286,3.228874076792172e-13,0.6,0.6,0.3230620004004489,1.1391117575819668e-303,28.085943246216473,0.0017489228198626352,7.682908739756415,1.5551637890376508e-14,1.4926600117439812
sweeps_unmerged,20,grid_spline1min,3264,0.6988778049406816,0.026173958506679352,1.637150563986146,True,51.90441286972019,3.228874076792172e-13,0.6,0.6,0.3230620006250579,1.1391106236149736e-303,28.197678868917617,0.001678234156488962,7.622402356937668,2.489974618438185e-14,1.4926600117439812
sweeps_unmerged,21,grid_const,2996,0.6992921939444132,0.026491308678712456,1.5006304234117094,True,43.98804802138312,3.6327369679919033e-13,0.6,0.6,0.32226909933761433,2.229147664954845e-277,23.356355324650714,0.009504951639618469,6.494322493932243,8.340790709887314e-11,1.4960629921259843
sweeps_unmerged,21,grid_spline2min,2996,0.6936994165170774,0.026476193455938733,1.5285800106885605,True,49.74796296159084,3.6327369679919033e-13,0.6,0.6,0.32226909968975953,2.2291444801462825e-277,24.317872272364227,0.0067999147752797065,6.4335691314705565,1.2464186498441667e-10,1.4960629921259843
sweeps_unmerged,21,grid_spline1min,2996,0.6929954616538067,0.02648679423212769,1.532097131441968,True,49.804992800479845,3.6327369679919033e-13,0.6,0.6,0.3222690997324989,2.2291440936108764e-277,24.548464620554018,0.00627036099532347,6.401878060776744,1.534772252526812e-10,1.4960629921259843
sweeps_unmerged,22,grid_const,3017,0.7207558756732948,0.0258032368240153,1.4029051441537825,True,234.2545050073316,3.435473956454452e-13,0.6,0.6,0.31638178035181685,5.6025990941790785e-269,25.477668176138987,0.004509989925535103,6.184408326682518,6.233582510367478e-10,1.4713826366559486
sweeps_unmerged,22,grid_spline2min,3017,0.713055791922592,0.02558036772447699,1.4416848494116337,True,61.940952778392244,3.435473956454452e-13,0.6,0.6,0.31638177967253156,5.60261433013512e-269,25.96223090107878,0.0037913166337645563,6.076075321859938,1.2315957685934562e-09,1.4713826366559486
sweeps_unmerged,22,grid_spline1min,3017,0.6994510126288581,0.02598583591220806,1.5101858523062195,True,62.794605733067876,3.435473956454452e-13,0.6,0.6,0.31638177955931734,5.602616869465152e-269,23.807477459721234,0.008128133470143236,5.989546250492004,2.1042728617491157e-09,1.4713826366559486
sweeps_unmerged,23,grid_const,2824,0.6974983668490713,0.02652753712203166,1.422841637108289,True,45.81880956246408,3.7347991493172015e-13,0.6,0.6,0.32844782746797585,7.460341758265963e-272,26.161884990959052,0.003528453185801245,5.808847749186262,6.29042597507045e-09,1.4814305364511693
sweeps_unmerged,23,grid_spline2min,2824,0.6861432119665338,0.02682700925491716,1.476287202348202,True,51.71066870683615,3.7347991493172015e-13,0.6,0.6,0.3284478275784613,7.46033853910157e-272,25.746330890761264,0.004096760241716785,5.736553932172938,9.662229162159894e-09,1.4814305364511693
sweeps_unmerged,23,grid_spline1min,2824,0.6853789834090231,0.026843068590654082,1.4798834354462471,True,51.92410019462903,3.7347991493172015e-13,0.6,0.6,0.3284478276084697,7.46033766476099e-272,26.277307935455347,0.003384590020853079,5.6931754942959385,1.2469809780612429e-08,1.4814305364511693
sweeps_unmerged,24,grid_const,2910,0.7193528573403419,0.025815988868746552,1.3616271771655521,True,45.846360619670456,3.590304192574822e-13,0.6,0.6,0.332823790250197,8.022355463906172e-288,37.8722064318921,3.994551853899162e-05,5.91127157247801,3.3947679877406354e-09,1.5020477815699658
sweeps_unmerged,24,grid_spline2min,2910,0.71546082429532,0.02611186797002528,1.3805020646623776,True,52.00650515623993,3.590304192574822e-13,0.6,0.6,0.33282379035795423,8.022351933364796e-288,38.14693817783153,3.578013647201841e-05,5.981778829523132,2.2071383506855906e-09,1.5020477815699658
sweeps_unmerged,24,grid_spline1min,2910,0.7094482825417043,0.026309027882103084,1.4096623149186713,True,52.434875126774166,3.590304192574822e-13,0.6,0.6,0.3328237904025121,8.022350473478613e-288,37.87290223916099,3.99343882753819e-05,5.906738458349969,3.4894706901612323e-09,1.5020477815699658
sweeps_unmerged,25,grid_const,3049,0.746425684598253,0.03424907300859071,1.292909986833242,True,227.8010496140387,0.027054889731394104,0.6,0.6,0.3294518381799816,2.5778060089166764e-295,31.38682921417819,0.0005063342219061803,7.195787232633433,6.210140503578909e-13,1.4993690851735015
sweeps_unmerged,25,grid_spline2min,3049,0.7446353703942147,0.0346336672793876,1.3019698062865237,True,251.58753684914356,0.02564199507565461,0.6,0.6,0.3294518386719373,2.5778006433480157e-295,29.942126355198763,0.000875512536315606,7.062375228640103,1.6368026914266274e-12,1.4993690851735015
sweeps_unmerged,25,grid_spline1min,3049,0.7175110371300892,0.02635268885885355,1.4390950758826226,True,56.20754314623306,3.4281258461458815e-13,0.6,0.6,0.32945183770871345,2.57781114886461e-295,30.98045254084154,0.0005911025863073406,6.673022351887116,2.505882075766244e-11,1.4993690851735015
sweeps_unmerged,26,grid_const,3044,0.7136076089629079,0.026203662895516094,1.454105614116972,True,42.22976256864512,3.487165591635275e-13,0.6,0.6,0.3395052539002253,1.37557754556e-313,36.753948415151235,6.241606003567361e-05,8.197224051612336,2.460016804346726e-16,1.4929054054054054
sweeps_unmerged,26,grid_spline2min,3044,0.701146741856327,0.026433399456761562,1.517269694102392,True,48.24464749473067,3.487165591635275e-13,0.6,0.6,0.33950525408140964,1.37557645733e-313,37.22995599929068,5.163655703448293e-05,8.10764013834876,5.161232618192211e-16,1.4929054054054054
sweeps_unmerged,26,grid_spline1min,3044,0.6972289920824039,0.026671166533314934,1.5371290835092042,True,48.61080900166184,3.487165591635275e-13,0.6,0.6,0.339505254240088,1.3755755037e-313,36.69117435613834,6.39935211478799e-05,8.10093974122607,5.453626033062318e-16,1.4929054054054054
sweeps_unmerged,27,grid_const,2943,0.6866792530306335,0.0261996510379664,1.541845888230117,True,42.05844785886665,3.5860620226298516e-13,0.6,0.6,0.3263746951215563,1.2302083295512878e-279,24.71827107648735,0.005905878801660048,5.7168717794535775,1.0850292529469176e-08,1.479505300353357
sweeps_unmerged,27,grid_spline2min,2943,0.679536611746198,0.026724024379852485,1.5767219188543395,True,57.16175537675561,3.5860620226298516e-13,0.6,0.6,0.32637469518378975,1.2302080201251837e-279,23.036885357447137,0.010611244157210079,5.663456439338026,1.483538445211339e-08,1.479505300353357
sweeps_unmerged,27,grid_spline1min,2943,0.6708724300316701,0.02673766594210031,1.6190344399867944,True,48.67144770871131,3.5860620226298516e-13,0.6,0.6,0.3263746951562252,1.2302081571767968e-279,24.099371472677106,0.007340952503615843,5.531712263937961,3.171198022151761e-08,1.479505300353357
sweeps_unmerged,28,grid_const,3083,0.7334718032731395,0.02529740661883794,1.3608800383484227,True,44.314936283495,3.343661917021739e-13,0.6,0.6,0.3164170440168209,6.493587048125465e-275,31.308945940863328,0.0005216036783178424,5.773777346809026,7.75138504511411e-09,1.49167200512492
sweeps_unmerged,28,grid_spline2min,3083,0.7281966225606479,0.02525932261240164,1.3881716732433969,True,49.92680955720937,3.343661917021739e-13,0.6,0.6,0.31641704391906567,6.493589645309416e-275,30.95656181171444,0.0005964955159613804,5.706308181239533,1.1545288061887752e-08,1.49167200512492
sweeps_unmerged,28,grid_spline1min,3083,0.7243942970684407,0.025359819015146844,1.4078699407861401,True,50.61822512067925,3.343661917021739e-13,0.6,0.6,0.3164170437817536,6.493593293449418e-275,30.309061058756647,0.000762377210877966,5.6014472664608155,2.1256945837403902e-08,1.49167200512492
sweeps_unmerged,29,grid_const,2947,0.7214661216626215,0.026613598625575906,1.3668050087299388,True,53.57009515277698,3.6389318839956523e-13,0.6,0.6,0.31372214063881,2.975888401596106e-258,24.917030861974677,0.0055050093366135,5.830974302890573,5.510467119498142e-09,1.4527634961439588
sweeps_unmerged,29,grid_spline2min,2947,0.717069926100188,0.026865105458654684,1.3884102167734405,True,59.75769869394966,3.6389318839956523e-13,0.6,0.6,0.3137221404610316,2.97589045133186e-258,24.65650310517348,0.006036049149233149,5.741824501244321,9.366186563488404e-09,1.4527634961439588
sweeps_unmerged,29,grid_spline1min,2947,0.7014522287701154,0.02738469746041836,1.4651618295965145,True,61.31914015556827,3.6389318839956523e-13,0.6,0.6,0.3137221406733654,2.975888003181914e-258,24.852551744832375,0.005632107207037964,5.833951531617389,5.412985119218141e-09,1.4527634961439588
sweeps_merged,0,grid_const,1940,0.6389486718299542,0.03524697222859192,1.1674603213439252,True,42.11960519475666,5.546734345348177e-13,0.6,0.6,0.028647036262656134,0.08123820172247487,7.158405202181398,0.7104106968751488,-0.8731543590860046,0.3825789481274493,1.4791666666666667
sweeps_merged,0,grid_spline2min,1940,0.6240939965313255,0.03585917066826529,1.2154563793041542,True,48.52685019930772,5.546734345348177e-13,0.6,0.6,0.027715254269262746,0.09966023370908983,8.205900575833704,0.6087326315814929,-0.8734442579451125,0.3824209765849804,1.4791666666666667
sweeps_merged,0,grid_spline1min,1940,0.6191633175559408,0.036116993394790235,1.2313885383730452,True,48.72972683404497,5.546734345348177e-13,0.6,0.6,0.028380459320746787,0.08618961078540188,8.194355503827087,0.6098590056361202,-0.8499765095860022,0.39533814633588815,1.4791666666666667
sweeps_merged,1,grid_const,2167,0.6532634629888178,0.034172043417619535,1.2545531046276628,True,44.84131929111124,4.945009133513699e-13,0.6,0.6,0.014519464714477626,0.7451389945849327,11.701991019483884,0.3054961351156071,-0.5924114578863932,0.553575095591601,1.5204731574158326
sweeps_merged,1,grid_spline2min,2167,0.6406333071496292,0.03454366907995134,1.3001055030754676,True,51.15318238848637,4.945009133513699e-13,0.6,0.6,0.015664853229141018,0.6562309709266976,11.631220084299182,0.3104953308436714,-0.6560968843442134,0.5117617889864281,1.5204731574158326
sweeps_merged,1,grid_spline1min,2167,0.6322922007050935,0.03505174368584468,1.3301885101838742,True,51.946703339908574,4.945009133513699e-13,0.6,0.6,0.016563233153425783,0.5859893820650914,12.573259641580329,0.24851917737405782,-0.6649701301845382,0.5060695981601353,1.5204731574158326
sweeps_merged,2,grid_const,1835,0.6114135607494976,0.0358139574259466,1.183905534478727,True,43.49673451239534,5.642420585836803e-13,0.6,0.6,0.0199196369112139,0.4545091499612821,23.188320507239194,0.010072398740026231,-0.6156534317245442,0.5381232783752179,1.465282505105514
sweeps_merged,2,grid_spline2min,1835,0.60193981313409,0.03646652233814296,1.2129750084790996,True,49.73561356531498,5.642420585836803e-13,0.6,0.6,0.02052810009470879,0.41630198944235053,23.90314985914969,0.007861651668770479,-0.5775737261320867,0.563551949752573,1.465282505105514
sweeps_merged,2,grid_spline1min,1835,0.5893666528773857,0.037010748269151676,1.2515751774441737,True,50.48047233649646,5.642420585836803e-13,0.6,0.6,0.020840875401656023,0.3974054962899103,22.233433509270707,0.01395857868807981,-0.7428241424177205,0.45758815689358134,1.465282505105514
sweeps_merged,3,grid_const,2189,0.6598993357726735,0.08059415410370162,1.2396676079823796,True,1032.9790364012313,0.060697427852649796,0.6,0.6,0.022948565379871416,0.19617489408736388,5.976015647841789,0.8172742625497913,-0.2714389535021788,0.7860534456396725,1.4886540254895866
sweeps_merged,3,grid_spline2min,2189,0.6155999937176087,0.05306453499964708,1.4013394525865839,True,294.6188983400897,0.007200431224004947,0.6,0.6,0.021188521701834218,0.2755111385007232,5.781606729933377,0.8332657363184836,-0.12906577066842645,0.8973056064756505,1.4886540254895866
sweeps_merged,3,grid_spline1min,2189,0.6033488285214248,0.03612664111102355,1.4460339062516978,True,54.73046811852417,4.919917088942541e-13,0.6,0.6,0.019121107292076778,0.39527932361165996,5.303966211593998,0.8699700676933733,-0.23634823592878995,0.8131624600914529,1.4886540254895866
sweeps_merged,4,grid_const,1901,0.6193811020096196,0.07706150047347021,1.2062897050653807,True,137.44138549055558,0.04198902285061499,0.6,0.6,0.015127149404508489,0.7710915640285897,14.404574706781021,0.15532449355993805,-0.46441921838830774,0.6423474235935807,1.4612926136363635
sweeps_merged,4,grid_spline2min,1901,0.5572978326618182,0.03915326195794505,1.4026728581572567,True,55.870333970600285,5.70369902173981e-13,0.6,0.6,0.013475019641781882,0.8756099840697045,15.008513431537802,0.13175178005983965,-0.3349896519335024,0.737632892255838,1.4612926136363635
sweeps_merged,4,grid_spline1min,1901,0.5399296402129059,0.03963644052990104,1.4576893979091987,True,56.62237553546359,5.70369902173981e-13,0.6,0.6,0.015076901953643584,0.7745687161661563,13.700921978667715,0.1870757124357316,-0.3047954623084827,0.7605219377480975,1.4612926136363635
sweeps_merged,5,grid_const,1886,0.5830222045884585,0.035968187490697245,1.3097927175543427,True,51.1473618808239,5.624692383834635e-13,0.6,0.6,0.014143586440055311,0.8395707754123931,8.380076047141696,0.5917643173431165,-1.2083242856592864,0.22692255053642862,1.488059199461823
sweeps_merged,5,grid_spline2min,1886,0.5632907192037514,0.03669963852464942,1.3718524316577845,True,48.85561766402377,5.624692383834635e-13,0.6,0.6,0.015200282486334982,0.7701630858424854,9.838866094004349,0.45474217054055144,-1.3134316957515366,0.18903752298530752,1.488059199461823
sweeps_merged,5,grid_spline1min,1886,0.5587891053262621,0.036890623625552094,1.386010934758324,True,49.179396798910226,5.624692383834635e-13,0.6,0.6,0.016349578525626574,0.6881123695630085,10.298944069944337,0.4146690177970598,-1.3468509466671075,0.17802824265255768,1.488059199461823
sweeps_merged,6,grid_const,1884,0.5854106597280057,0.0380257016346248,1.3002437685547659,True,46.69865841714354,5.714579170698375e-13,0.6,0.6,0.009738836768754977,0.9933422447383539,5.2951592188908325,0.8706092739683949,0.40460877999910744,0.6857651036930223,1.477832512315271
sweeps_merged,6,grid_spline2min,1884,0.571672808742051,0.03854469060846255,1.3434680247004125,True,53.49428521629484,5.714579170698375e-13,0.6,0.6,0.011070176878161642,0.9731249451511143,5.295808408539492,0.8705622051554516,0.24488980636761976,0.8065417547601417,1.477832512315271
sweeps_merged,6,grid_spline1min,1884,0.5609991788765202,0.038546812154680386,1.3770473871667988,True,53.22670687363491,5.714579170698375e-13,0.6,0.6,0.01079530484268143,0.9789481657224849,4.265084554721703,0.9345971965426844,0.02164053617187029,0.9827346979051635,1.477832512315271
sweeps_merged,7,grid_const,1731,0.5554822112865444,0.03929573377103672,1.2824074654718842,True,41.45015971588779,6.318534295666564e-13,0.6,0.6,0.017993686189787472,0.6227973731339367,5.824199481953164,0.8298105725600239,-0.20932330341979022,0.8341958612113584,1.4911764705882353
sweeps_merged,7,grid_spline2min,1731,0.5487037878903659,0.03965200724392999,1.3019749082366823,True,46.99171980446591,6.318534295666564e-13,0.6,0.6,0.017053748185412818,0.6886843910834586,5.999613722705432,0.815295696827788,-0.26048013882242416,0.7944934336096636,1.4911764705882353
sweeps_merged,7,grid_spline1min,1731,0.5400928654899481,0.0397888044451131,1.3268309936776146,True,47.33993949637057,6.318534295666564e-13,0.6,0.6,0.01681644023639614,0.7052155969449065,7.793337158588093,0.649015370329332,-0.3629941685504171,0.7166092404880802,1.4911764705882353
sweeps_merged,8,grid_const,1938,0.5583358267642041,0.038742675992502196,1.4260123655964962,True,56.92775145540142,5.660627300812959e-13,0.6,0.6,0.01301614546575991,0.8935088016259344,9.910693297218195,0.4483631611196076,-0.34790658828393756,0.7279103372734348,1.5073959408324733
sweeps_merged,8,grid_spline2min,1938,0.5492499060464895,0.03895380622704713,1.4553791534222935,True,62.444878455063325,5.660627300812959e-13,0.6,0.6,0.014486375019151287,0.8051010544336996,9.318515720307214,0.502165559274572,-0.44239164434864825,0.658205824376799,1.5073959408324733
sweeps_merged,8,grid_spline1min,1938,0.5283677327590136,0.039796582323200116,1.522872795285304,True,63.52321613541396,5.660627300812959e-13,0.6,0.6,0.013801973690148073,0.8489295508892011,9.180162808553007,0.5150952103336575,-0.41690774907907896,0.6767458853117119,1.5073959408324733
sweeps_merged,9,grid_const,2037,0.5829926353395708,0.037714323447790236,1.414691070885066,True,54.59975949296232,5.365536466172552e-13,0.6,0.6,0.016493937351749755,0.6304002129422916,8.345301824350319,0.5951476438609731,0.25282219962894203,0.8004056120518482,1.4927868852459016
sweeps_merged,9,grid_spline2min,2037,0.5759425197423745,0.03815665740696328,1.438651363886005,True,61.468163622720525,5.365536466172552e-13,0.6,0.6,0.015097354102537208,0.7359715536445383,8.677350466651236,0.5629732733104205,0.32364026577456084,0.7462103995906733,1.4927868852459016
sweeps_merged,9,grid_spline1min,2037,0.5486293367063481,0.03876964651028002,1.5314878208592053,True,62.66575494472928,5.365536466172552e-13,0.6,0.6,0.015494320700718212,0.7063029429399548,8.587304067107375,0.5716653388359478,0.3276700946577108,0.7431611171165177,1.4927868852459016
sweeps_merged,10,grid_const,2022,0.6688665578090438,0.06570625000836007,1.1166191124101181,True,139.4351806083799,0.018325432368390963,0.6,0.6,0.01486601893978351,0.7569751962007345,13.565097084794347,0.1937687269283438,0.3424153779385592,0.7320383172741387,1.4920486435921423
sweeps_merged,10,grid_spline2min,2022,0.6520881957947203,0.03545838614169949,1.1738524038670801,True,70.99368804947326,5.140974812088275e-13,0.6,0.6,0.01449433998342195,0.7835662730095143,13.960193306139868,0.1748150706199077,0.3307059894620161,0.7408665777056926,1.4920486435921423
sweeps_merged,10,grid_spline1min,2022,0.6237032625086053,0.03710318771310212,1.2694737816724049,True,73.92554237717972,5.140974812088275e-13,0.6,0.6,0.014298461638740684,0.7972377469116861,15.175214997962444,0.12580321425852026,0.4910048824664002,0.6234229942957846,1.4920486435921423
sweeps_merged,11,grid_const,2235,0.6847041010222593,0.03288554905426743,1.1718895452131919,True,45.2411182387138,4.581609023401185e-13,0.6,0.6,0.01539520330727312,0.6586747868478042,9.288232487740665,0.5049852420287155,-0.8042968904879432,0.42122553307636124,1.4613225202744853
sweeps_merged,11,grid_spline2min,2235,0.681456685174843,0.03311922736371317,1.1840162762393545,True,51.617337596177094,4.581609023401185e-13,0.6,0.6,0.014867454581638045,0.7006242406249679,9.452035663019293,0.4898068407726107,-0.7810359475915655,0.4347813523992079,1.4613225202744853
sweeps_merged,11,grid_spline1min,2235,0.6657337590882153,0.034057797490840244,1.2427246717884777,True,52.75145398980803,4.581609023401185e-13,0.6,0.6,0.016093781141783198,0.6030872797397964,8.198687823124667,0.6094363121875739,-0.73968520197344,0.4594910292720207,1.4613225202744853
sweeps_merged,12,grid_const,1916,0.5598935072221495,0.03941638928289547,1.4000614884257718,True,142.0249046660265,5.717666426937537e-13,0.6,0.6,0.015949961183033268,0.7080228135660467,4.69351986700461,0.9106889094374553,0.020732741611464763,0.9834588505996544,1.471981320880587
sweeps_merged,12,grid_spline2min,1916,0.544342767952956,0.039358198236310905,1.4500200425453647,True,56.5678488215612,5.717666426937537e-13,0.6,0.6,0.017999323137486978,0.5577976311118761,5.314425278420351,0.8692090945898336,0.06463015881637434,0.9484684716385382,1.471981320880587
sweeps_merged,12,grid_spline1min,1916,0.5364098924121274,0.03971649466000671,1.4754813378466287,True,57.07663723832219,5.717666426937537e-13,0.6,0.6,0.016955400883682248,0.6339998342087612,6.065780610130748,0.8097066797276427,0.1515027708445972,0.8795791252501801,1.471981320880587
sweeps_merged,13,grid_const,1912,0.6209387748653619,0.03669826206740394,1.2107178617471048,True,44.21840067724341,5.642222162503289e-13,0.6,0.6,0.015068461296604774,0.7721587754926922,11.69244559498769,0.3061671709590273,0.5827175774872357,0.5600834383300262,1.4841269841269842
sweeps_merged,13,grid_spline2min,1912,0.6059631835450879,0.037244644564384415,1.2583096276156822,True,51.293406359136306,5.642222162503289e-13,0.6,0.6,0.0160561803571887,0.7014791568155917,11.900858637275563,0.2917464802762569,0.35515400768872857,0.7224742181198781,1.4841269841269842
sweeps_merged,13,grid_spline1min,1912,0.5891370882876354,0.037812098650864684,1.3117845487334998,True,52.24860831533563,5.642222162503289e-13,0.6,0.6,0.016900803796924935,0.6393242914450552,12.387552744045262,0.2599558582851987,0.18849160145398408,0.8504912985907167,1.4841269841269842
sweeps_merged,14,grid_const,1819,0.6033006804092628,0.036439355382357964,1.202702776642165,True,40.74687814472259,5.892573582629228e-13,0.6,0.6,0.01607494975493373,0.7287136428985539,8.068208224654851,0.6221744448928572,-0.10046645018228302,0.9199740169197049,1.5373689550219818
sweeps_merged,14,grid_spline2min,1819,0.5952813969770325,0.036805748081968084,1.2270209111461161,True,46.220205718039615,5.892573582629228e-13,0.6,0.6,0.013781335881870804,0.8751814537704988,7.455417435060306,0.6818639364861392,-0.11782209517284016,0.9062086220705549,1.5373689550219818
sweeps_merged,14,grid_spline1min,1819,0.5793702993828549,0.037179947732338084,1.2752695528251405,True,46.60321383997578,5.892573582629228e-13,0.6,0.6,0.014076986032674932,0.8586322957729277,4.668639324412547,0.912186518896382,-0.041767087209340345,0.9666843727082074,1.5373689550219818
sweeps_merged,15,grid_const,2197,0.6257617279346477,0.03421240443246852,1.3703049475796119,True,43.176533922285,4.91593507598105e-13,0.6,0.6,0.01153625655092061,0.9284924405286389,4.337090188422859,0.930861719072088,-0.3550329328024388,0.722564919467011,1.4525455688246387
sweeps_merged,15,grid_spline2min,2197,0.6138177040319119,0.03471604532399031,1.414048650826182,True,49.500563953618276,4.91593507598105e-13,0.6,0.6,0.012736743601217654,0.8636111481764097,4.812583745991472,0.903340701746811,-0.29254318585496514,0.7698713456985907,1.4525455688246387
sweeps_merged,15,grid_spline1min,2197,0.6047992585175135,0.03517443892571005,1.4470791309280955,True,50.101451226618515,4.91593507598105e-13,0.6,0.6,0.01318894422905087,0.8343064519332367,4.08475443130377,0.9434425600902632,-0.3596146218060578,0.7191353475368589,1.4525455688246387
sweeps_merged,16,grid_const,1999,0.6991713845294859,0.06750894709077444,0.999792121862359,True,117.62404989222843,0.11702782826129386,0.6,0.6,0.011421295873784487,0.9540458518548703,5.604002942803085,0.8473642169572485,0.05023253526519669,0.9599370848797067,1.4577557755775579
sweeps_merged,16,grid_spline2min,1999,0.6732989869471577,0.06903407952853581,1.0863435676039934,True,128.42651471415596,0.08953619197513588,0.6,0.6,0.012164083039038931,0.9252789112439243,5.61439833605212,0.8465531419859786,-0.12651124612043474,0.8993272474555405,1.4577557755775579
sweeps_merged,16,grid_spline1min,1999,0.5888129916981181,0.03696706135202615,1.368970033734507,True,53.26027034127147,5.267723625694389e-13,0.6,0.6,0.012267271569565863,0.9206502927468582,5.12205561912911,0.8828767619611659,-0.13448123508980436,0.8930220485252903,1.4577557755775579
sweeps_merged,17,grid_const,2241,0.5680526959546058,0.03605335315707978,1.611565752909507,True,59.750470345127404,4.883529323189818e-13,0.6,0.6,0.013676161088420735,0.7906218409993361,13.221921238542645,0.21152730979235038,-0.23222428638347525,0.8163638154933479,1.4832384566729917
sweeps_merged,17,grid_spline2min,2241,0.5568262324215459,0.03655996007499789,1.6535338914260422,True,65.97893003850395,4.883529323189818e-13,0.6,0.6,0.016570591524842693,0.5638992620658179,13.705661604808862,0.1868455414951141,-0.2709107309182275,0.7864596914800208,1.4832384566729917
sweeps_merged,17,grid_spline1min,2241,0.5457576245285931,0.03744551011763027,1.6949100938186812,True,67.45388733409136,4.883529323189818e-13,0.6,0.6,0.015935905555471086,0.6139147683759205,14.606895598719136,0.14706447002809062,-0.19305202870428076,0.8469182213953863,1.4832384566729917
sweeps_merged,18,grid_const,2074,0.6249699562697378,0.050908975452704876,1.2958484346088135,True,252.9930264781479,0.025814769766136895,0.6,0.6,0.015614215355216232,0.686626890041457,6.527320803724238,0.7691873505547545,0.3994652566508059,0.6895504189028542,1.5213554535827745
sweeps_merged,18,grid_spline2min,2074,0.6007548154153454,0.036496291576547,1.3793850277030708,True,56.07893477835831,5.18140624039656e-13,0.6,0.6,0.01717403800870032,0.5674848491849056,6.854195678460045,0.7391343566395452,0.46062839982765813,0.6450652325216288,1.5213554535827745
sweeps_merged,18,grid_spline1min,2074,0.5853527564564198,0.037151813618110666,1.4326500156613229,True,56.955080789180855,5.18140624039656e-13,0.6,0.6,0.01499971408089018,0.7332091161218911,6.984971407144558,0.7268629791871051,0.5752648751559101,0.5651121729430306,1.5213554535827745
sweeps_merged,19,grid_const,2214,0.603262418970668,0.034719533491501725,1.464416662301952,True,43.798769318612166,4.890601235636773e-13,0.6,0.6,0.009813095269862737,0.9819781573446602,13.677463137708711,0.18821829208248483,0.10479920196550392,0.9165351433028045,1.4753793744193249
sweeps_merged,19,grid_spline2min,2214,0.5870411578988544,0.035231276012002356,1.524183753671877,True,50.25881441348922,4.890601235636773e-13,0.6,0.6,0.01002074344771059,0.9777368517101883,11.924633691439764,0.2901321667983481,-0.04845123263374396,0.9613566294809001,1.4753793744193249
sweeps_merged,19,grid_spline1min,2214,0.5800067565905845,0.03559960752513318,1.5501041962690847,True,50.89665378191028,4.890601235636773e-13,0.6,0.6,0.009541787178609248,0.9866281818641561,11.596441821236743,0.3129723946960639,-0.015922249235377987,0.9872964199285171,1.4753793744193249
sweeps_merged,20,grid_const,2209,0.6340281548044208,0.03530693992891725,1.345178241764628,True,46.08931438100426,4.87405181536638e-13,0.6,0.6,0.01206102548353516,0.9009284356899602,9.829368981128207,0.45558885271144767,0.1516907950145808,0.8794308176684775,1.4926600117439812
sweeps_merged,20,grid_spline2min,2209,0.6169009126386615,0.035885301029397576,1.4083761335740366,True,52.80553653846503,4.87405181536638e-13,0.6,0.6,0.011412701631327349,0.9326068891337191,10.229206215047089,0.42061972780706763,0.1577450312055753,0.8746577149227732,1.4926600117439812
sweeps_merged,20,grid_spline1min,2209,0.6049548529941938,0.036431925346967986,1.4524598829832085,True,53.86813103540619,4.87405181536638e-13,0.6,0.6,0.010686790518588923,0.9601366341782869,11.130320417349234,0.3474554324778369,0.09768234215768548,0.9221845374087967,1.4926600117439812
sweeps_merged,21,grid_const,2029,0.6103902894782058,0.03676986187524856,1.3164219847294985,True,47.64144956485868,5.404404364680394e-13,0.6,0.6,0.02036638935263832,0.3642979717844308,11.492411772805143,0.320461766433515,-0.2662591057616797,0.7900396654742952,1.4960629921259843
sweeps_merged,21,grid_spline2min,2029,0.6016752471432101,0.03688589401799133,1.34591682169848,True,53.983453286095106,5.404404364680394e-13,0.6,0.6,0.021308241740621764,0.3111897830391679,11.527998813833367,0.3178863144557256,-0.2635715290515637,0.7921100994619256,1.4960629921259843
sweeps_merged,21,grid_spline1min,2029,0.6016098922068149,0.036788523515954664,1.3461384157778389,True,53.83476147352475,5.404404364680394e-13,0.6,0.6,0.021163698124767122,0.31897612222950655,11.22430053930395,0.3403121138382205,-0.3466523269603371,0.7288525293628614,1.4960629921259843
sweeps_merged,22,grid_const,2062,0.6311098034255477,0.03530946874728919,1.2661888535219432,True,61.46043624239486,5.118825362866646e-13,0.6,0.6,0.015377837481030054,0.7080262119535002,5.241995252831112,0.8744372447332327,0.15572885229848088,0.8762467537743025,1.4713826366559486
sweeps_merged,22,grid_spline2min,2062,0.618748884430345,0.03557165011921979,1.308757054436688,True,68.43571731772954,5.118825362866646e-13,0.6,0.6,0.0148938996879322,0.7443033518140125,5.245670667705298,0.8741743047284342,0.14868741488072695,0.8818002923140855,1.4713826366559486
sweeps_merged,22,grid_spline1min,2062,0.5970923841986884,0.03617774257448773,1.3833171581101251,True,68.91348274412213,5.118825362866646e-13,0.6,0.6,0.01625416443275607,0.6411128926796716,5.503200679954702,0.8551346241276817,0.16518837874235756,0.8687957120283314,1.4713826366559486
sweeps_merged,23,grid_const,1896,0.5945703982110713,0.037604849573881764,1.280937112265599,True,46.307417808795,5.648420212849592e-13,0.6,0.6,0.02082246973551627,0.37842194478223024,12.893896120926104,0.22966487077872486,0.07391402074809834,0.9410787994233434,1.4814305364511693
sweeps_merged,23,grid_spline2min,1896,0.5784404975700674,0.038154740827684615,1.3318862410481096,True,52.739354929608034,5.648420212849592e-13,0.6,0.6,0.01883178672804342,0.5059632774965352,12.943794050164112,0.22683135881178362,0.004061797736593399,0.9967591632081999,1.4814305364511693
sweeps_merged,23,grid_spline1min,1896,0.5768305737965777,0.03811920738735251,1.3369710267588018,True,52.79488189120697,5.648420212849592e-13,0.6,0.6,0.018999368027574626,0.49448562896127013,12.56621343442138,0.2489461649960147,-0.027458984915817154,0.9780936527974277,1.4814305364511693
sweeps_merged,24,grid_const,1941,0.6226458837106666,0.036385333549201336,1.2228369079158679,True,50.77497267529724,5.537125702941769e-13,0.6,0.6,0.013574849499110864,0.8618995034302067,5.086794229115525,0.8853051162975955,-0.6689881424170718,0.503503041959342,1.5020477815699658
sweeps_merged,24,grid_spline2min,1941,0.6168680733926822,0.036792735336962715,1.2415000444590656,True,57.37966275263275,5.537125702941769e-13,0.6,0.6,0.014327893210048182,0.8148753894099534,5.048544196346392,0.8879116979400592,-0.5988799994063884,0.549252909704725,1.5020477815699658
sweeps_merged,24,grid_spline1min,1941,0.6075518832921546,0.0372999548805666,1.2715880580937915,True,58.28284017929412,5.537125702941769e-13,0.6,0.6,0.014859199703856046,0.7789134401773059,5.052634858620984,0.8876343154143346,-0.6484827407276383,0.5166727702886116,1.5020477815699658
sweeps_merged,25,grid_const,2044,0.652739603602096,0.03545281044763585,1.1856138788735746,True,44.958229066499875,5.136683691221611e-13,0.6,0.6,0.01949795388999076,0.4135158952953626,12.025929378927339,0.28332489240763253,0.5427568576553172,0.5872972210233527,1.4993690851735015
sweeps_merged,25,grid_spline2min,2044,0.6502286677194016,0.0356081374188344,1.1941534936491855,True,50.84225289783427,5.136683691221611e-13,0.6,0.6,0.018806579425353687,0.45938576837932654,11.426667875469096,0.3252563940529523,0.4799279268108535,0.6312786426452387,1.4993690851735015
sweeps_merged,25,grid_spline1min,2044,0.6221994031461096,0.0365151580819251,1.289483788683494,True,51.54687414524524,5.136683691221611e-13,0.6,0.6,0.015260157378366501,0.7219174046820043,10.69863260145938,0.3814742013603769,0.055433233585617095,0.9557933199592737,1.4993690851735015
sweeps_merged,26,grid_const,2009,0.63062530986629,0.03728135213576026,1.238929220710685,True,136.2112346859938,5.416269395986475e-13,0.6,0.6,0.012334435758330597,0.9161262052683781,8.602433123235993,0.5702029752710283,0.24298831483770233,0.8080144496295996,1.4929054054054054
sweeps_merged,26,grid_spline2min,2009,0.610868583014698,0.037895501232128335,1.3049816672028935,True,151.2592099337619,5.416269395986475e-13,0.6,0.6,0.012415171714910245,0.912280755465914,9.383935214143504,0.4960950640038658,0.3015043441943165,0.7630299378539335,1.4929054054054054
sweeps_merged,26,grid_spline1min,2009,0.6048686466100508,0.038201997559790576,1.3250405158027787,True,151.82508687373908,5.416269395986475e-13,0.6,0.6,0.012886328436563899,0.8880897787216645,9.08979462177034,0.5236035059330508,0.33182291604395003,0.740022979264113,1.4929054054054054
sweeps_merged,27,grid_const,1982,0.5783196315943149,0.036508599512091476,1.3950982418565514,True,44.76051625386211,5.416976023626062e-13,0.6,0.6,0.020509041029452668,0.36998245440858957,10.982845844269194,0.35885603462497634,-0.590302976101196,0.5549875444871883,1.479505300353357
sweeps_merged,27,grid_spline2min,1982,0.5679527941639969,0.03714477489063072,1.429279821039522,True,51.36817195398756,5.416976023626062e-13,0.6,0.6,0.02072938789556955,0.35707746601592116,11.794686090822266,0.29903243225393056,-0.6793604547074309,0.4969094999546009,1.479505300353357
sweeps_merged,27,grid_spline1min,1982,0.5562066605860176,0.037319940021561804,1.468009041528829,True,51.565202533784515,5.416976023626062e-13,0.6,0.6,0.020631562028386397,0.3627704701492577,10.126596711661785,0.42945766551214465,-0.7976514368527967,0.425072792817508,1.479505300353357
sweeps_merged,28,grid_const,2107,0.6560012647874589,0.03474399568881878,1.1991425491965506,True,57.606043665277966,5.003946656273637e-13,0.6,0.6,0.012377125825152324,0.8993783729368942,5.180227765725492,0.8788178736614544,-0.17137889348819615,0.8639258498059573,1.49167200512492
sweeps_merged,28,grid_spline2min,2107,0.6481619248880344,0.03479826644582618,1.2268802744746063,True,63.36082490819242,5.003946656273637e-13,0.6,0.6,0.012111410570205677,0.9129430517596083,4.913536123438092,0.896878481370242,-0.1891581802157744,0.8499688432464503,1.49167200512492
sweeps_merged,28,grid_spline1min,2107,0.6410017311397883,0.03506792868654849,1.252241509999464,True,64.29150523440323,5.003946656273637e-13,0.6,0.6,0.01212200072986025,0.9124216803257255,5.034626902632796,0.8888529273632245,-0.26144902941676984,0.7937462514176992,1.49167200512492
sweeps_merged,29,grid_const,2022,0.6187606735178048,0.03643563716042688,1.2822484455173362,True,57.426688341410056,5.364647730788715e-13,0.6,0.6,0.022606236806138047,0.24894505116021448,8.516834443392451,0.5784865658740797,-0.12258887233424128,0.9024326665671452,1.4527634961439588
sweeps_merged,29,grid_spline2min,2022,0.6093063477505433,0.036747873696935995,1.3141618780508069,True,63.574043999178485,5.364647730788715e-13,0.6,0.6,0.021661544330574545,0.29462661286665826,9.634288969295376,0.4731424439119776,-0.24310433863054953,0.8079245702837559,1.4527634961439588
sweeps_merged,29,grid_spline1min,2022,0.5871678936003057,0.037563253944911695,1.3888842456832216,True,65.23352113464313,5.364647730788715e-13,0.6,0.6,0.022310494797620484,0.26264790901824064,8.903245440554802,0.5413099616593271,-0.15469361538663862,0.8770628635868069,1.4527634961439588
